id,title,ministry,description,category,type,state,benefits,eligibility,documents_required,amount,short_benefits,interest_rate,tenure_max,collateral_required,moratorium_months,interest_subvention,lending_partners,subsidy_percentage,subsidy_max_amount,dbt_status,vendor_empanelled,gender,age_min,age_max,income_limit,caste,residence,deadline,status,application_url,tags,applications_count,created_by,created_at,updated_at
0110dca0-ea93-4a43-bbd7-16ce55555edd,PM Kisan Maandhan Yojana,Ministry of Agriculture and Farmers Welfare,"The PM Kisan Maandhan Yojana is a signature government initiative designed to revolutionize the Agriculture sector by providing targeted support to citizens across the nation. This comprehensive scheme is built on the pillars of accessibility, transparency, and impact, ensuring that the benefits reach every eligible individual at the last mile. 
 
Historically, individuals in the Agriculture domain have faced significant systemic hurdles, ranging from high costs of entry to limited resources for growth. The PM Kisan Maandhan Yojana addresses these root causes by offering a multi-faceted approach. Whether it's through direct financial transfers, subsidized services, or infrastructure support, the scheme creates a robust safety net that empowers beneficiaries to achieve their potential.
 
At its core, the PM Kisan Maandhan Yojana is about a pension scheme for small and marginal farmers to ensure old-age security. This means not just providing a one-time relief, but building a sustainable ecosystem where individuals can thrive. Supporting the backbone of our economy, this scheme targets farmers, crop yields, and rural sustainability. The scheme's Agriculture orientation ensures that it is tailored to the specific local needs of diverse demographic groups.
 
Furthermore, the implementation of PM Kisan Maandhan Yojana leverages state-of-the-art digital infrastructure, such as the Direct Benefit Transfer (DBT) mechanism and Aadhaar-linked verification, to eliminate leakages and min",Agriculture,Scheme,Central,"[""Direct financial assistance transferred directly to bank accounts."",""Subsidies on seeds, fertilizers, and agricultural equipment."",""Crop insurance coverage against natural disasters or failure.""]","[""Must own cultivable agricultural land under their name."",""Small and marginal farmers holding less than 2 hectares of land."",""Requires Aadhaar-linked land record verification.""]","[""Land Documents"",""Aadhar Card"",""Bank Account Details""]",6000,"₹6,000 Subsidy",,,,,,[],,,,,All,18,60,,"[""OBC"",""SC"",""ST""]",Rural,Ongoing,Active,,"[""agriculture"",""farmer"",""subsidy""]",0,85f6557b-2155-44a7-ac7e-bcb45a5f5bf3,2026-07-25 08:34:57.837,2026-07-25T08:53:09.507217
01d2d8e7-ab0f-4305-b9e2-84c834dc17d4,Soil Health Card Scheme,Ministry of Agriculture and Farmers Welfare,"The Soil Health Card Scheme is a signature government initiative designed to revolutionize the Agriculture sector by providing targeted support to citizens across the nation. This comprehensive scheme is built on the pillars of accessibility, transparency, and impact, ensuring that the benefits reach every eligible individual at the last mile. 
 
Historically, individuals in the Agriculture domain have faced significant systemic hurdles, ranging from high costs of entry to limited resources for growth. The Soil Health Card Scheme addresses these root causes by offering a multi-faceted approach. Whether it's through direct financial transfers, subsidized services, or infrastructure support, the scheme creates a robust safety net that empowers beneficiaries to achieve their potential.
 
At its core, the Soil Health Card Scheme is about providing farmers with soil nutrient status to optimize fertilizer usage. This means not just providing a one-time relief, but building a sustainable ecosystem where individuals can thrive. Supporting the backbone of our economy, this scheme targets farmers, crop yields, and rural sustainability. The scheme's Agriculture orientation ensures that it is tailored to the specific local needs of diverse demographic groups.
 
Furthermore, the implementation of Soil Health Card Scheme leverages state-of-the-art digital infrastructure, such as the Direct Benefit Transfer (DBT) mechanism and Aadhaar-linked verification, to eliminate leakages and minimize ",Agriculture,Scheme,Central,"[""Direct financial assistance transferred directly to bank accounts."",""Subsidies on seeds, fertilizers, and agricultural equipment."",""Crop insurance coverage against natural disasters or failure.""]","[""Must own cultivable agricultural land under their name."",""Small and marginal farmers holding less than 2 hectares of land."",""Requires Aadhaar-linked land record verification.""]","[""Land Documents"",""Aadhar Card"",""Bank Account Details""]",6000,"₹6,000 Subsidy",,,,,,[],,,,,All,18,60,,"[""General"",""OBC"",""SC"",""ST""]",Rural,Ongoing,Active,,"[""agriculture"",""farmer"",""subsidy""]",0,85f6557b-2155-44a7-ac7e-bcb45a5f5bf3,2026-07-25 08:34:57.837,2026-07-25T08:53:09.507321
052cddb2-a3c6-4dd7-9991-9973cc576d02,National Supercomputing Mission,Ministry of Electronics and IT,"The National Supercomputing Mission is a signature government initiative designed to revolutionize the Technology sector by providing targeted support to citizens across the nation. This comprehensive scheme is built on the pillars of accessibility, transparency, and impact, ensuring that the benefits reach every eligible individual at the last mile. 
 
Historically, individuals in the Technology domain have faced significant systemic hurdles, ranging from high costs of entry to limited resources for growth. The National Supercomputing Mission addresses these root causes by offering a multi-faceted approach. Whether it's through direct financial transfers, subsidized services, or infrastructure support, the scheme creates a robust safety net that empowers beneficiaries to achieve their potential.
 
At its core, the National Supercomputing Mission is about connecting national academic and R&D institutions with a supercomputing grid. This means not just providing a one-time relief, but building a sustainable ecosystem where individuals can thrive. Driving the Digital India vision, this scheme fosters high-tech R&D and digital infrastructure. The scheme's Technology orientation ensures that it is tailored to the specific local needs of diverse demographic groups.
 
Furthermore, the implementation of National Supercomputing Mission leverages state-of-the-art digital infrastructure, such as the Direct Benefit Transfer (DBT) mechanism and Aadhaar-linked verification, to eliminate l",Technology,Scheme,Central,"[""Infrastructure support, design incentives, and R&D grants""]","[""Researchers, tech startups, and electronics manufacturing units""]","[""Project Proposal"",""Company Registration"",""Technical Certifications""]",5000000,"₹50,00,000 Support",,,,,,[],,,,,All,18,60,,"[""General"",""OBC"",""ST""]",Both,Ongoing,Active,,"[""technology"",""digital"",""innovation"",""it""]",0,85f6557b-2155-44a7-ac7e-bcb45a5f5bf3,2026-07-25 08:34:57.837,2026-07-25T08:53:09.507346
06f8dad9-e706-4839-8dbe-733f67b91cb6,Sovereign Gold Bond Scheme,Ministry of Finance,"The Sovereign Gold Bond Scheme is a signature government initiative designed to revolutionize the Finance sector by providing targeted support to citizens across the nation. This comprehensive scheme is built on the pillars of accessibility, transparency, and impact, ensuring that the benefits reach every eligible individual at the last mile. 
 
Historically, individuals in the Finance domain have faced significant systemic hurdles, ranging from high costs of entry to limited resources for growth. The Sovereign Gold Bond Scheme addresses these root causes by offering a multi-faceted approach. Whether it's through direct financial transfers, subsidized services, or infrastructure support, the scheme creates a robust safety net that empowers beneficiaries to achieve their potential.
 
At its core, the Sovereign Gold Bond Scheme is about allowing investors to buy digital gold as an alternative to physical gold. This means not just providing a one-time relief, but building a sustainable ecosystem where individuals can thrive. Enhancing financial inclusion, this scheme provides savings, insurance, and long-term fiscal security. The scheme's Finance orientation ensures that it is tailored to the specific local needs of diverse demographic groups.
 
Furthermore, the implementation of Sovereign Gold Bond Scheme leverages state-of-the-art digital infrastructure, such as the Direct Benefit Transfer (DBT) mechanism and Aadhaar-linked verification, to eliminate leakages and minimize bure",Finance,Scheme,Central,"[""High interest rates, insurance cover, and financial security in old age""]","[""All Indian citizens meeting the specific age and investment criteria""]","[""Aadhar Card"",""Pancard"",""Bank Passbook""]",100000,"₹1,00,000 Support",,,,,,[],,,,,All,0,100,,"[""General"",""OBC"",""SC"",""ST""]",Both,Ongoing,Active,,"[""finance"",""savings"",""insurance"",""pension""]",0,85f6557b-2155-44a7-ac7e-bcb45a5f5bf3,2026-07-25 08:34:57.837,2026-07-25T08:53:09.507367
08cb7d54-2c87-41f5-8425-a14f225e9f6c,Kisan Vikas Patra,Ministry of Finance,"The Kisan Vikas Patra is a signature government initiative designed to revolutionize the Finance sector by providing targeted support to citizens across the nation. This comprehensive scheme is built on the pillars of accessibility, transparency, and impact, ensuring that the benefits reach every eligible individual at the last mile. 
 
Historically, individuals in the Finance domain have faced significant systemic hurdles, ranging from high costs of entry to limited resources for growth. The Kisan Vikas Patra addresses these root causes by offering a multi-faceted approach. Whether it's through direct financial transfers, subsidized services, or infrastructure support, the scheme creates a robust safety net that empowers beneficiaries to achieve their potential.
 
At its core, the Kisan Vikas Patra is about a long-term savings instrument for farmers and small investors. This means not just providing a one-time relief, but building a sustainable ecosystem where individuals can thrive. Enhancing financial inclusion, this scheme provides savings, insurance, and long-term fiscal security. The scheme's Finance orientation ensures that it is tailored to the specific local needs of diverse demographic groups.
 
Furthermore, the implementation of Kisan Vikas Patra leverages state-of-the-art digital infrastructure, such as the Direct Benefit Transfer (DBT) mechanism and Aadhaar-linked verification, to eliminate leakages and minimize bureaucratic delays. Applicants can track their sta",Finance,Scheme,Central,"[""High interest rates, insurance cover, and financial security in old age""]","[""All Indian citizens meeting the specific age and investment criteria""]","[""Aadhar Card"",""Pancard"",""Bank Passbook""]",100000,"₹1,00,000 Support",,,,,,[],,,,,All,0,100,,"[""General"",""OBC"",""SC"",""ST""]",Both,Ongoing,Active,,"[""finance"",""savings"",""insurance"",""pension""]",0,85f6557b-2155-44a7-ac7e-bcb45a5f5bf3,2026-07-25 08:34:57.837,2026-07-25T08:53:09.507383
094ded95-e516-43dd-a606-555d55cd02de,PM Shram Yogi Maandhan,Ministry of Social Justice and Empowerment,"The PM Shram Yogi Maandhan is a signature government initiative designed to revolutionize the Social Welfare sector by providing targeted support to citizens across the nation. This comprehensive scheme is built on the pillars of accessibility, transparency, and impact, ensuring that the benefits reach every eligible individual at the last mile. 
 
Historically, individuals in the Social Welfare domain have faced significant systemic hurdles, ranging from high costs of entry to limited resources for growth. The PM Shram Yogi Maandhan addresses these root causes by offering a multi-faceted approach. Whether it's through direct financial transfers, subsidized services, or infrastructure support, the scheme creates a robust safety net that empowers beneficiaries to achieve their potential.
 
At its core, the PM Shram Yogi Maandhan is about a voluntary and contributory pension scheme for unorganized workers. This means not just providing a one-time relief, but building a sustainable ecosystem where individuals can thrive. Serving the most vulnerable, this program ensures social justice, pensions, and basic safety nets. The scheme's Social Welfare orientation ensures that it is tailored to the specific local needs of diverse demographic groups.
 
Furthermore, the implementation of PM Shram Yogi Maandhan leverages state-of-the-art digital infrastructure, such as the Direct Benefit Transfer (DBT) mechanism and Aadhaar-linked verification, to eliminate leakages and minimize bureaucra",Social Welfare,Scheme,Central,"[""Direct financial support, food security, and social protection""]","[""BPL families, senior citizens, widows, and persons with disabilities""]","[""BPL Card"",""Aadhar Card"",""Disability/Death Certificate""]",2000,"₹2,000 Support",,,,,,[],,,,,All,0,100,100000,"[""General"",""OBC"",""SC"",""ST""]",Both,Ongoing,Active,,"[""social"",""welfare"",""pension"",""poor""]",0,85f6557b-2155-44a7-ac7e-bcb45a5f5bf3,2026-07-25 08:34:57.837,2026-07-25T08:53:09.507404
126623a4-2311-4832-a02e-86b10d5e126a,MSME Innovative Scheme,Ministry of MSME,"The MSME Innovative Scheme is a signature government initiative designed to revolutionize the Business sector by providing targeted support to citizens across the nation. This comprehensive scheme is built on the pillars of accessibility, transparency, and impact, ensuring that the benefits reach every eligible individual at the last mile. 
 
Historically, individuals in the Business domain have faced significant systemic hurdles, ranging from high costs of entry to limited resources for growth. The MSME Innovative Scheme addresses these root causes by offering a multi-faceted approach. Whether it's through direct financial transfers, subsidized services, or infrastructure support, the scheme creates a robust safety net that empowers beneficiaries to achieve their potential.
 
At its core, the MSME Innovative Scheme is about promoting innovation and design thinking in micro, small, and medium enterprises. This means not just providing a one-time relief, but building a sustainable ecosystem where individuals can thrive. Empowering entrepreneurs and startups, this program drives economic growth and industrial innovation. The scheme's Business orientation ensures that it is tailored to the specific local needs of diverse demographic groups.
 
Furthermore, the implementation of MSME Innovative Scheme leverages state-of-the-art digital infrastructure, such as the Direct Benefit Transfer (DBT) mechanism and Aadhaar-linked verification, to eliminate leakages and minimize bureaucrati",Business,Scheme,Central,"[""Collateral-free low-interest working capital and term loans."",""Interest subvention benefits for prompt repayment cycles."",""Capital subsidy on project establishment costs.""]","[""Artisans, micro-business owners, startups, or SC/ST/Women entrepreneurs."",""Requires a viable business project report and proof of activity."",""Age limit: 18 to 65 years at the time of application.""]","[""GST Certificate"",""Pancard"",""Project Report""]",1000000,"₹10,00,000 Support",,,,,,[],,,,,All,18,65,,"[""General"",""OBC"",""SC"",""ST""]",Both,Ongoing,Active,,"[""business"",""msme"",""entrepreneur"",""startup""]",0,85f6557b-2155-44a7-ac7e-bcb45a5f5bf3,2026-07-25 08:34:57.837,2026-07-25T08:53:09.507424
18559689-d7ef-45a1-912b-018d26c24b49,PM Employment Generation Programme,Ministry of MSME,"The PM Employment Generation Programme is a signature government initiative designed to revolutionize the Business sector by providing targeted support to citizens across the nation. This comprehensive scheme is built on the pillars of accessibility, transparency, and impact, ensuring that the benefits reach every eligible individual at the last mile. 
 
Historically, individuals in the Business domain have faced significant systemic hurdles, ranging from high costs of entry to limited resources for growth. The PM Employment Generation Programme addresses these root causes by offering a multi-faceted approach. Whether it's through direct financial transfers, subsidized services, or infrastructure support, the scheme creates a robust safety net that empowers beneficiaries to achieve their potential.
 
At its core, the PM Employment Generation Programme is about generating self-employment opportunities through micro-enterprise setup. This means not just providing a one-time relief, but building a sustainable ecosystem where individuals can thrive. Empowering entrepreneurs and startups, this program drives economic growth and industrial innovation. The scheme's Business orientation ensures that it is tailored to the specific local needs of diverse demographic groups.
 
Furthermore, the implementation of PM Employment Generation Programme leverages state-of-the-art digital infrastructure, such as the Direct Benefit Transfer (DBT) mechanism and Aadhaar-linked verification, to elim",Business,Scheme,Central,"[""Collateral-free low-interest working capital and term loans."",""Interest subvention benefits for prompt repayment cycles."",""Capital subsidy on project establishment costs.""]","[""Artisans, micro-business owners, startups, or SC/ST/Women entrepreneurs."",""Requires a viable business project report and proof of activity."",""Age limit: 18 to 65 years at the time of application.""]","[""GST Certificate"",""Pancard"",""Project Report""]",1000000,"₹10,00,000 Support",,,,,,[],,,,,All,18,65,,"[""OBC"",""ST""]",Both,Ongoing,Active,,"[""business"",""msme"",""entrepreneur"",""startup""]",0,85f6557b-2155-44a7-ac7e-bcb45a5f5bf3,2026-07-25 08:34:57.837,2026-07-25T08:53:09.507442
18ddf66e-29a8-4321-af8c-2fce5db5bce6,PM Suraksha Bima Yojana,Ministry of Finance,"The PM Suraksha Bima Yojana is a signature government initiative designed to revolutionize the Finance sector by providing targeted support to citizens across the nation. This comprehensive scheme is built on the pillars of accessibility, transparency, and impact, ensuring that the benefits reach every eligible individual at the last mile. 
 
Historically, individuals in the Finance domain have faced significant systemic hurdles, ranging from high costs of entry to limited resources for growth. The PM Suraksha Bima Yojana addresses these root causes by offering a multi-faceted approach. Whether it's through direct financial transfers, subsidized services, or infrastructure support, the scheme creates a robust safety net that empowers beneficiaries to achieve their potential.
 
At its core, the PM Suraksha Bima Yojana is about providing accidental death and disability insurance at a very low premium. This means not just providing a one-time relief, but building a sustainable ecosystem where individuals can thrive. Enhancing financial inclusion, this scheme provides savings, insurance, and long-term fiscal security. The scheme's Finance orientation ensures that it is tailored to the specific local needs of diverse demographic groups.
 
Furthermore, the implementation of PM Suraksha Bima Yojana leverages state-of-the-art digital infrastructure, such as the Direct Benefit Transfer (DBT) mechanism and Aadhaar-linked verification, to eliminate leakages and minimize bureaucratic del",Finance,Scheme,Central,"[""High interest rates, insurance cover, and financial security in old age""]","[""All Indian citizens meeting the specific age and investment criteria""]","[""Aadhar Card"",""Pancard"",""Bank Passbook""]",100000,"₹1,00,000 Support",,,,,,[],,,,,All,0,100,,"[""General"",""OBC"",""SC"",""ST""]",Both,Ongoing,Active,,"[""finance"",""savings"",""insurance"",""pension""]",0,85f6557b-2155-44a7-ac7e-bcb45a5f5bf3,2026-07-25 08:34:57.837,2026-07-25T08:53:09.507458
1ab8d94f-55c3-4898-aab2-c6228d8a7924,Bhashini Mission,Ministry of Electronics and IT,"The Bhashini Mission is a signature government initiative designed to revolutionize the Technology sector by providing targeted support to citizens across the nation. This comprehensive scheme is built on the pillars of accessibility, transparency, and impact, ensuring that the benefits reach every eligible individual at the last mile. 
 
Historically, individuals in the Technology domain have faced significant systemic hurdles, ranging from high costs of entry to limited resources for growth. The Bhashini Mission addresses these root causes by offering a multi-faceted approach. Whether it's through direct financial transfers, subsidized services, or infrastructure support, the scheme creates a robust safety net that empowers beneficiaries to achieve their potential.
 
At its core, the Bhashini Mission is about building a public digital platform for languages using AI. This means not just providing a one-time relief, but building a sustainable ecosystem where individuals can thrive. Driving the Digital India vision, this scheme fosters high-tech R&D and digital infrastructure. The scheme's Technology orientation ensures that it is tailored to the specific local needs of diverse demographic groups.
 
Furthermore, the implementation of Bhashini Mission leverages state-of-the-art digital infrastructure, such as the Direct Benefit Transfer (DBT) mechanism and Aadhaar-linked verification, to eliminate leakages and minimize bureaucratic delays. Applicants can track their status in ",Technology,Scheme,Central,"[""Infrastructure support, design incentives, and R&D grants""]","[""Researchers, tech startups, and electronics manufacturing units""]","[""Project Proposal"",""Company Registration"",""Technical Certifications""]",5000000,"₹50,00,000 Support",,,,,,[],,,,,All,18,60,,"[""General"",""OBC"",""SC"",""ST""]",Both,Ongoing,Active,,"[""technology"",""digital"",""innovation"",""it""]",0,85f6557b-2155-44a7-ac7e-bcb45a5f5bf3,2026-07-25 08:34:57.837,2026-07-25T08:53:09.507474
1bf7fa78-4382-414a-a5a2-05c68518588b,Begum Hazrat Mahal National Scholarship,Ministry of Education,"The Begum Hazrat Mahal National Scholarship is a signature government initiative designed to revolutionize the Education sector by providing targeted support to citizens across the nation. This comprehensive scheme is built on the pillars of accessibility, transparency, and impact, ensuring that the benefits reach every eligible individual at the last mile. 
 
Historically, individuals in the Education domain have faced significant systemic hurdles, ranging from high costs of entry to limited resources for growth. The Begum Hazrat Mahal National Scholarship addresses these root causes by offering a multi-faceted approach. Whether it's through direct financial transfers, subsidized services, or infrastructure support, the scheme creates a robust safety net that empowers beneficiaries to achieve their potential.
 
At its core, the Begum Hazrat Mahal National Scholarship is about specifically funding the education of minority girl students in secondary schools. This means not just providing a one-time relief, but building a sustainable ecosystem where individuals can thrive. The focus remains on academic excellence, student empowerment, and the removal of financial barriers to learning. The scheme's Education orientation ensures that it is tailored to the specific local needs of diverse demographic groups.
 
Furthermore, the implementation of Begum Hazrat Mahal National Scholarship leverages state-of-the-art digital infrastructure, such as the Direct Benefit Transfer (DBT) mecha",Education,Scheme,Central,"[""Full tuition fee waiver or academic scholarship grant."",""Monthly maintenance stipend for books, materials, and living costs."",""Additional allowances for disabled students (if applicable).""]","[""Must be an active student enrolled in a registered institution."",""Minimum academic score of 60% in the qualifying examination."",""Annual family income must be under ₹6,00,000.""]","[""Aadhar Card"",""Mark Sheets"",""Income Certificate""]",50000,"₹50,000 Scholarship/yr",,,,,,[],,,,,All,15,30,600000,"[""General"",""OBC"",""SC"",""ST""]",Both,Ongoing,Active,,"[""education"",""scholarship"",""student""]",0,85f6557b-2155-44a7-ac7e-bcb45a5f5bf3,2026-07-25 08:34:57.837,2026-07-25T08:53:09.507691
1c9de234-4eb4-4a6f-93b9-9b321d44d197,National Livestock Mission,Ministry of Agriculture and Farmers Welfare,"The National Livestock Mission is a signature government initiative designed to revolutionize the Agriculture sector by providing targeted support to citizens across the nation. This comprehensive scheme is built on the pillars of accessibility, transparency, and impact, ensuring that the benefits reach every eligible individual at the last mile. 
 
Historically, individuals in the Agriculture domain have faced significant systemic hurdles, ranging from high costs of entry to limited resources for growth. The National Livestock Mission addresses these root causes by offering a multi-faceted approach. Whether it's through direct financial transfers, subsidized services, or infrastructure support, the scheme creates a robust safety net that empowers beneficiaries to achieve their potential.
 
At its core, the National Livestock Mission is about ensuring sustainable development of the livestock sector and animal health. This means not just providing a one-time relief, but building a sustainable ecosystem where individuals can thrive. Supporting the backbone of our economy, this scheme targets farmers, crop yields, and rural sustainability. The scheme's Agriculture orientation ensures that it is tailored to the specific local needs of diverse demographic groups.
 
Furthermore, the implementation of National Livestock Mission leverages state-of-the-art digital infrastructure, such as the Direct Benefit Transfer (DBT) mechanism and Aadhaar-linked verification, to eliminate leakages",Agriculture,Scheme,Central,"[""Direct financial assistance transferred directly to bank accounts."",""Subsidies on seeds, fertilizers, and agricultural equipment."",""Crop insurance coverage against natural disasters or failure.""]","[""Must own cultivable agricultural land under their name."",""Small and marginal farmers holding less than 2 hectares of land."",""Requires Aadhaar-linked land record verification.""]","[""Land Documents"",""Aadhar Card"",""Bank Account Details""]",6000,"₹6,000 Subsidy",,,,,,[],,,,,All,18,60,,"[""General"",""OBC"",""SC"",""ST""]",Rural,Ongoing,Active,,"[""agriculture"",""farmer"",""subsidy""]",0,85f6557b-2155-44a7-ac7e-bcb45a5f5bf3,2026-07-25 08:34:57.837,2026-07-25T08:53:09.507720
1d4f4ee8-16da-4a85-84ac-a58a50678c32,Zero Defect Zero Effect (ZED) Scheme,Ministry of MSME,"The Zero Defect Zero Effect (ZED) Scheme is a signature government initiative designed to revolutionize the Business sector by providing targeted support to citizens across the nation. This comprehensive scheme is built on the pillars of accessibility, transparency, and impact, ensuring that the benefits reach every eligible individual at the last mile. 
 
Historically, individuals in the Business domain have faced significant systemic hurdles, ranging from high costs of entry to limited resources for growth. The Zero Defect Zero Effect (ZED) Scheme addresses these root causes by offering a multi-faceted approach. Whether it's through direct financial transfers, subsidized services, or infrastructure support, the scheme creates a robust safety net that empowers beneficiaries to achieve their potential.
 
At its core, the Zero Defect Zero Effect (ZED) Scheme is about encouraging MSMEs to adopt world-class manufacturing standards. This means not just providing a one-time relief, but building a sustainable ecosystem where individuals can thrive. Empowering entrepreneurs and startups, this program drives economic growth and industrial innovation. The scheme's Business orientation ensures that it is tailored to the specific local needs of diverse demographic groups.
 
Furthermore, the implementation of Zero Defect Zero Effect (ZED) Scheme leverages state-of-the-art digital infrastructure, such as the Direct Benefit Transfer (DBT) mechanism and Aadhaar-linked verification, to elimi",Business,Scheme,Central,"[""Collateral-free low-interest working capital and term loans."",""Interest subvention benefits for prompt repayment cycles."",""Capital subsidy on project establishment costs.""]","[""Artisans, micro-business owners, startups, or SC/ST/Women entrepreneurs."",""Requires a viable business project report and proof of activity."",""Age limit: 18 to 65 years at the time of application.""]","[""GST Certificate"",""Pancard"",""Project Report""]",1000000,"₹10,00,000 Support",,,,,,[],,,,,All,18,65,,"[""General""]",Both,Ongoing,Active,,"[""business"",""msme"",""entrepreneur"",""startup""]",0,85f6557b-2155-44a7-ac7e-bcb45a5f5bf3,2026-07-25 08:34:57.837,2026-07-25T08:53:09.507741
1e5f1a5d-431b-4e4b-8edb-8e9600f6d5fe,National SC-ST Hub,Ministry of MSME,"The National SC-ST Hub is a signature government initiative designed to revolutionize the Business sector by providing targeted support to citizens across the nation. This comprehensive scheme is built on the pillars of accessibility, transparency, and impact, ensuring that the benefits reach every eligible individual at the last mile. 
 
Historically, individuals in the Business domain have faced significant systemic hurdles, ranging from high costs of entry to limited resources for growth. The National SC-ST Hub addresses these root causes by offering a multi-faceted approach. Whether it's through direct financial transfers, subsidized services, or infrastructure support, the scheme creates a robust safety net that empowers beneficiaries to achieve their potential.
 
At its core, the National SC-ST Hub is about providing handholding support to SC-ST entrepreneurs for government procurement. This means not just providing a one-time relief, but building a sustainable ecosystem where individuals can thrive. Empowering entrepreneurs and startups, this program drives economic growth and industrial innovation. The scheme's Business orientation ensures that it is tailored to the specific local needs of diverse demographic groups.
 
Furthermore, the implementation of National SC-ST Hub leverages state-of-the-art digital infrastructure, such as the Direct Benefit Transfer (DBT) mechanism and Aadhaar-linked verification, to eliminate leakages and minimize bureaucratic delays. Applica",Business,Scheme,Central,"[""Collateral-free low-interest working capital and term loans."",""Interest subvention benefits for prompt repayment cycles."",""Capital subsidy on project establishment costs.""]","[""Artisans, micro-business owners, startups, or SC/ST/Women entrepreneurs."",""Requires a viable business project report and proof of activity."",""Age limit: 18 to 65 years at the time of application.""]","[""GST Certificate"",""Pancard"",""Project Report""]",1000000,"₹10,00,000 Support",,,,,,[],,,,,All,18,65,,"[""General"",""OBC"",""SC"",""ST""]",Both,Ongoing,Active,,"[""business"",""msme"",""entrepreneur"",""startup""]",0,85f6557b-2155-44a7-ac7e-bcb45a5f5bf3,2026-07-25 08:34:57.837,2026-07-25T08:53:09.507760
2284ef35-557c-4046-af30-1995d1f0b45c,Janani Suraksha Yojana,Ministry of Health and Family Welfare,"The Janani Suraksha Yojana is a signature government initiative designed to revolutionize the Healthcare sector by providing targeted support to citizens across the nation. This comprehensive scheme is built on the pillars of accessibility, transparency, and impact, ensuring that the benefits reach every eligible individual at the last mile. 
 
Historically, individuals in the Healthcare domain have faced significant systemic hurdles, ranging from high costs of entry to limited resources for growth. The Janani Suraksha Yojana addresses these root causes by offering a multi-faceted approach. Whether it's through direct financial transfers, subsidized services, or infrastructure support, the scheme creates a robust safety net that empowers beneficiaries to achieve their potential.
 
At its core, the Janani Suraksha Yojana is about encouraging institutional delivery among poor pregnant women. This means not just providing a one-time relief, but building a sustainable ecosystem where individuals can thrive. This initiative prioritizes public health outcomes, medical equity, and the strengthening of clinical infrastructure. The scheme's Healthcare orientation ensures that it is tailored to the specific local needs of diverse demographic groups.
 
Furthermore, the implementation of Janani Suraksha Yojana leverages state-of-the-art digital infrastructure, such as the Direct Benefit Transfer (DBT) mechanism and Aadhaar-linked verification, to eliminate leakages and minimize bureaucra",Healthcare,Scheme,Central,"[""Free diagnostic services and clinical treatments at empanelled centers."",""Coverage for secondary and tertiary hospitalization expenses."",""Subsidized post-hospitalization medication and follow-ups.""]","[""Targeted at below-poverty-line (BPL) and marginalized households."",""Requires registration under the State Health Insurance registry."",""Open to all age groups and demographics meeting income limits.""]","[""Aadhar Card"",""Ration Card"",""Medical Reports""]",5000,"₹5,000 Support",,,,,,[],,,,,All,0,100,250000,"[""General"",""OBC"",""SC"",""ST""]",Both,Ongoing,Active,,"[""health"",""medical"",""insurance""]",0,85f6557b-2155-44a7-ac7e-bcb45a5f5bf3,2026-07-25 08:34:57.837,2026-07-25T08:53:09.507780
22cf690c-de7b-49c5-8c98-a215d0c20ed3,MeitY Startup Hub,Ministry of Electronics and IT,"The MeitY Startup Hub is a signature government initiative designed to revolutionize the Technology sector by providing targeted support to citizens across the nation. This comprehensive scheme is built on the pillars of accessibility, transparency, and impact, ensuring that the benefits reach every eligible individual at the last mile. 
 
Historically, individuals in the Technology domain have faced significant systemic hurdles, ranging from high costs of entry to limited resources for growth. The MeitY Startup Hub addresses these root causes by offering a multi-faceted approach. Whether it's through direct financial transfers, subsidized services, or infrastructure support, the scheme creates a robust safety net that empowers beneficiaries to achieve their potential.
 
At its core, the MeitY Startup Hub is about building a holistic ecosystem for tech startups and innovation. This means not just providing a one-time relief, but building a sustainable ecosystem where individuals can thrive. Driving the Digital India vision, this scheme fosters high-tech R&D and digital infrastructure. The scheme's Technology orientation ensures that it is tailored to the specific local needs of diverse demographic groups.
 
Furthermore, the implementation of MeitY Startup Hub leverages state-of-the-art digital infrastructure, such as the Direct Benefit Transfer (DBT) mechanism and Aadhaar-linked verification, to eliminate leakages and minimize bureaucratic delays. Applicants can track their s",Technology,Scheme,Central,"[""Infrastructure support, design incentives, and R&D grants""]","[""Researchers, tech startups, and electronics manufacturing units""]","[""Project Proposal"",""Company Registration"",""Technical Certifications""]",5000000,"₹50,00,000 Support",,,,,,[],,,,,All,18,60,,"[""SC""]",Both,Ongoing,Active,,"[""technology"",""digital"",""innovation"",""it""]",0,85f6557b-2155-44a7-ac7e-bcb45a5f5bf3,2026-07-25 08:34:57.837,2026-07-25T08:53:09.507807
2494dda5-fab7-4110-a5db-dabfae9d9131,Ishan Uday Scholarship for North Eastern Region,Ministry of Education,"The Ishan Uday Scholarship for North Eastern Region is a signature government initiative designed to revolutionize the Education sector by providing targeted support to citizens across the nation. This comprehensive scheme is built on the pillars of accessibility, transparency, and impact, ensuring that the benefits reach every eligible individual at the last mile. 
 
Historically, individuals in the Education domain have faced significant systemic hurdles, ranging from high costs of entry to limited resources for growth. The Ishan Uday Scholarship for North Eastern Region addresses these root causes by offering a multi-faceted approach. Whether it's through direct financial transfers, subsidized services, or infrastructure support, the scheme creates a robust safety net that empowers beneficiaries to achieve their potential.
 
At its core, the Ishan Uday Scholarship for North Eastern Region is about improving the gross enrollment ratio in India's North East via dedicated grants. This means not just providing a one-time relief, but building a sustainable ecosystem where individuals can thrive. The focus remains on academic excellence, student empowerment, and the removal of financial barriers to learning. The scheme's Education orientation ensures that it is tailored to the specific local needs of diverse demographic groups.
 
Furthermore, the implementation of Ishan Uday Scholarship for North Eastern Region leverages state-of-the-art digital infrastructure, such as the Direc",Education,Scheme,Central,"[""Full tuition fee waiver or academic scholarship grant."",""Monthly maintenance stipend for books, materials, and living costs."",""Additional allowances for disabled students (if applicable).""]","[""Must be an active student enrolled in a registered institution."",""Minimum academic score of 60% in the qualifying examination."",""Annual family income must be under ₹6,00,000.""]","[""Aadhar Card"",""Mark Sheets"",""Income Certificate""]",50000,"₹50,000 Scholarship/yr",,,,,,[],,,,,All,15,30,600000,"[""General"",""OBC"",""SC"",""ST""]",Both,Ongoing,Active,,"[""education"",""scholarship"",""student""]",0,85f6557b-2155-44a7-ac7e-bcb45a5f5bf3,2026-07-25 08:34:57.837,2026-07-25T08:53:09.507827
2885f61b-da44-42c7-9ce3-ce09faff332e,PM Awas Yojana (Urban),Ministry of Housing and Urban Affairs,"The PM Awas Yojana (Urban) is a signature government initiative designed to revolutionize the Housing sector by providing targeted support to citizens across the nation. This comprehensive scheme is built on the pillars of accessibility, transparency, and impact, ensuring that the benefits reach every eligible individual at the last mile. 
 
Historically, individuals in the Housing domain have faced significant systemic hurdles, ranging from high costs of entry to limited resources for growth. The PM Awas Yojana (Urban) addresses these root causes by offering a multi-faceted approach. Whether it's through direct financial transfers, subsidized services, or infrastructure support, the scheme creates a robust safety net that empowers beneficiaries to achieve their potential.
 
At its core, the PM Awas Yojana (Urban) is about providing affordable housing for the urban poor with interest subsidies. This means not just providing a one-time relief, but building a sustainable ecosystem where individuals can thrive. Aimed at providing dignity through shelter, this project focuses on affordable residential development. The scheme's Housing orientation ensures that it is tailored to the specific local needs of diverse demographic groups.
 
Furthermore, the implementation of PM Awas Yojana (Urban) leverages state-of-the-art digital infrastructure, such as the Direct Benefit Transfer (DBT) mechanism and Aadhaar-linked verification, to eliminate leakages and minimize bureaucratic delays. ",Housing,Subsidy,Central,"[""Financial grant for building or renovating a pucca house."",""Interest subsidy on housing bank loans under credit-linked schemes."",""Sanitation grant for building household toilets.""]","[""Must not own any pucca house in India under any family member's name."",""Belongs to Economically Weaker Section (EWS) or Low Income Group (LIG)."",""Geographic target: Eligible rural and urban municipal areas.""]","[""Income Certificate"",""Land Registry"",""Aadhar Card""]",250000,"₹2,50,000 Subsidy",,,,,,[],,,,,All,18,70,600000,"[""General"",""OBC"",""SC"",""ST""]",Both,Ongoing,Active,,"[""housing"",""home"",""subsidy"",""construction""]",0,85f6557b-2155-44a7-ac7e-bcb45a5f5bf3,2026-07-25 08:34:57.837,2026-07-25T08:53:09.507847
2973ba36-986f-44cf-917b-5466e3724f5a,Widow Pension Scheme,Ministry of Social Justice and Empowerment,"The Widow Pension Scheme is a signature government initiative designed to revolutionize the Social Welfare sector by providing targeted support to citizens across the nation. This comprehensive scheme is built on the pillars of accessibility, transparency, and impact, ensuring that the benefits reach every eligible individual at the last mile. 
 
Historically, individuals in the Social Welfare domain have faced significant systemic hurdles, ranging from high costs of entry to limited resources for growth. The Widow Pension Scheme addresses these root causes by offering a multi-faceted approach. Whether it's through direct financial transfers, subsidized services, or infrastructure support, the scheme creates a robust safety net that empowers beneficiaries to achieve their potential.
 
At its core, the Widow Pension Scheme is about providing financial assistance to widows for a dignified living. This means not just providing a one-time relief, but building a sustainable ecosystem where individuals can thrive. Serving the most vulnerable, this program ensures social justice, pensions, and basic safety nets. The scheme's Social Welfare orientation ensures that it is tailored to the specific local needs of diverse demographic groups.
 
Furthermore, the implementation of Widow Pension Scheme leverages state-of-the-art digital infrastructure, such as the Direct Benefit Transfer (DBT) mechanism and Aadhaar-linked verification, to eliminate leakages and minimize bureaucratic delays. ",Social Welfare,Scheme,Central,"[""Direct financial support, food security, and social protection""]","[""BPL families, senior citizens, widows, and persons with disabilities""]","[""BPL Card"",""Aadhar Card"",""Disability/Death Certificate""]",2000,"₹2,000 Support",,,,,,[],,,,,All,0,100,100000,"[""General"",""OBC"",""ST""]",Both,Ongoing,Active,,"[""social"",""welfare"",""pension"",""poor""]",0,85f6557b-2155-44a7-ac7e-bcb45a5f5bf3,2026-07-25 08:34:57.837,2026-07-25T08:53:09.507864
2a864a9a-2666-496b-9058-abeed070c648,AICTE Pragati Scholarship for Girls,Ministry of Education,"The AICTE Pragati Scholarship for Girls is a signature government initiative designed to revolutionize the Education sector by providing targeted support to citizens across the nation. This comprehensive scheme is built on the pillars of accessibility, transparency, and impact, ensuring that the benefits reach every eligible individual at the last mile. 
 
Historically, individuals in the Education domain have faced significant systemic hurdles, ranging from high costs of entry to limited resources for growth. The AICTE Pragati Scholarship for Girls addresses these root causes by offering a multi-faceted approach. Whether it's through direct financial transfers, subsidized services, or infrastructure support, the scheme creates a robust safety net that empowers beneficiaries to achieve their potential.
 
At its core, the AICTE Pragati Scholarship for Girls is about empowering women in technical education through annual financial rewards. This means not just providing a one-time relief, but building a sustainable ecosystem where individuals can thrive. The focus remains on academic excellence, student empowerment, and the removal of financial barriers to learning. The scheme's Education orientation ensures that it is tailored to the specific local needs of diverse demographic groups.
 
Furthermore, the implementation of AICTE Pragati Scholarship for Girls leverages state-of-the-art digital infrastructure, such as the Direct Benefit Transfer (DBT) mechanism and Aadhaar-linked v",Education,Scheme,Central,"[""Full tuition fee waiver or academic scholarship grant."",""Monthly maintenance stipend for books, materials, and living costs."",""Additional allowances for disabled students (if applicable).""]","[""Must be an active student enrolled in a registered institution."",""Minimum academic score of 60% in the qualifying examination."",""Annual family income must be under ₹6,00,000.""]","[""Aadhar Card"",""Mark Sheets"",""Income Certificate""]",50000,"₹50,000 Scholarship/yr",,,,,,[],,,,,All,15,30,600000,"[""General"",""OBC"",""SC"",""ST""]",Both,Ongoing,Active,,"[""education"",""scholarship"",""student""]",0,85f6557b-2155-44a7-ac7e-bcb45a5f5bf3,2026-07-25 08:34:57.837,2026-07-25T08:53:09.507881
33b3dbae-1e2e-4049-a7cb-16173758d24e,DDA Housing Scheme,Ministry of Housing and Urban Affairs,"The DDA Housing Scheme is a signature government initiative designed to revolutionize the Housing sector by providing targeted support to citizens across the nation. This comprehensive scheme is built on the pillars of accessibility, transparency, and impact, ensuring that the benefits reach every eligible individual at the last mile. 
 
Historically, individuals in the Housing domain have faced significant systemic hurdles, ranging from high costs of entry to limited resources for growth. The DDA Housing Scheme addresses these root causes by offering a multi-faceted approach. Whether it's through direct financial transfers, subsidized services, or infrastructure support, the scheme creates a robust safety net that empowers beneficiaries to achieve their potential.
 
At its core, the DDA Housing Scheme is about offering residential apartments at subsidized rates in Delhi. This means not just providing a one-time relief, but building a sustainable ecosystem where individuals can thrive. Aimed at providing dignity through shelter, this project focuses on affordable residential development. The scheme's Housing orientation ensures that it is tailored to the specific local needs of diverse demographic groups.
 
Furthermore, the implementation of DDA Housing Scheme leverages state-of-the-art digital infrastructure, such as the Direct Benefit Transfer (DBT) mechanism and Aadhaar-linked verification, to eliminate leakages and minimize bureaucratic delays. Applicants can track their ",Housing,Subsidy,Central,"[""Financial grant for building or renovating a pucca house."",""Interest subsidy on housing bank loans under credit-linked schemes."",""Sanitation grant for building household toilets.""]","[""Must not own any pucca house in India under any family member's name."",""Belongs to Economically Weaker Section (EWS) or Low Income Group (LIG)."",""Geographic target: Eligible rural and urban municipal areas.""]","[""Income Certificate"",""Land Registry"",""Aadhar Card""]",250000,"₹2,50,000 Subsidy",,,,,,[],,,,,All,18,70,600000,"[""OBC"",""SC""]",Both,Ongoing,Active,,"[""housing"",""home"",""subsidy"",""construction""]",0,85f6557b-2155-44a7-ac7e-bcb45a5f5bf3,2026-07-25 08:34:57.837,2026-07-25T08:53:09.507901
33f141fe-c96a-4cbb-a6d6-967bac38d21e,PM Atmanirbhar Swasth Bharat Yojana,Ministry of Health and Family Welfare,"The PM Atmanirbhar Swasth Bharat Yojana is a signature government initiative designed to revolutionize the Healthcare sector by providing targeted support to citizens across the nation. This comprehensive scheme is built on the pillars of accessibility, transparency, and impact, ensuring that the benefits reach every eligible individual at the last mile. 
 
Historically, individuals in the Healthcare domain have faced significant systemic hurdles, ranging from high costs of entry to limited resources for growth. The PM Atmanirbhar Swasth Bharat Yojana addresses these root causes by offering a multi-faceted approach. Whether it's through direct financial transfers, subsidized services, or infrastructure support, the scheme creates a robust safety net that empowers beneficiaries to achieve their potential.
 
At its core, the PM Atmanirbhar Swasth Bharat Yojana is about developing capacities of primary, secondary, and tertiary health systems. This means not just providing a one-time relief, but building a sustainable ecosystem where individuals can thrive. This initiative prioritizes public health outcomes, medical equity, and the strengthening of clinical infrastructure. The scheme's Healthcare orientation ensures that it is tailored to the specific local needs of diverse demographic groups.
 
Furthermore, the implementation of PM Atmanirbhar Swasth Bharat Yojana leverages state-of-the-art digital infrastructure, such as the Direct Benefit Transfer (DBT) mechanism and Aadhaar-l",Healthcare,Scheme,Central,"[""Free diagnostic services and clinical treatments at empanelled centers."",""Coverage for secondary and tertiary hospitalization expenses."",""Subsidized post-hospitalization medication and follow-ups.""]","[""Targeted at below-poverty-line (BPL) and marginalized households."",""Requires registration under the State Health Insurance registry."",""Open to all age groups and demographics meeting income limits.""]","[""Aadhar Card"",""Ration Card"",""Medical Reports""]",5000,"₹5,000 Support",,,,,,[],,,,,All,0,100,250000,"[""General"",""OBC"",""SC"",""ST""]",Both,Ongoing,Active,,"[""health"",""medical"",""insurance""]",0,85f6557b-2155-44a7-ac7e-bcb45a5f5bf3,2026-07-25 08:34:57.837,2026-07-25T08:53:09.507918
342d2c68-90fa-44c6-ab1e-3c6c3dd7b3d2,National Overseas Scholarship for SC Candidates,Ministry of Education,"The National Overseas Scholarship for SC Candidates is a signature government initiative designed to revolutionize the Education sector by providing targeted support to citizens across the nation. This comprehensive scheme is built on the pillars of accessibility, transparency, and impact, ensuring that the benefits reach every eligible individual at the last mile. 
 
Historically, individuals in the Education domain have faced significant systemic hurdles, ranging from high costs of entry to limited resources for growth. The National Overseas Scholarship for SC Candidates addresses these root causes by offering a multi-faceted approach. Whether it's through direct financial transfers, subsidized services, or infrastructure support, the scheme creates a robust safety net that empowers beneficiaries to achieve their potential.
 
At its core, the National Overseas Scholarship for SC Candidates is about fully funding masters and PhD studies in top foreign universities for SC students. This means not just providing a one-time relief, but building a sustainable ecosystem where individuals can thrive. The focus remains on academic excellence, student empowerment, and the removal of financial barriers to learning. The scheme's Education orientation ensures that it is tailored to the specific local needs of diverse demographic groups.
 
Furthermore, the implementation of National Overseas Scholarship for SC Candidates leverages state-of-the-art digital infrastructure, such as the Dir",Education,Scheme,Central,"[""Full tuition fee waiver or academic scholarship grant."",""Monthly maintenance stipend for books, materials, and living costs."",""Additional allowances for disabled students (if applicable).""]","[""Must be an active student enrolled in a registered institution."",""Minimum academic score of 60% in the qualifying examination."",""Annual family income must be under ₹6,00,000.""]","[""Aadhar Card"",""Mark Sheets"",""Income Certificate""]",50000,"₹50,000 Scholarship/yr",,,,,,[],,,,,All,15,30,600000,"[""General"",""OBC"",""SC"",""ST""]",Both,Ongoing,Active,,"[""education"",""scholarship"",""student""]",0,85f6557b-2155-44a7-ac7e-bcb45a5f5bf3,2026-07-25 08:34:57.837,2026-07-25T08:53:09.507937
3503f416-f19d-4d4a-9063-28484b8bd45d,National Mission for Sustainable Agriculture,Ministry of Agriculture and Farmers Welfare,"The National Mission for Sustainable Agriculture is a signature government initiative designed to revolutionize the Agriculture sector by providing targeted support to citizens across the nation. This comprehensive scheme is built on the pillars of accessibility, transparency, and impact, ensuring that the benefits reach every eligible individual at the last mile. 
 
Historically, individuals in the Agriculture domain have faced significant systemic hurdles, ranging from high costs of entry to limited resources for growth. The National Mission for Sustainable Agriculture addresses these root causes by offering a multi-faceted approach. Whether it's through direct financial transfers, subsidized services, or infrastructure support, the scheme creates a robust safety net that empowers beneficiaries to achieve their potential.
 
At its core, the National Mission for Sustainable Agriculture is about promoting climate-resilient practices and resource conservation. This means not just providing a one-time relief, but building a sustainable ecosystem where individuals can thrive. Supporting the backbone of our economy, this scheme targets farmers, crop yields, and rural sustainability. The scheme's Agriculture orientation ensures that it is tailored to the specific local needs of diverse demographic groups.
 
Furthermore, the implementation of National Mission for Sustainable Agriculture leverages state-of-the-art digital infrastructure, such as the Direct Benefit Transfer (DBT) mec",Agriculture,Scheme,Central,"[""Direct financial assistance transferred directly to bank accounts."",""Subsidies on seeds, fertilizers, and agricultural equipment."",""Crop insurance coverage against natural disasters or failure.""]","[""Must own cultivable agricultural land under their name."",""Small and marginal farmers holding less than 2 hectares of land."",""Requires Aadhaar-linked land record verification.""]","[""Land Documents"",""Aadhar Card"",""Bank Account Details""]",6000,"₹6,000 Subsidy",,,,,,[],,,,,All,18,60,,"[""ST""]",Rural,Ongoing,Active,,"[""agriculture"",""farmer"",""subsidy""]",0,85f6557b-2155-44a7-ac7e-bcb45a5f5bf3,2026-07-25 08:34:57.837,2026-07-25T08:53:09.507953
38551608-d0e2-4904-ad71-55a3ccadd9c6,PM Fasal Bima Yojana,Ministry of Agriculture and Farmers Welfare,"The PM Fasal Bima Yojana is a signature government initiative designed to revolutionize the Agriculture sector by providing targeted support to citizens across the nation. This comprehensive scheme is built on the pillars of accessibility, transparency, and impact, ensuring that the benefits reach every eligible individual at the last mile. 
 
Historically, individuals in the Agriculture domain have faced significant systemic hurdles, ranging from high costs of entry to limited resources for growth. The PM Fasal Bima Yojana addresses these root causes by offering a multi-faceted approach. Whether it's through direct financial transfers, subsidized services, or infrastructure support, the scheme creates a robust safety net that empowers beneficiaries to achieve their potential.
 
At its core, the PM Fasal Bima Yojana is about providing comprehensive crop insurance against non-preventable natural risks. This means not just providing a one-time relief, but building a sustainable ecosystem where individuals can thrive. Supporting the backbone of our economy, this scheme targets farmers, crop yields, and rural sustainability. The scheme's Agriculture orientation ensures that it is tailored to the specific local needs of diverse demographic groups.
 
Furthermore, the implementation of PM Fasal Bima Yojana leverages state-of-the-art digital infrastructure, such as the Direct Benefit Transfer (DBT) mechanism and Aadhaar-linked verification, to eliminate leakages and minimize bureaucr",Agriculture,Scheme,Central,"[""Direct financial assistance transferred directly to bank accounts."",""Subsidies on seeds, fertilizers, and agricultural equipment."",""Crop insurance coverage against natural disasters or failure.""]","[""Must own cultivable agricultural land under their name."",""Small and marginal farmers holding less than 2 hectares of land."",""Requires Aadhaar-linked land record verification.""]","[""Land Documents"",""Aadhar Card"",""Bank Account Details""]",6000,"₹6,000 Subsidy",,,,,,[],,,,,All,18,60,,"[""General"",""OBC"",""SC"",""ST""]",Rural,Ongoing,Active,,"[""agriculture"",""farmer"",""subsidy""]",0,85f6557b-2155-44a7-ac7e-bcb45a5f5bf3,2026-07-25 08:34:57.837,2026-07-25T08:53:09.507972
3a78523d-a1d4-417a-b4e6-140b83d0473f,Digital India Internship Scheme,Ministry of Education,"The Digital India Internship Scheme is a signature government initiative designed to revolutionize the Education sector by providing targeted support to citizens across the nation. This comprehensive scheme is built on the pillars of accessibility, transparency, and impact, ensuring that the benefits reach every eligible individual at the last mile. 
 
Historically, individuals in the Education domain have faced significant systemic hurdles, ranging from high costs of entry to limited resources for growth. The Digital India Internship Scheme addresses these root causes by offering a multi-faceted approach. Whether it's through direct financial transfers, subsidized services, or infrastructure support, the scheme creates a robust safety net that empowers beneficiaries to achieve their potential.
 
At its core, the Digital India Internship Scheme is about offering tech students exposure to government policy making via internships. This means not just providing a one-time relief, but building a sustainable ecosystem where individuals can thrive. The focus remains on academic excellence, student empowerment, and the removal of financial barriers to learning. The scheme's Education orientation ensures that it is tailored to the specific local needs of diverse demographic groups.
 
Furthermore, the implementation of Digital India Internship Scheme leverages state-of-the-art digital infrastructure, such as the Direct Benefit Transfer (DBT) mechanism and Aadhaar-linked verification, ",Education,Scheme,Central,"[""Full tuition fee waiver or academic scholarship grant."",""Monthly maintenance stipend for books, materials, and living costs."",""Additional allowances for disabled students (if applicable).""]","[""Must be an active student enrolled in a registered institution."",""Minimum academic score of 60% in the qualifying examination."",""Annual family income must be under ₹6,00,000.""]","[""Aadhar Card"",""Mark Sheets"",""Income Certificate""]",50000,"₹50,000 Scholarship/yr",,,,,,[],,,,,All,15,30,600000,"[""General"",""OBC"",""SC"",""ST""]",Both,Ongoing,Active,,"[""education"",""scholarship"",""student""]",0,85f6557b-2155-44a7-ac7e-bcb45a5f5bf3,2026-07-25 08:34:57.837,2026-07-25T08:53:09.507991
3c3bc0c2-84af-4251-ac3e-05d7006ba1bf,National Mental Health Programme,Ministry of Health and Family Welfare,"The National Mental Health Programme is a signature government initiative designed to revolutionize the Healthcare sector by providing targeted support to citizens across the nation. This comprehensive scheme is built on the pillars of accessibility, transparency, and impact, ensuring that the benefits reach every eligible individual at the last mile. 
 
Historically, individuals in the Healthcare domain have faced significant systemic hurdles, ranging from high costs of entry to limited resources for growth. The National Mental Health Programme addresses these root causes by offering a multi-faceted approach. Whether it's through direct financial transfers, subsidized services, or infrastructure support, the scheme creates a robust safety net that empowers beneficiaries to achieve their potential.
 
At its core, the National Mental Health Programme is about increasing awareness and access to mental health services across districts. This means not just providing a one-time relief, but building a sustainable ecosystem where individuals can thrive. This initiative prioritizes public health outcomes, medical equity, and the strengthening of clinical infrastructure. The scheme's Healthcare orientation ensures that it is tailored to the specific local needs of diverse demographic groups.
 
Furthermore, the implementation of National Mental Health Programme leverages state-of-the-art digital infrastructure, such as the Direct Benefit Transfer (DBT) mechanism and Aadhaar-linked veri",Healthcare,Scheme,Central,"[""Free diagnostic services and clinical treatments at empanelled centers."",""Coverage for secondary and tertiary hospitalization expenses."",""Subsidized post-hospitalization medication and follow-ups.""]","[""Targeted at below-poverty-line (BPL) and marginalized households."",""Requires registration under the State Health Insurance registry."",""Open to all age groups and demographics meeting income limits.""]","[""Aadhar Card"",""Ration Card"",""Medical Reports""]",5000,"₹5,000 Support",,,,,,[],,,,,All,0,100,250000,"[""OBC"",""SC"",""ST""]",Both,Ongoing,Active,,"[""health"",""medical"",""insurance""]",0,85f6557b-2155-44a7-ac7e-bcb45a5f5bf3,2026-07-25 08:34:57.837,2026-07-25T08:53:09.508009
3cbaf638-fd09-45af-92ec-fa8018448d49,PM Annadata Aay Sanraksan Abhiyan,Ministry of Agriculture and Farmers Welfare,"The PM Annadata Aay Sanraksan Abhiyan is a signature government initiative designed to revolutionize the Agriculture sector by providing targeted support to citizens across the nation. This comprehensive scheme is built on the pillars of accessibility, transparency, and impact, ensuring that the benefits reach every eligible individual at the last mile. 
 
Historically, individuals in the Agriculture domain have faced significant systemic hurdles, ranging from high costs of entry to limited resources for growth. The PM Annadata Aay Sanraksan Abhiyan addresses these root causes by offering a multi-faceted approach. Whether it's through direct financial transfers, subsidized services, or infrastructure support, the scheme creates a robust safety net that empowers beneficiaries to achieve their potential.
 
At its core, the PM Annadata Aay Sanraksan Abhiyan is about ensuring remunerative prices to farmers for their produce. This means not just providing a one-time relief, but building a sustainable ecosystem where individuals can thrive. Supporting the backbone of our economy, this scheme targets farmers, crop yields, and rural sustainability. The scheme's Agriculture orientation ensures that it is tailored to the specific local needs of diverse demographic groups.
 
Furthermore, the implementation of PM Annadata Aay Sanraksan Abhiyan leverages state-of-the-art digital infrastructure, such as the Direct Benefit Transfer (DBT) mechanism and Aadhaar-linked verification, to elimina",Agriculture,Scheme,Central,"[""Direct financial assistance transferred directly to bank accounts."",""Subsidies on seeds, fertilizers, and agricultural equipment."",""Crop insurance coverage against natural disasters or failure.""]","[""Must own cultivable agricultural land under their name."",""Small and marginal farmers holding less than 2 hectares of land."",""Requires Aadhaar-linked land record verification.""]","[""Land Documents"",""Aadhar Card"",""Bank Account Details""]",6000,"₹6,000 Subsidy",,,,,,[],,,,,All,18,60,,"[""ST""]",Rural,Ongoing,Active,,"[""agriculture"",""farmer"",""subsidy""]",0,85f6557b-2155-44a7-ac7e-bcb45a5f5bf3,2026-07-25 08:34:57.837,2026-07-25T08:53:09.508027
3cd671be-ebd6-435f-aadd-ba5ce0f723e7,National Vector Borne Disease Control,Ministry of Health and Family Welfare,"The National Vector Borne Disease Control is a signature government initiative designed to revolutionize the Healthcare sector by providing targeted support to citizens across the nation. This comprehensive scheme is built on the pillars of accessibility, transparency, and impact, ensuring that the benefits reach every eligible individual at the last mile. 
 
Historically, individuals in the Healthcare domain have faced significant systemic hurdles, ranging from high costs of entry to limited resources for growth. The National Vector Borne Disease Control addresses these root causes by offering a multi-faceted approach. Whether it's through direct financial transfers, subsidized services, or infrastructure support, the scheme creates a robust safety net that empowers beneficiaries to achieve their potential.
 
At its core, the National Vector Borne Disease Control is about controlling malaria, dengue, and other vector-borne diseases. This means not just providing a one-time relief, but building a sustainable ecosystem where individuals can thrive. This initiative prioritizes public health outcomes, medical equity, and the strengthening of clinical infrastructure. The scheme's Healthcare orientation ensures that it is tailored to the specific local needs of diverse demographic groups.
 
Furthermore, the implementation of National Vector Borne Disease Control leverages state-of-the-art digital infrastructure, such as the Direct Benefit Transfer (DBT) mechanism and Aadhaar-linke",Healthcare,Scheme,Central,"[""Free diagnostic services and clinical treatments at empanelled centers."",""Coverage for secondary and tertiary hospitalization expenses."",""Subsidized post-hospitalization medication and follow-ups.""]","[""Targeted at below-poverty-line (BPL) and marginalized households."",""Requires registration under the State Health Insurance registry."",""Open to all age groups and demographics meeting income limits.""]","[""Aadhar Card"",""Ration Card"",""Medical Reports""]",5000,"₹5,000 Support",,,,,,[],,,,,All,0,100,250000,"[""General"",""OBC"",""SC"",""ST""]",Both,Ongoing,Active,,"[""health"",""medical"",""insurance""]",0,85f6557b-2155-44a7-ac7e-bcb45a5f5bf3,2026-07-25 08:34:57.837,2026-07-25T08:53:09.508051
3e06b0c0-552c-4f4f-953b-5dd6af26b2b8,Modified Electronics Manufacturing Clusters,Ministry of Electronics and IT,"The Modified Electronics Manufacturing Clusters is a signature government initiative designed to revolutionize the Technology sector by providing targeted support to citizens across the nation. This comprehensive scheme is built on the pillars of accessibility, transparency, and impact, ensuring that the benefits reach every eligible individual at the last mile. 
 
Historically, individuals in the Technology domain have faced significant systemic hurdles, ranging from high costs of entry to limited resources for growth. The Modified Electronics Manufacturing Clusters addresses these root causes by offering a multi-faceted approach. Whether it's through direct financial transfers, subsidized services, or infrastructure support, the scheme creates a robust safety net that empowers beneficiaries to achieve their potential.
 
At its core, the Modified Electronics Manufacturing Clusters is about providing world-class infrastructure for electronics manufacturing. This means not just providing a one-time relief, but building a sustainable ecosystem where individuals can thrive. Driving the Digital India vision, this scheme fosters high-tech R&D and digital infrastructure. The scheme's Technology orientation ensures that it is tailored to the specific local needs of diverse demographic groups.
 
Furthermore, the implementation of Modified Electronics Manufacturing Clusters leverages state-of-the-art digital infrastructure, such as the Direct Benefit Transfer (DBT) mechanism and Aadha",Technology,Scheme,Central,"[""Infrastructure support, design incentives, and R&D grants""]","[""Researchers, tech startups, and electronics manufacturing units""]","[""Project Proposal"",""Company Registration"",""Technical Certifications""]",5000000,"₹50,00,000 Support",,,,,,[],,,,,All,18,60,,"[""General"",""OBC"",""SC"",""ST""]",Both,Ongoing,Active,,"[""technology"",""digital"",""innovation"",""it""]",0,85f6557b-2155-44a7-ac7e-bcb45a5f5bf3,2026-07-25 08:34:57.837,2026-07-25T08:53:09.508068
3ef4aafd-82e9-4fa3-8de8-4b1a40522a02,Sukanya Samriddhi Yojana,Ministry of Finance,"The Sukanya Samriddhi Yojana is a signature government initiative designed to revolutionize the Finance sector by providing targeted support to citizens across the nation. This comprehensive scheme is built on the pillars of accessibility, transparency, and impact, ensuring that the benefits reach every eligible individual at the last mile. 
 
Historically, individuals in the Finance domain have faced significant systemic hurdles, ranging from high costs of entry to limited resources for growth. The Sukanya Samriddhi Yojana addresses these root causes by offering a multi-faceted approach. Whether it's through direct financial transfers, subsidized services, or infrastructure support, the scheme creates a robust safety net that empowers beneficiaries to achieve their potential.
 
At its core, the Sukanya Samriddhi Yojana is about a small deposit scheme for the girl child as part of 'Beti Bachao Beti Padhao'. This means not just providing a one-time relief, but building a sustainable ecosystem where individuals can thrive. Enhancing financial inclusion, this scheme provides savings, insurance, and long-term fiscal security. The scheme's Finance orientation ensures that it is tailored to the specific local needs of diverse demographic groups.
 
Furthermore, the implementation of Sukanya Samriddhi Yojana leverages state-of-the-art digital infrastructure, such as the Direct Benefit Transfer (DBT) mechanism and Aadhaar-linked verification, to eliminate leakages and minimize bureauc",Finance,Scheme,Central,"[""High interest rates, insurance cover, and financial security in old age""]","[""All Indian citizens meeting the specific age and investment criteria""]","[""Aadhar Card"",""Pancard"",""Bank Passbook""]",100000,"₹1,00,000 Support",,,,,,[],,,,,All,0,100,,"[""General"",""OBC"",""SC"",""ST""]",Both,Ongoing,Active,,"[""finance"",""savings"",""insurance"",""pension""]",0,85f6557b-2155-44a7-ac7e-bcb45a5f5bf3,2026-07-25 08:34:57.837,2026-07-25T08:53:09.508085
3f7b4c8d-b1e7-4a58-a5c7-030708ea9fc4,PM Awas Yojana (Gramin),Ministry of Housing and Urban Affairs,"The PM Awas Yojana (Gramin) is a signature government initiative designed to revolutionize the Housing sector by providing targeted support to citizens across the nation. This comprehensive scheme is built on the pillars of accessibility, transparency, and impact, ensuring that the benefits reach every eligible individual at the last mile. 
 
Historically, individuals in the Housing domain have faced significant systemic hurdles, ranging from high costs of entry to limited resources for growth. The PM Awas Yojana (Gramin) addresses these root causes by offering a multi-faceted approach. Whether it's through direct financial transfers, subsidized services, or infrastructure support, the scheme creates a robust safety net that empowers beneficiaries to achieve their potential.
 
At its core, the PM Awas Yojana (Gramin) is about granting financial assistance to rural BPL families for constructing pucca houses. This means not just providing a one-time relief, but building a sustainable ecosystem where individuals can thrive. Aimed at providing dignity through shelter, this project focuses on affordable residential development. The scheme's Housing orientation ensures that it is tailored to the specific local needs of diverse demographic groups.
 
Furthermore, the implementation of PM Awas Yojana (Gramin) leverages state-of-the-art digital infrastructure, such as the Direct Benefit Transfer (DBT) mechanism and Aadhaar-linked verification, to eliminate leakages and minimize bureauc",Housing,Subsidy,Central,"[""Financial grant for building or renovating a pucca house."",""Interest subsidy on housing bank loans under credit-linked schemes."",""Sanitation grant for building household toilets.""]","[""Must not own any pucca house in India under any family member's name."",""Belongs to Economically Weaker Section (EWS) or Low Income Group (LIG)."",""Geographic target: Eligible rural and urban municipal areas.""]","[""Income Certificate"",""Land Registry"",""Aadhar Card""]",250000,"₹2,50,000 Subsidy",,,,,,[],,,,,All,18,70,600000,"[""General"",""OBC"",""SC"",""ST""]",Both,Ongoing,Active,,"[""housing"",""home"",""subsidy"",""construction""]",0,85f6557b-2155-44a7-ac7e-bcb45a5f5bf3,2026-07-25 08:34:57.837,2026-07-25T08:53:09.508103
44cc7c08-7a38-4434-af3e-4fc22cefbd5a,National Food Security Mission,Ministry of Agriculture and Farmers Welfare,"The National Food Security Mission is a signature government initiative designed to revolutionize the Agriculture sector by providing targeted support to citizens across the nation. This comprehensive scheme is built on the pillars of accessibility, transparency, and impact, ensuring that the benefits reach every eligible individual at the last mile. 
 
Historically, individuals in the Agriculture domain have faced significant systemic hurdles, ranging from high costs of entry to limited resources for growth. The National Food Security Mission addresses these root causes by offering a multi-faceted approach. Whether it's through direct financial transfers, subsidized services, or infrastructure support, the scheme creates a robust safety net that empowers beneficiaries to achieve their potential.
 
At its core, the National Food Security Mission is about increasing production of rice, wheat, and pulses through area expansion. This means not just providing a one-time relief, but building a sustainable ecosystem where individuals can thrive. Supporting the backbone of our economy, this scheme targets farmers, crop yields, and rural sustainability. The scheme's Agriculture orientation ensures that it is tailored to the specific local needs of diverse demographic groups.
 
Furthermore, the implementation of National Food Security Mission leverages state-of-the-art digital infrastructure, such as the Direct Benefit Transfer (DBT) mechanism and Aadhaar-linked verification, to elimi",Agriculture,Scheme,Central,"[""Direct financial assistance transferred directly to bank accounts."",""Subsidies on seeds, fertilizers, and agricultural equipment."",""Crop insurance coverage against natural disasters or failure.""]","[""Must own cultivable agricultural land under their name."",""Small and marginal farmers holding less than 2 hectares of land."",""Requires Aadhaar-linked land record verification.""]","[""Land Documents"",""Aadhar Card"",""Bank Account Details""]",6000,"₹6,000 Subsidy",,,,,,[],,,,,All,18,60,,"[""General"",""OBC"",""SC"",""ST""]",Rural,Ongoing,Active,,"[""agriculture"",""farmer"",""subsidy""]",0,85f6557b-2155-44a7-ac7e-bcb45a5f5bf3,2026-07-25 08:34:57.837,2026-07-25T08:53:09.508119
4c05655f-4c4c-422d-8242-19c6738599b3,Production Linked Incentive (PLI) Scheme,Ministry of MSME,"The Production Linked Incentive (PLI) Scheme is a signature government initiative designed to revolutionize the Business sector by providing targeted support to citizens across the nation. This comprehensive scheme is built on the pillars of accessibility, transparency, and impact, ensuring that the benefits reach every eligible individual at the last mile. 
 
Historically, individuals in the Business domain have faced significant systemic hurdles, ranging from high costs of entry to limited resources for growth. The Production Linked Incentive (PLI) Scheme addresses these root causes by offering a multi-faceted approach. Whether it's through direct financial transfers, subsidized services, or infrastructure support, the scheme creates a robust safety net that empowers beneficiaries to achieve their potential.
 
At its core, the Production Linked Incentive (PLI) Scheme is about boosting domestic manufacturing in electronics, medicine, and auto sectors. This means not just providing a one-time relief, but building a sustainable ecosystem where individuals can thrive. Empowering entrepreneurs and startups, this program drives economic growth and industrial innovation. The scheme's Business orientation ensures that it is tailored to the specific local needs of diverse demographic groups.
 
Furthermore, the implementation of Production Linked Incentive (PLI) Scheme leverages state-of-the-art digital infrastructure, such as the Direct Benefit Transfer (DBT) mechanism and Aadhaar-l",Business,Scheme,Central,"[""Collateral-free low-interest working capital and term loans."",""Interest subvention benefits for prompt repayment cycles."",""Capital subsidy on project establishment costs.""]","[""Artisans, micro-business owners, startups, or SC/ST/Women entrepreneurs."",""Requires a viable business project report and proof of activity."",""Age limit: 18 to 65 years at the time of application.""]","[""GST Certificate"",""Pancard"",""Project Report""]",1000000,"₹10,00,000 Support",,,,,,[],,,,,All,18,65,,"[""General"",""OBC"",""SC"",""ST""]",Both,Ongoing,Active,,"[""business"",""msme"",""entrepreneur"",""startup""]",0,85f6557b-2155-44a7-ac7e-bcb45a5f5bf3,2026-07-25 08:34:57.837,2026-07-25T08:53:09.508139
4e67dde1-a081-4508-bd31-bdd9e41c7555,Central Sector Scholarship for University Students,Ministry of Education,"The Central Sector Scholarship for University Students is a signature government initiative designed to revolutionize the Education sector by providing targeted support to citizens across the nation. This comprehensive scheme is built on the pillars of accessibility, transparency, and impact, ensuring that the benefits reach every eligible individual at the last mile. 
 
Historically, individuals in the Education domain have faced significant systemic hurdles, ranging from high costs of entry to limited resources for growth. The Central Sector Scholarship for University Students addresses these root causes by offering a multi-faceted approach. Whether it's through direct financial transfers, subsidized services, or infrastructure support, the scheme creates a robust safety net that empowers beneficiaries to achieve their potential.
 
At its core, the Central Sector Scholarship for University Students is about providing annual maintenance grants to college students based on their Class 12 performance. This means not just providing a one-time relief, but building a sustainable ecosystem where individuals can thrive. The focus remains on academic excellence, student empowerment, and the removal of financial barriers to learning. The scheme's Education orientation ensures that it is tailored to the specific local needs of diverse demographic groups.
 
Furthermore, the implementation of Central Sector Scholarship for University Students leverages state-of-the-art digital infrastru",Education,Scheme,Central,"[""Full tuition fee waiver or academic scholarship grant."",""Monthly maintenance stipend for books, materials, and living costs."",""Additional allowances for disabled students (if applicable).""]","[""Must be an active student enrolled in a registered institution."",""Minimum academic score of 60% in the qualifying examination."",""Annual family income must be under ₹6,00,000.""]","[""Aadhar Card"",""Mark Sheets"",""Income Certificate""]",50000,"₹50,000 Scholarship/yr",,,,,,[],,,,,All,15,30,600000,"[""General"",""OBC"",""SC"",""ST""]",Both,Ongoing,Active,,"[""education"",""scholarship"",""student""]",0,85f6557b-2155-44a7-ac7e-bcb45a5f5bf3,2026-07-25 08:34:57.836,2026-07-25T08:53:09.508158
4fb6e003-4386-45e5-8b0a-ad91a73a0670,Dr. Ambedkar Post Matric Scholarship for EBC,Ministry of Education,"The Dr. Ambedkar Post Matric Scholarship for EBC is a signature government initiative designed to revolutionize the Education sector by providing targeted support to citizens across the nation. This comprehensive scheme is built on the pillars of accessibility, transparency, and impact, ensuring that the benefits reach every eligible individual at the last mile. 
 
Historically, individuals in the Education domain have faced significant systemic hurdles, ranging from high costs of entry to limited resources for growth. The Dr. Ambedkar Post Matric Scholarship for EBC addresses these root causes by offering a multi-faceted approach. Whether it's through direct financial transfers, subsidized services, or infrastructure support, the scheme creates a robust safety net that empowers beneficiaries to achieve their potential.
 
At its core, the Dr. Ambedkar Post Matric Scholarship for EBC is about providing post-matric financial aid to students from economically backward classes. This means not just providing a one-time relief, but building a sustainable ecosystem where individuals can thrive. The focus remains on academic excellence, student empowerment, and the removal of financial barriers to learning. The scheme's Education orientation ensures that it is tailored to the specific local needs of diverse demographic groups.
 
Furthermore, the implementation of Dr. Ambedkar Post Matric Scholarship for EBC leverages state-of-the-art digital infrastructure, such as the Direct Benefit",Education,Scheme,Central,"[""Full tuition fee waiver or academic scholarship grant."",""Monthly maintenance stipend for books, materials, and living costs."",""Additional allowances for disabled students (if applicable).""]","[""Must be an active student enrolled in a registered institution."",""Minimum academic score of 60% in the qualifying examination."",""Annual family income must be under ₹6,00,000.""]","[""Aadhar Card"",""Mark Sheets"",""Income Certificate""]",50000,"₹50,000 Scholarship/yr",,,,,,[],,,,,All,15,30,600000,"[""General"",""OBC"",""SC"",""ST""]",Both,Ongoing,Active,,"[""education"",""scholarship"",""student""]",0,85f6557b-2155-44a7-ac7e-bcb45a5f5bf3,2026-07-25 08:34:57.837,2026-07-25T08:53:09.508176
519dcd33-0720-4729-87d4-7f5c617eb794,Integrated Child Development Services (ICDS),Ministry of Health and Family Welfare,"The Integrated Child Development Services (ICDS) is a signature government initiative designed to revolutionize the Healthcare sector by providing targeted support to citizens across the nation. This comprehensive scheme is built on the pillars of accessibility, transparency, and impact, ensuring that the benefits reach every eligible individual at the last mile. 
 
Historically, individuals in the Healthcare domain have faced significant systemic hurdles, ranging from high costs of entry to limited resources for growth. The Integrated Child Development Services (ICDS) addresses these root causes by offering a multi-faceted approach. Whether it's through direct financial transfers, subsidized services, or infrastructure support, the scheme creates a robust safety net that empowers beneficiaries to achieve their potential.
 
At its core, the Integrated Child Development Services (ICDS) is about improving nutritional and health status of children below 6 years. This means not just providing a one-time relief, but building a sustainable ecosystem where individuals can thrive. This initiative prioritizes public health outcomes, medical equity, and the strengthening of clinical infrastructure. The scheme's Healthcare orientation ensures that it is tailored to the specific local needs of diverse demographic groups.
 
Furthermore, the implementation of Integrated Child Development Services (ICDS) leverages state-of-the-art digital infrastructure, such as the Direct Benefit Transfer ",Healthcare,Scheme,Central,"[""Free diagnostic services and clinical treatments at empanelled centers."",""Coverage for secondary and tertiary hospitalization expenses."",""Subsidized post-hospitalization medication and follow-ups.""]","[""Targeted at below-poverty-line (BPL) and marginalized households."",""Requires registration under the State Health Insurance registry."",""Open to all age groups and demographics meeting income limits.""]","[""Aadhar Card"",""Ration Card"",""Medical Reports""]",5000,"₹5,000 Support",,,,,,[],,,,,All,0,100,250000,"[""General"",""OBC"",""SC""]",Both,Ongoing,Active,,"[""health"",""medical"",""insurance""]",0,85f6557b-2155-44a7-ac7e-bcb45a5f5bf3,2026-07-25 08:34:57.837,2026-07-25T08:53:09.508194
520fe85d-e883-4853-9c13-05315144317a,Credit Guarantee Fund Trust for MSMEs,Ministry of MSME,"The Credit Guarantee Fund Trust for MSMEs is a signature government initiative designed to revolutionize the Business sector by providing targeted support to citizens across the nation. This comprehensive scheme is built on the pillars of accessibility, transparency, and impact, ensuring that the benefits reach every eligible individual at the last mile. 
 
Historically, individuals in the Business domain have faced significant systemic hurdles, ranging from high costs of entry to limited resources for growth. The Credit Guarantee Fund Trust for MSMEs addresses these root causes by offering a multi-faceted approach. Whether it's through direct financial transfers, subsidized services, or infrastructure support, the scheme creates a robust safety net that empowers beneficiaries to achieve their potential.
 
At its core, the Credit Guarantee Fund Trust for MSMEs is about providing collateral-free credit to the micro and small enterprise sector. This means not just providing a one-time relief, but building a sustainable ecosystem where individuals can thrive. Empowering entrepreneurs and startups, this program drives economic growth and industrial innovation. The scheme's Business orientation ensures that it is tailored to the specific local needs of diverse demographic groups.
 
Furthermore, the implementation of Credit Guarantee Fund Trust for MSMEs leverages state-of-the-art digital infrastructure, such as the Direct Benefit Transfer (DBT) mechanism and Aadhaar-linked verific",Business,Loan,Central,"[""Collateral-free low-interest working capital and term loans."",""Interest subvention benefits for prompt repayment cycles."",""Capital subsidy on project establishment costs.""]","[""Artisans, micro-business owners, startups, or SC/ST/Women entrepreneurs."",""Requires a viable business project report and proof of activity."",""Age limit: 18 to 65 years at the time of application.""]","[""GST Certificate"",""Pancard"",""Project Report""]",1000000,"₹10,00,000 Support",,,,,,[],,,,,All,18,65,,"[""General"",""OBC"",""SC"",""ST""]",Both,Ongoing,Active,,"[""business"",""msme"",""entrepreneur"",""startup""]",0,85f6557b-2155-44a7-ac7e-bcb45a5f5bf3,2026-07-25 08:34:57.837,2026-07-25T08:53:09.508210
5a84dd9e-5662-4536-8f3a-fb4aa863a797,Paramparagat Krishi Vikas Yojana,Ministry of Agriculture and Farmers Welfare,"The Paramparagat Krishi Vikas Yojana is a signature government initiative designed to revolutionize the Agriculture sector by providing targeted support to citizens across the nation. This comprehensive scheme is built on the pillars of accessibility, transparency, and impact, ensuring that the benefits reach every eligible individual at the last mile. 
 
Historically, individuals in the Agriculture domain have faced significant systemic hurdles, ranging from high costs of entry to limited resources for growth. The Paramparagat Krishi Vikas Yojana addresses these root causes by offering a multi-faceted approach. Whether it's through direct financial transfers, subsidized services, or infrastructure support, the scheme creates a robust safety net that empowers beneficiaries to achieve their potential.
 
At its core, the Paramparagat Krishi Vikas Yojana is about promoting organic farming through cluster-based approaches. This means not just providing a one-time relief, but building a sustainable ecosystem where individuals can thrive. Supporting the backbone of our economy, this scheme targets farmers, crop yields, and rural sustainability. The scheme's Agriculture orientation ensures that it is tailored to the specific local needs of diverse demographic groups.
 
Furthermore, the implementation of Paramparagat Krishi Vikas Yojana leverages state-of-the-art digital infrastructure, such as the Direct Benefit Transfer (DBT) mechanism and Aadhaar-linked verification, to eliminate ",Agriculture,Scheme,Central,"[""Direct financial assistance transferred directly to bank accounts."",""Subsidies on seeds, fertilizers, and agricultural equipment."",""Crop insurance coverage against natural disasters or failure.""]","[""Must own cultivable agricultural land under their name."",""Small and marginal farmers holding less than 2 hectares of land."",""Requires Aadhaar-linked land record verification.""]","[""Land Documents"",""Aadhar Card"",""Bank Account Details""]",6000,"₹6,000 Subsidy",,,,,,[],,,,,All,18,60,,"[""General"",""OBC"",""SC"",""ST""]",Rural,Ongoing,Active,,"[""agriculture"",""farmer"",""subsidy""]",0,85f6557b-2155-44a7-ac7e-bcb45a5f5bf3,2026-07-25 08:34:57.837,2026-07-25T08:53:09.508227
5b00e8d9-6aa6-4c64-b84a-87ed8fc51d55,National Family Benefit Scheme,Ministry of Social Justice and Empowerment,"The National Family Benefit Scheme is a signature government initiative designed to revolutionize the Social Welfare sector by providing targeted support to citizens across the nation. This comprehensive scheme is built on the pillars of accessibility, transparency, and impact, ensuring that the benefits reach every eligible individual at the last mile. 
 
Historically, individuals in the Social Welfare domain have faced significant systemic hurdles, ranging from high costs of entry to limited resources for growth. The National Family Benefit Scheme addresses these root causes by offering a multi-faceted approach. Whether it's through direct financial transfers, subsidized services, or infrastructure support, the scheme creates a robust safety net that empowers beneficiaries to achieve their potential.
 
At its core, the National Family Benefit Scheme is about providing a lump sum grant to BPL households on the death of a primary breadwinner. This means not just providing a one-time relief, but building a sustainable ecosystem where individuals can thrive. Serving the most vulnerable, this program ensures social justice, pensions, and basic safety nets. The scheme's Social Welfare orientation ensures that it is tailored to the specific local needs of diverse demographic groups.
 
Furthermore, the implementation of National Family Benefit Scheme leverages state-of-the-art digital infrastructure, such as the Direct Benefit Transfer (DBT) mechanism and Aadhaar-linked verificatio",Social Welfare,Scheme,Central,"[""Direct financial support, food security, and social protection""]","[""BPL families, senior citizens, widows, and persons with disabilities""]","[""BPL Card"",""Aadhar Card"",""Disability/Death Certificate""]",2000,"₹2,000 Support",,,,,,[],,,,,All,0,100,100000,"[""OBC""]",Both,Ongoing,Active,,"[""social"",""welfare"",""pension"",""poor""]",0,85f6557b-2155-44a7-ac7e-bcb45a5f5bf3,2026-07-25 08:34:57.837,2026-07-25T08:53:09.508242
5b8fee40-17bf-4581-86af-a22963d2cb52,National AI Mission,Ministry of Electronics and IT,"The National AI Mission is a signature government initiative designed to revolutionize the Technology sector by providing targeted support to citizens across the nation. This comprehensive scheme is built on the pillars of accessibility, transparency, and impact, ensuring that the benefits reach every eligible individual at the last mile. 
 
Historically, individuals in the Technology domain have faced significant systemic hurdles, ranging from high costs of entry to limited resources for growth. The National AI Mission addresses these root causes by offering a multi-faceted approach. Whether it's through direct financial transfers, subsidized services, or infrastructure support, the scheme creates a robust safety net that empowers beneficiaries to achieve their potential.
 
At its core, the National AI Mission is about promoting the development and adoption of artificial intelligence across sectors. This means not just providing a one-time relief, but building a sustainable ecosystem where individuals can thrive. Driving the Digital India vision, this scheme fosters high-tech R&D and digital infrastructure. The scheme's Technology orientation ensures that it is tailored to the specific local needs of diverse demographic groups.
 
Furthermore, the implementation of National AI Mission leverages state-of-the-art digital infrastructure, such as the Direct Benefit Transfer (DBT) mechanism and Aadhaar-linked verification, to eliminate leakages and minimize bureaucratic delays. Ap",Technology,Scheme,Central,"[""Infrastructure support, design incentives, and R&D grants""]","[""Researchers, tech startups, and electronics manufacturing units""]","[""Project Proposal"",""Company Registration"",""Technical Certifications""]",5000000,"₹50,00,000 Support",,,,,,[],,,,,All,18,60,,"[""General"",""OBC"",""SC"",""ST""]",Both,Ongoing,Active,,"[""technology"",""digital"",""innovation"",""it""]",0,85f6557b-2155-44a7-ac7e-bcb45a5f5bf3,2026-07-25 08:34:57.837,2026-07-25T08:53:09.508276
5c125848-d5a8-4c46-bcbd-dca8fad5da94,ASPIRE Scheme,Ministry of MSME,"The ASPIRE Scheme is a signature government initiative designed to revolutionize the Business sector by providing targeted support to citizens across the nation. This comprehensive scheme is built on the pillars of accessibility, transparency, and impact, ensuring that the benefits reach every eligible individual at the last mile. 
 
Historically, individuals in the Business domain have faced significant systemic hurdles, ranging from high costs of entry to limited resources for growth. The ASPIRE Scheme addresses these root causes by offering a multi-faceted approach. Whether it's through direct financial transfers, subsidized services, or infrastructure support, the scheme creates a robust safety net that empowers beneficiaries to achieve their potential.
 
At its core, the ASPIRE Scheme is about promoting innovation, entrepreneurship, and agro-industry incubation. This means not just providing a one-time relief, but building a sustainable ecosystem where individuals can thrive. Empowering entrepreneurs and startups, this program drives economic growth and industrial innovation. The scheme's Business orientation ensures that it is tailored to the specific local needs of diverse demographic groups.
 
Furthermore, the implementation of ASPIRE Scheme leverages state-of-the-art digital infrastructure, such as the Direct Benefit Transfer (DBT) mechanism and Aadhaar-linked verification, to eliminate leakages and minimize bureaucratic delays. Applicants can track their status in r",Business,Scheme,Central,"[""Collateral-free low-interest working capital and term loans."",""Interest subvention benefits for prompt repayment cycles."",""Capital subsidy on project establishment costs.""]","[""Artisans, micro-business owners, startups, or SC/ST/Women entrepreneurs."",""Requires a viable business project report and proof of activity."",""Age limit: 18 to 65 years at the time of application.""]","[""GST Certificate"",""Pancard"",""Project Report""]",1000000,"₹10,00,000 Support",,,,,,[],,,,,All,18,65,,"[""General"",""OBC"",""SC"",""ST""]",Both,Ongoing,Active,,"[""business"",""msme"",""entrepreneur"",""startup""]",0,85f6557b-2155-44a7-ac7e-bcb45a5f5bf3,2026-07-25 08:34:57.837,2026-07-25T08:53:09.508306
5fbd5c3d-eac9-47e0-aad9-7dd837bc8c1f,PM Vishwakarma Scheme,Ministry of MSME,"The PM Vishwakarma Scheme is a signature government initiative designed to revolutionize the Business sector by providing targeted support to citizens across the nation. This comprehensive scheme is built on the pillars of accessibility, transparency, and impact, ensuring that the benefits reach every eligible individual at the last mile. 
 
Historically, individuals in the Business domain have faced significant systemic hurdles, ranging from high costs of entry to limited resources for growth. The PM Vishwakarma Scheme addresses these root causes by offering a multi-faceted approach. Whether it's through direct financial transfers, subsidized services, or infrastructure support, the scheme creates a robust safety net that empowers beneficiaries to achieve their potential.
 
At its core, the PM Vishwakarma Scheme is about supporting traditional artisans and craftspeople through skill and financial aid. This means not just providing a one-time relief, but building a sustainable ecosystem where individuals can thrive. Empowering entrepreneurs and startups, this program drives economic growth and industrial innovation. The scheme's Business orientation ensures that it is tailored to the specific local needs of diverse demographic groups.
 
Furthermore, the implementation of PM Vishwakarma Scheme leverages state-of-the-art digital infrastructure, such as the Direct Benefit Transfer (DBT) mechanism and Aadhaar-linked verification, to eliminate leakages and minimize bureaucratic de",Business,Scheme,Central,"[""Collateral-free low-interest working capital and term loans."",""Interest subvention benefits for prompt repayment cycles."",""Capital subsidy on project establishment costs.""]","[""Artisans, micro-business owners, startups, or SC/ST/Women entrepreneurs."",""Requires a viable business project report and proof of activity."",""Age limit: 18 to 65 years at the time of application.""]","[""GST Certificate"",""Pancard"",""Project Report""]",1000000,"₹10,00,000 Support",,,,,,[],,,,,All,18,65,,"[""General"",""OBC"",""ST""]",Both,Ongoing,Active,,"[""business"",""msme"",""entrepreneur"",""startup""]",0,85f6557b-2155-44a7-ac7e-bcb45a5f5bf3,2026-07-25 08:34:57.837,2026-07-25T08:53:09.508325
612e6c69-4546-49af-bbb1-649df3294588,Export Promotion Capital Goods Scheme,Ministry of MSME,"The Export Promotion Capital Goods Scheme is a signature government initiative designed to revolutionize the Business sector by providing targeted support to citizens across the nation. This comprehensive scheme is built on the pillars of accessibility, transparency, and impact, ensuring that the benefits reach every eligible individual at the last mile. 
 
Historically, individuals in the Business domain have faced significant systemic hurdles, ranging from high costs of entry to limited resources for growth. The Export Promotion Capital Goods Scheme addresses these root causes by offering a multi-faceted approach. Whether it's through direct financial transfers, subsidized services, or infrastructure support, the scheme creates a robust safety net that empowers beneficiaries to achieve their potential.
 
At its core, the Export Promotion Capital Goods Scheme is about allowing import of capital goods for pre-production at zero custom duty. This means not just providing a one-time relief, but building a sustainable ecosystem where individuals can thrive. Empowering entrepreneurs and startups, this program drives economic growth and industrial innovation. The scheme's Business orientation ensures that it is tailored to the specific local needs of diverse demographic groups.
 
Furthermore, the implementation of Export Promotion Capital Goods Scheme leverages state-of-the-art digital infrastructure, such as the Direct Benefit Transfer (DBT) mechanism and Aadhaar-linked verificat",Business,Scheme,Central,"[""Collateral-free low-interest working capital and term loans."",""Interest subvention benefits for prompt repayment cycles."",""Capital subsidy on project establishment costs.""]","[""Artisans, micro-business owners, startups, or SC/ST/Women entrepreneurs."",""Requires a viable business project report and proof of activity."",""Age limit: 18 to 65 years at the time of application.""]","[""GST Certificate"",""Pancard"",""Project Report""]",1000000,"₹10,00,000 Support",,,,,,[],,,,,All,18,65,,"[""General""]",Both,Ongoing,Active,,"[""business"",""msme"",""entrepreneur"",""startup""]",0,85f6557b-2155-44a7-ac7e-bcb45a5f5bf3,2026-07-25 08:34:57.837,2026-07-25T08:53:09.508343
6391e199-ea6c-4960-b588-719c6bf664db,Stand Up India,Ministry of MSME,"The Stand Up India is a signature government initiative designed to revolutionize the Business sector by providing targeted support to citizens across the nation. This comprehensive scheme is built on the pillars of accessibility, transparency, and impact, ensuring that the benefits reach every eligible individual at the last mile. 
 
Historically, individuals in the Business domain have faced significant systemic hurdles, ranging from high costs of entry to limited resources for growth. The Stand Up India addresses these root causes by offering a multi-faceted approach. Whether it's through direct financial transfers, subsidized services, or infrastructure support, the scheme creates a robust safety net that empowers beneficiaries to achieve their potential.
 
At its core, the Stand Up India is about facilitating bank loans for SC, ST, and women entrepreneurs for greenfield projects. This means not just providing a one-time relief, but building a sustainable ecosystem where individuals can thrive. Empowering entrepreneurs and startups, this program drives economic growth and industrial innovation. The scheme's Business orientation ensures that it is tailored to the specific local needs of diverse demographic groups.
 
Furthermore, the implementation of Stand Up India leverages state-of-the-art digital infrastructure, such as the Direct Benefit Transfer (DBT) mechanism and Aadhaar-linked verification, to eliminate leakages and minimize bureaucratic delays. Applicants can trac",Business,Loan,Central,"[""Collateral-free low-interest working capital and term loans."",""Interest subvention benefits for prompt repayment cycles."",""Capital subsidy on project establishment costs.""]","[""Artisans, micro-business owners, startups, or SC/ST/Women entrepreneurs."",""Requires a viable business project report and proof of activity."",""Age limit: 18 to 65 years at the time of application.""]","[""GST Certificate"",""Pancard"",""Project Report""]",1000000,"₹10,00,000 Support",,,,,,[],,,,,All,18,65,,"[""OBC""]",Both,Ongoing,Active,,"[""business"",""msme"",""entrepreneur"",""startup""]",0,85f6557b-2155-44a7-ac7e-bcb45a5f5bf3,2026-07-25 08:34:57.837,2026-07-25T08:53:09.508358
6605281c-da18-40be-b9e3-8878b00edf20,National Savings Certificate,Ministry of Finance,"The National Savings Certificate is a signature government initiative designed to revolutionize the Finance sector by providing targeted support to citizens across the nation. This comprehensive scheme is built on the pillars of accessibility, transparency, and impact, ensuring that the benefits reach every eligible individual at the last mile. 
 
Historically, individuals in the Finance domain have faced significant systemic hurdles, ranging from high costs of entry to limited resources for growth. The National Savings Certificate addresses these root causes by offering a multi-faceted approach. Whether it's through direct financial transfers, subsidized services, or infrastructure support, the scheme creates a robust safety net that empowers beneficiaries to achieve their potential.
 
At its core, the National Savings Certificate is about a fixed income post office savings scheme for middle-income investors. This means not just providing a one-time relief, but building a sustainable ecosystem where individuals can thrive. Enhancing financial inclusion, this scheme provides savings, insurance, and long-term fiscal security. The scheme's Finance orientation ensures that it is tailored to the specific local needs of diverse demographic groups.
 
Furthermore, the implementation of National Savings Certificate leverages state-of-the-art digital infrastructure, such as the Direct Benefit Transfer (DBT) mechanism and Aadhaar-linked verification, to eliminate leakages and minimize ",Finance,Scheme,Central,"[""High interest rates, insurance cover, and financial security in old age""]","[""All Indian citizens meeting the specific age and investment criteria""]","[""Aadhar Card"",""Pancard"",""Bank Passbook""]",100000,"₹1,00,000 Support",,,,,,[],,,,,All,0,100,,"[""OBC"",""SC"",""ST""]",Both,Ongoing,Active,,"[""finance"",""savings"",""insurance"",""pension""]",0,85f6557b-2155-44a7-ac7e-bcb45a5f5bf3,2026-07-25 08:34:57.837,2026-07-25T08:53:09.508375
6a69f8a1-bd43-4e8c-b874-7971920fc616,PM e-Bus Sewa Scheme,Ministry of MSME,"The PM e-Bus Sewa Scheme is a signature government initiative designed to revolutionize the Business sector by providing targeted support to citizens across the nation. This comprehensive scheme is built on the pillars of accessibility, transparency, and impact, ensuring that the benefits reach every eligible individual at the last mile. 
 
Historically, individuals in the Business domain have faced significant systemic hurdles, ranging from high costs of entry to limited resources for growth. The PM e-Bus Sewa Scheme addresses these root causes by offering a multi-faceted approach. Whether it's through direct financial transfers, subsidized services, or infrastructure support, the scheme creates a robust safety net that empowers beneficiaries to achieve their potential.
 
At its core, the PM e-Bus Sewa Scheme is about promoting electric bus manufacturing and green urban transport. This means not just providing a one-time relief, but building a sustainable ecosystem where individuals can thrive. Empowering entrepreneurs and startups, this program drives economic growth and industrial innovation. The scheme's Business orientation ensures that it is tailored to the specific local needs of diverse demographic groups.
 
Furthermore, the implementation of PM e-Bus Sewa Scheme leverages state-of-the-art digital infrastructure, such as the Direct Benefit Transfer (DBT) mechanism and Aadhaar-linked verification, to eliminate leakages and minimize bureaucratic delays. Applicants can t",Business,Scheme,Central,"[""Collateral-free low-interest working capital and term loans."",""Interest subvention benefits for prompt repayment cycles."",""Capital subsidy on project establishment costs.""]","[""Artisans, micro-business owners, startups, or SC/ST/Women entrepreneurs."",""Requires a viable business project report and proof of activity."",""Age limit: 18 to 65 years at the time of application.""]","[""GST Certificate"",""Pancard"",""Project Report""]",1000000,"₹10,00,000 Support",,,,,,[],,,,,All,18,65,,"[""General"",""OBC"",""SC"",""ST""]",Both,Ongoing,Active,,"[""business"",""msme"",""entrepreneur"",""startup""]",0,85f6557b-2155-44a7-ac7e-bcb45a5f5bf3,2026-07-25 08:34:57.837,2026-07-25T08:53:09.508392
711c8a55-490c-44b6-baa9-51ae83099e07,Biju Pucca Ghar Yojana,Ministry of Housing and Urban Affairs,"The Biju Pucca Ghar Yojana is a signature government initiative designed to revolutionize the Housing sector by providing targeted support to citizens across the nation. This comprehensive scheme is built on the pillars of accessibility, transparency, and impact, ensuring that the benefits reach every eligible individual at the last mile. 
 
Historically, individuals in the Housing domain have faced significant systemic hurdles, ranging from high costs of entry to limited resources for growth. The Biju Pucca Ghar Yojana addresses these root causes by offering a multi-faceted approach. Whether it's through direct financial transfers, subsidized services, or infrastructure support, the scheme creates a robust safety net that empowers beneficiaries to achieve their potential.
 
At its core, the Biju Pucca Ghar Yojana is about converting kutcha houses to pucca houses in rural areas of Odisha. This means not just providing a one-time relief, but building a sustainable ecosystem where individuals can thrive. Aimed at providing dignity through shelter, this project focuses on affordable residential development. The scheme's Housing orientation ensures that it is tailored to the specific local needs of diverse demographic groups.
 
Furthermore, the implementation of Biju Pucca Ghar Yojana leverages state-of-the-art digital infrastructure, such as the Direct Benefit Transfer (DBT) mechanism and Aadhaar-linked verification, to eliminate leakages and minimize bureaucratic delays. Applic",Housing,Subsidy,Central,"[""Financial grant for building or renovating a pucca house."",""Interest subsidy on housing bank loans under credit-linked schemes."",""Sanitation grant for building household toilets.""]","[""Must not own any pucca house in India under any family member's name."",""Belongs to Economically Weaker Section (EWS) or Low Income Group (LIG)."",""Geographic target: Eligible rural and urban municipal areas.""]","[""Income Certificate"",""Land Registry"",""Aadhar Card""]",250000,"₹2,50,000 Subsidy",,,,,,[],,,,,All,18,70,600000,"[""SC"",""ST""]",Both,Ongoing,Active,,"[""housing"",""home"",""subsidy"",""construction""]",0,85f6557b-2155-44a7-ac7e-bcb45a5f5bf3,2026-07-25 08:34:57.837,2026-07-25T08:53:09.508410
727b88f9-e6a3-44b3-a907-3a63f8e96ed4,Chief Minister's Scholarship Scheme (Punjab),Ministry of Education,"The Chief Minister's Scholarship Scheme (Punjab) is a signature government initiative designed to revolutionize the Education sector by providing targeted support to citizens across the nation. This comprehensive scheme is built on the pillars of accessibility, transparency, and impact, ensuring that the benefits reach every eligible individual at the last mile. 
 
Historically, individuals in the Education domain have faced significant systemic hurdles, ranging from high costs of entry to limited resources for growth. The Chief Minister's Scholarship Scheme (Punjab) addresses these root causes by offering a multi-faceted approach. Whether it's through direct financial transfers, subsidized services, or infrastructure support, the scheme creates a robust safety net that empowers beneficiaries to achieve their potential.
 
At its core, the Chief Minister's Scholarship Scheme (Punjab) is about providing fee waivers to students in government colleges across Punjab. This means not just providing a one-time relief, but building a sustainable ecosystem where individuals can thrive. The focus remains on academic excellence, student empowerment, and the removal of financial barriers to learning. The scheme's Education orientation ensures that it is tailored to the specific local needs of diverse demographic groups.
 
Furthermore, the implementation of Chief Minister's Scholarship Scheme (Punjab) leverages state-of-the-art digital infrastructure, such as the Direct Benefit Transfer (D",Education,Scheme,Central,"[""Full tuition fee waiver or academic scholarship grant."",""Monthly maintenance stipend for books, materials, and living costs."",""Additional allowances for disabled students (if applicable).""]","[""Must be an active student enrolled in a registered institution."",""Minimum academic score of 60% in the qualifying examination."",""Annual family income must be under ₹6,00,000.""]","[""Aadhar Card"",""Mark Sheets"",""Income Certificate""]",50000,"₹50,000 Scholarship/yr",,,,,,[],,,,,All,15,30,600000,"[""General"",""SC"",""ST""]",Both,Ongoing,Active,,"[""education"",""scholarship"",""student""]",0,85f6557b-2155-44a7-ac7e-bcb45a5f5bf3,2026-07-25 08:34:57.837,2026-07-25T08:53:09.508430
77727ae3-c08b-4f56-8d1f-080c9ac3e154,SIDBI SMILE Loan Fund,Ministry of MSME,"The SIDBI SMILE Loan Fund is a signature government initiative designed to revolutionize the Business sector by providing targeted support to citizens across the nation. This comprehensive scheme is built on the pillars of accessibility, transparency, and impact, ensuring that the benefits reach every eligible individual at the last mile. 
 
Historically, individuals in the Business domain have faced significant systemic hurdles, ranging from high costs of entry to limited resources for growth. The SIDBI SMILE Loan Fund addresses these root causes by offering a multi-faceted approach. Whether it's through direct financial transfers, subsidized services, or infrastructure support, the scheme creates a robust safety net that empowers beneficiaries to achieve their potential.
 
At its core, the SIDBI SMILE Loan Fund is about offering soft loans with low-interest rates to MSMEs in the manufacturing sector. This means not just providing a one-time relief, but building a sustainable ecosystem where individuals can thrive. Empowering entrepreneurs and startups, this program drives economic growth and industrial innovation. The scheme's Business orientation ensures that it is tailored to the specific local needs of diverse demographic groups.
 
Furthermore, the implementation of SIDBI SMILE Loan Fund leverages state-of-the-art digital infrastructure, such as the Direct Benefit Transfer (DBT) mechanism and Aadhaar-linked verification, to eliminate leakages and minimize bureaucratic de",Business,Scheme,Central,"[""Collateral-free low-interest working capital and term loans."",""Interest subvention benefits for prompt repayment cycles."",""Capital subsidy on project establishment costs.""]","[""Artisans, micro-business owners, startups, or SC/ST/Women entrepreneurs."",""Requires a viable business project report and proof of activity."",""Age limit: 18 to 65 years at the time of application.""]","[""GST Certificate"",""Pancard"",""Project Report""]",1000000,"₹10,00,000 Support",,,,,,[],,,,,All,18,65,,"[""ST""]",Both,Ongoing,Active,,"[""business"",""msme"",""entrepreneur"",""startup""]",0,85f6557b-2155-44a7-ac7e-bcb45a5f5bf3,2026-07-25 08:34:57.837,2026-07-25T08:53:09.508449
79f0b726-a090-4729-9037-4edbfafcf4b2,Rashtriya Kishor Swasthya Karyakram,Ministry of Health and Family Welfare,"The Rashtriya Kishor Swasthya Karyakram is a signature government initiative designed to revolutionize the Healthcare sector by providing targeted support to citizens across the nation. This comprehensive scheme is built on the pillars of accessibility, transparency, and impact, ensuring that the benefits reach every eligible individual at the last mile. 
 
Historically, individuals in the Healthcare domain have faced significant systemic hurdles, ranging from high costs of entry to limited resources for growth. The Rashtriya Kishor Swasthya Karyakram addresses these root causes by offering a multi-faceted approach. Whether it's through direct financial transfers, subsidized services, or infrastructure support, the scheme creates a robust safety net that empowers beneficiaries to achieve their potential.
 
At its core, the Rashtriya Kishor Swasthya Karyakram is about addressing the health and developmental needs of adolescents. This means not just providing a one-time relief, but building a sustainable ecosystem where individuals can thrive. This initiative prioritizes public health outcomes, medical equity, and the strengthening of clinical infrastructure. The scheme's Healthcare orientation ensures that it is tailored to the specific local needs of diverse demographic groups.
 
Furthermore, the implementation of Rashtriya Kishor Swasthya Karyakram leverages state-of-the-art digital infrastructure, such as the Direct Benefit Transfer (DBT) mechanism and Aadhaar-linked verifi",Healthcare,Scheme,Central,"[""Free diagnostic services and clinical treatments at empanelled centers."",""Coverage for secondary and tertiary hospitalization expenses."",""Subsidized post-hospitalization medication and follow-ups.""]","[""Targeted at below-poverty-line (BPL) and marginalized households."",""Requires registration under the State Health Insurance registry."",""Open to all age groups and demographics meeting income limits.""]","[""Aadhar Card"",""Ration Card"",""Medical Reports""]",5000,"₹5,000 Support",,,,,,[],,,,,All,0,100,250000,"[""General"",""OBC"",""SC"",""ST""]",Both,Ongoing,Active,,"[""health"",""medical"",""insurance""]",0,85f6557b-2155-44a7-ac7e-bcb45a5f5bf3,2026-07-25 08:34:57.837,2026-07-25T08:53:09.508467
7f9c1e07-e06d-4f5a-9d44-45d22fb17e69,Startup India Seed Fund Scheme,Ministry of MSME,"The Startup India Seed Fund Scheme is a signature government initiative designed to revolutionize the Business sector by providing targeted support to citizens across the nation. This comprehensive scheme is built on the pillars of accessibility, transparency, and impact, ensuring that the benefits reach every eligible individual at the last mile. 
 
Historically, individuals in the Business domain have faced significant systemic hurdles, ranging from high costs of entry to limited resources for growth. The Startup India Seed Fund Scheme addresses these root causes by offering a multi-faceted approach. Whether it's through direct financial transfers, subsidized services, or infrastructure support, the scheme creates a robust safety net that empowers beneficiaries to achieve their potential.
 
At its core, the Startup India Seed Fund Scheme is about providing financial assistance to startups for proof of concept and prototype development. This means not just providing a one-time relief, but building a sustainable ecosystem where individuals can thrive. Empowering entrepreneurs and startups, this program drives economic growth and industrial innovation. The scheme's Business orientation ensures that it is tailored to the specific local needs of diverse demographic groups.
 
Furthermore, the implementation of Startup India Seed Fund Scheme leverages state-of-the-art digital infrastructure, such as the Direct Benefit Transfer (DBT) mechanism and Aadhaar-linked verification, to el",Business,Scheme,Central,"[""Collateral-free low-interest working capital and term loans."",""Interest subvention benefits for prompt repayment cycles."",""Capital subsidy on project establishment costs.""]","[""Artisans, micro-business owners, startups, or SC/ST/Women entrepreneurs."",""Requires a viable business project report and proof of activity."",""Age limit: 18 to 65 years at the time of application.""]","[""GST Certificate"",""Pancard"",""Project Report""]",1000000,"₹10,00,000 Support",,,,,,[],,,,,All,18,65,,"[""General"",""ST""]",Both,Ongoing,Active,,"[""business"",""msme"",""entrepreneur"",""startup""]",0,85f6557b-2155-44a7-ac7e-bcb45a5f5bf3,2026-07-25 08:34:57.837,2026-07-25T08:53:09.508484
8238eacd-5828-49f5-b653-2c6e71ffe849,Inspire Fellowship for Research,Ministry of Education,"The Inspire Fellowship for Research is a signature government initiative designed to revolutionize the Education sector by providing targeted support to citizens across the nation. This comprehensive scheme is built on the pillars of accessibility, transparency, and impact, ensuring that the benefits reach every eligible individual at the last mile. 
 
Historically, individuals in the Education domain have faced significant systemic hurdles, ranging from high costs of entry to limited resources for growth. The Inspire Fellowship for Research addresses these root causes by offering a multi-faceted approach. Whether it's through direct financial transfers, subsidized services, or infrastructure support, the scheme creates a robust safety net that empowers beneficiaries to achieve their potential.
 
At its core, the Inspire Fellowship for Research is about inviting top rankers to pursue research in basic and applied sciences. This means not just providing a one-time relief, but building a sustainable ecosystem where individuals can thrive. The focus remains on academic excellence, student empowerment, and the removal of financial barriers to learning. The scheme's Education orientation ensures that it is tailored to the specific local needs of diverse demographic groups.
 
Furthermore, the implementation of Inspire Fellowship for Research leverages state-of-the-art digital infrastructure, such as the Direct Benefit Transfer (DBT) mechanism and Aadhaar-linked verification, to eli",Education,Scheme,Central,"[""Full tuition fee waiver or academic scholarship grant."",""Monthly maintenance stipend for books, materials, and living costs."",""Additional allowances for disabled students (if applicable).""]","[""Must be an active student enrolled in a registered institution."",""Minimum academic score of 60% in the qualifying examination."",""Annual family income must be under ₹6,00,000.""]","[""Aadhar Card"",""Mark Sheets"",""Income Certificate""]",50000,"₹50,000 Scholarship/yr",,,,,,[],,,,,All,15,30,600000,"[""General"",""OBC"",""SC"",""ST""]",Both,Ongoing,Active,,"[""education"",""scholarship"",""student""]",0,85f6557b-2155-44a7-ac7e-bcb45a5f5bf3,2026-07-25 08:34:57.837,2026-07-25T08:53:09.508504
83498926-af43-4d68-9258-421322301bb0,Design Linked Incentive (DLI) Scheme,Ministry of Electronics and IT,"The Design Linked Incentive (DLI) Scheme is a signature government initiative designed to revolutionize the Technology sector by providing targeted support to citizens across the nation. This comprehensive scheme is built on the pillars of accessibility, transparency, and impact, ensuring that the benefits reach every eligible individual at the last mile. 
 
Historically, individuals in the Technology domain have faced significant systemic hurdles, ranging from high costs of entry to limited resources for growth. The Design Linked Incentive (DLI) Scheme addresses these root causes by offering a multi-faceted approach. Whether it's through direct financial transfers, subsidized services, or infrastructure support, the scheme creates a robust safety net that empowers beneficiaries to achieve their potential.
 
At its core, the Design Linked Incentive (DLI) Scheme is about offering financial and infrastructure support for semiconductor design. This means not just providing a one-time relief, but building a sustainable ecosystem where individuals can thrive. Driving the Digital India vision, this scheme fosters high-tech R&D and digital infrastructure. The scheme's Technology orientation ensures that it is tailored to the specific local needs of diverse demographic groups.
 
Furthermore, the implementation of Design Linked Incentive (DLI) Scheme leverages state-of-the-art digital infrastructure, such as the Direct Benefit Transfer (DBT) mechanism and Aadhaar-linked verification, ",Technology,Scheme,Central,"[""Infrastructure support, design incentives, and R&D grants""]","[""Researchers, tech startups, and electronics manufacturing units""]","[""Project Proposal"",""Company Registration"",""Technical Certifications""]",5000000,"₹50,00,000 Support",,,,,,[],,,,,All,18,60,,"[""ST""]",Both,Ongoing,Active,,"[""technology"",""digital"",""innovation"",""it""]",0,85f6557b-2155-44a7-ac7e-bcb45a5f5bf3,2026-07-25 08:34:57.837,2026-07-25T08:53:09.508519
86525553-fa3b-45b7-b39e-97e01197f2bc,PM Swasthya Suraksha Yojana,Ministry of Health and Family Welfare,"The PM Swasthya Suraksha Yojana is a signature government initiative designed to revolutionize the Healthcare sector by providing targeted support to citizens across the nation. This comprehensive scheme is built on the pillars of accessibility, transparency, and impact, ensuring that the benefits reach every eligible individual at the last mile. 
 
Historically, individuals in the Healthcare domain have faced significant systemic hurdles, ranging from high costs of entry to limited resources for growth. The PM Swasthya Suraksha Yojana addresses these root causes by offering a multi-faceted approach. Whether it's through direct financial transfers, subsidized services, or infrastructure support, the scheme creates a robust safety net that empowers beneficiaries to achieve their potential.
 
At its core, the PM Swasthya Suraksha Yojana is about correcting regional imbalances in the availability of tertiary healthcare. This means not just providing a one-time relief, but building a sustainable ecosystem where individuals can thrive. This initiative prioritizes public health outcomes, medical equity, and the strengthening of clinical infrastructure. The scheme's Healthcare orientation ensures that it is tailored to the specific local needs of diverse demographic groups.
 
Furthermore, the implementation of PM Swasthya Suraksha Yojana leverages state-of-the-art digital infrastructure, such as the Direct Benefit Transfer (DBT) mechanism and Aadhaar-linked verification, to eliminat",Healthcare,Scheme,Central,"[""Free diagnostic services and clinical treatments at empanelled centers."",""Coverage for secondary and tertiary hospitalization expenses."",""Subsidized post-hospitalization medication and follow-ups.""]","[""Targeted at below-poverty-line (BPL) and marginalized households."",""Requires registration under the State Health Insurance registry."",""Open to all age groups and demographics meeting income limits.""]","[""Aadhar Card"",""Ration Card"",""Medical Reports""]",5000,"₹5,000 Support",,,,,,[],,,,,All,0,100,250000,"[""General"",""OBC"",""SC"",""ST""]",Both,Ongoing,Active,,"[""health"",""medical"",""insurance""]",0,85f6557b-2155-44a7-ac7e-bcb45a5f5bf3,2026-07-25 08:34:57.837,2026-07-25T08:53:09.508541
889b024b-5b57-4bff-9da8-6c0bca70eecc,PM National Dialysis Program,Ministry of Health and Family Welfare,"The PM National Dialysis Program is a signature government initiative designed to revolutionize the Healthcare sector by providing targeted support to citizens across the nation. This comprehensive scheme is built on the pillars of accessibility, transparency, and impact, ensuring that the benefits reach every eligible individual at the last mile. 
 
Historically, individuals in the Healthcare domain have faced significant systemic hurdles, ranging from high costs of entry to limited resources for growth. The PM National Dialysis Program addresses these root causes by offering a multi-faceted approach. Whether it's through direct financial transfers, subsidized services, or infrastructure support, the scheme creates a robust safety net that empowers beneficiaries to achieve their potential.
 
At its core, the PM National Dialysis Program is about offering free dialysis services to renal failure patients. This means not just providing a one-time relief, but building a sustainable ecosystem where individuals can thrive. This initiative prioritizes public health outcomes, medical equity, and the strengthening of clinical infrastructure. The scheme's Healthcare orientation ensures that it is tailored to the specific local needs of diverse demographic groups.
 
Furthermore, the implementation of PM National Dialysis Program leverages state-of-the-art digital infrastructure, such as the Direct Benefit Transfer (DBT) mechanism and Aadhaar-linked verification, to eliminate leakages a",Healthcare,Scheme,Central,"[""Free diagnostic services and clinical treatments at empanelled centers."",""Coverage for secondary and tertiary hospitalization expenses."",""Subsidized post-hospitalization medication and follow-ups.""]","[""Targeted at below-poverty-line (BPL) and marginalized households."",""Requires registration under the State Health Insurance registry."",""Open to all age groups and demographics meeting income limits.""]","[""Aadhar Card"",""Ration Card"",""Medical Reports""]",5000,"₹5,000 Support",,,,,,[],,,,,All,0,100,250000,"[""SC""]",Both,Ongoing,Active,,"[""health"",""medical"",""insurance""]",0,85f6557b-2155-44a7-ac7e-bcb45a5f5bf3,2026-07-25 08:34:57.837,2026-07-25T08:53:09.508559
8b559da9-33bb-41b8-996b-cfef47d74c38,PM Jeevan Jyoti Bima Yojana,Ministry of Finance,"The PM Jeevan Jyoti Bima Yojana is a signature government initiative designed to revolutionize the Finance sector by providing targeted support to citizens across the nation. This comprehensive scheme is built on the pillars of accessibility, transparency, and impact, ensuring that the benefits reach every eligible individual at the last mile. 
 
Historically, individuals in the Finance domain have faced significant systemic hurdles, ranging from high costs of entry to limited resources for growth. The PM Jeevan Jyoti Bima Yojana addresses these root causes by offering a multi-faceted approach. Whether it's through direct financial transfers, subsidized services, or infrastructure support, the scheme creates a robust safety net that empowers beneficiaries to achieve their potential.
 
At its core, the PM Jeevan Jyoti Bima Yojana is about offering a one-year life insurance cover renewable from year to year. This means not just providing a one-time relief, but building a sustainable ecosystem where individuals can thrive. Enhancing financial inclusion, this scheme provides savings, insurance, and long-term fiscal security. The scheme's Finance orientation ensures that it is tailored to the specific local needs of diverse demographic groups.
 
Furthermore, the implementation of PM Jeevan Jyoti Bima Yojana leverages state-of-the-art digital infrastructure, such as the Direct Benefit Transfer (DBT) mechanism and Aadhaar-linked verification, to eliminate leakages and minimize burea",Finance,Scheme,Central,"[""High interest rates, insurance cover, and financial security in old age""]","[""All Indian citizens meeting the specific age and investment criteria""]","[""Aadhar Card"",""Pancard"",""Bank Passbook""]",100000,"₹1,00,000 Support",,,,,,[],,,,,All,0,100,,"[""General"",""OBC"",""SC"",""ST""]",Both,Ongoing,Active,,"[""finance"",""savings"",""insurance"",""pension""]",0,85f6557b-2155-44a7-ac7e-bcb45a5f5bf3,2026-07-25 08:34:57.837,2026-07-25T08:53:09.508574
8d74efa4-bbb2-4197-b162-8d65d034bb34,Top Class Education Scheme for SC Students,Ministry of Education,"The Top Class Education Scheme for SC Students is a signature government initiative designed to revolutionize the Education sector by providing targeted support to citizens across the nation. This comprehensive scheme is built on the pillars of accessibility, transparency, and impact, ensuring that the benefits reach every eligible individual at the last mile. 
 
Historically, individuals in the Education domain have faced significant systemic hurdles, ranging from high costs of entry to limited resources for growth. The Top Class Education Scheme for SC Students addresses these root causes by offering a multi-faceted approach. Whether it's through direct financial transfers, subsidized services, or infrastructure support, the scheme creates a robust safety net that empowers beneficiaries to achieve their potential.
 
At its core, the Top Class Education Scheme for SC Students is about covering full fees for SC students admitted to premier institutes like IITs and IIMs. This means not just providing a one-time relief, but building a sustainable ecosystem where individuals can thrive. The focus remains on academic excellence, student empowerment, and the removal of financial barriers to learning. The scheme's Education orientation ensures that it is tailored to the specific local needs of diverse demographic groups.
 
Furthermore, the implementation of Top Class Education Scheme for SC Students leverages state-of-the-art digital infrastructure, such as the Direct Benefit Trans",Education,Scheme,Central,"[""Full tuition fee waiver or academic scholarship grant."",""Monthly maintenance stipend for books, materials, and living costs."",""Additional allowances for disabled students (if applicable).""]","[""Must be an active student enrolled in a registered institution."",""Minimum academic score of 60% in the qualifying examination."",""Annual family income must be under ₹6,00,000.""]","[""Aadhar Card"",""Mark Sheets"",""Income Certificate""]",50000,"₹50,000 Scholarship/yr",,,,,,[],,,,,All,15,30,600000,"[""General"",""OBC"",""SC"",""ST""]",Both,Ongoing,Active,,"[""education"",""scholarship"",""student""]",0,85f6557b-2155-44a7-ac7e-bcb45a5f5bf3,2026-07-25 08:34:57.837,2026-07-25T08:53:09.508592
8db9afe6-e042-49fe-a303-001f3fd935c4,Swami Vivekananda Merit Cum Means Scholarship,Ministry of Education,"The Swami Vivekananda Merit Cum Means Scholarship is a signature government initiative designed to revolutionize the Education sector by providing targeted support to citizens across the nation. This comprehensive scheme is built on the pillars of accessibility, transparency, and impact, ensuring that the benefits reach every eligible individual at the last mile. 
 
Historically, individuals in the Education domain have faced significant systemic hurdles, ranging from high costs of entry to limited resources for growth. The Swami Vivekananda Merit Cum Means Scholarship addresses these root causes by offering a multi-faceted approach. Whether it's through direct financial transfers, subsidized services, or infrastructure support, the scheme creates a robust safety net that empowers beneficiaries to achieve their potential.
 
At its core, the Swami Vivekananda Merit Cum Means Scholarship is about a West Bengal flagship program supporting students from low-income families. This means not just providing a one-time relief, but building a sustainable ecosystem where individuals can thrive. The focus remains on academic excellence, student empowerment, and the removal of financial barriers to learning. The scheme's Education orientation ensures that it is tailored to the specific local needs of diverse demographic groups.
 
Furthermore, the implementation of Swami Vivekananda Merit Cum Means Scholarship leverages state-of-the-art digital infrastructure, such as the Direct Benefit Tr",Education,Scheme,Central,"[""Full tuition fee waiver or academic scholarship grant."",""Monthly maintenance stipend for books, materials, and living costs."",""Additional allowances for disabled students (if applicable).""]","[""Must be an active student enrolled in a registered institution."",""Minimum academic score of 60% in the qualifying examination."",""Annual family income must be under ₹6,00,000.""]","[""Aadhar Card"",""Mark Sheets"",""Income Certificate""]",50000,"₹50,000 Scholarship/yr",,,,,,[],,,,,All,15,30,600000,"[""General"",""OBC"",""SC"",""ST""]",Both,Ongoing,Active,,"[""education"",""scholarship"",""student""]",0,85f6557b-2155-44a7-ac7e-bcb45a5f5bf3,2026-07-25 08:34:57.837,2026-07-25T08:53:09.508610
8ebc5363-a040-4c50-952d-5dc88debd189,Free Coaching Scheme for SC and OBC Students,Ministry of Education,"The Free Coaching Scheme for SC and OBC Students is a signature government initiative designed to revolutionize the Education sector by providing targeted support to citizens across the nation. This comprehensive scheme is built on the pillars of accessibility, transparency, and impact, ensuring that the benefits reach every eligible individual at the last mile. 
 
Historically, individuals in the Education domain have faced significant systemic hurdles, ranging from high costs of entry to limited resources for growth. The Free Coaching Scheme for SC and OBC Students addresses these root causes by offering a multi-faceted approach. Whether it's through direct financial transfers, subsidized services, or infrastructure support, the scheme creates a robust safety net that empowers beneficiaries to achieve their potential.
 
At its core, the Free Coaching Scheme for SC and OBC Students is about offering free high-quality coaching for competitive exams like UPSC, JEE, and NEET. This means not just providing a one-time relief, but building a sustainable ecosystem where individuals can thrive. The focus remains on academic excellence, student empowerment, and the removal of financial barriers to learning. The scheme's Education orientation ensures that it is tailored to the specific local needs of diverse demographic groups.
 
Furthermore, the implementation of Free Coaching Scheme for SC and OBC Students leverages state-of-the-art digital infrastructure, such as the Direct Benefit",Education,Scheme,Central,"[""Full tuition fee waiver or academic scholarship grant."",""Monthly maintenance stipend for books, materials, and living costs."",""Additional allowances for disabled students (if applicable).""]","[""Must be an active student enrolled in a registered institution."",""Minimum academic score of 60% in the qualifying examination."",""Annual family income must be under ₹6,00,000.""]","[""Aadhar Card"",""Mark Sheets"",""Income Certificate""]",50000,"₹50,000 Scholarship/yr",,,,,,[],,,,,All,15,30,600000,"[""SC"",""ST""]",Both,Ongoing,Active,,"[""education"",""scholarship"",""student""]",0,85f6557b-2155-44a7-ac7e-bcb45a5f5bf3,2026-07-25 08:34:57.837,2026-07-25T08:53:09.508628
90dd92bc-9e5e-4cb6-b4cf-c6e46a77daea,National Means-cum-Merit Scholarship,Ministry of Education,"The National Means-cum-Merit Scholarship is a signature government initiative designed to revolutionize the Education sector by providing targeted support to citizens across the nation. This comprehensive scheme is built on the pillars of accessibility, transparency, and impact, ensuring that the benefits reach every eligible individual at the last mile. 
 
Historically, individuals in the Education domain have faced significant systemic hurdles, ranging from high costs of entry to limited resources for growth. The National Means-cum-Merit Scholarship addresses these root causes by offering a multi-faceted approach. Whether it's through direct financial transfers, subsidized services, or infrastructure support, the scheme creates a robust safety net that empowers beneficiaries to achieve their potential.
 
At its core, the National Means-cum-Merit Scholarship is about reducing school dropouts by providing merit scholarships to class 9-12 students. This means not just providing a one-time relief, but building a sustainable ecosystem where individuals can thrive. The focus remains on academic excellence, student empowerment, and the removal of financial barriers to learning. The scheme's Education orientation ensures that it is tailored to the specific local needs of diverse demographic groups.
 
Furthermore, the implementation of National Means-cum-Merit Scholarship leverages state-of-the-art digital infrastructure, such as the Direct Benefit Transfer (DBT) mechanism and Aadha",Education,Scheme,Central,"[""Full tuition fee waiver or academic scholarship grant."",""Monthly maintenance stipend for books, materials, and living costs."",""Additional allowances for disabled students (if applicable).""]","[""Must be an active student enrolled in a registered institution."",""Minimum academic score of 60% in the qualifying examination."",""Annual family income must be under ₹6,00,000.""]","[""Aadhar Card"",""Mark Sheets"",""Income Certificate""]",50000,"₹50,000 Scholarship/yr",,,,,,[],,,,,All,15,30,600000,"[""General"",""OBC""]",Both,Ongoing,Active,,"[""education"",""scholarship"",""student""]",0,85f6557b-2155-44a7-ac7e-bcb45a5f5bf3,2026-07-25 08:34:57.837,2026-07-25T08:53:09.508646
91027e31-9a07-4372-8f49-7717369ae190,Swadhar Greh Scheme,Ministry of Social Justice and Empowerment,"The Swadhar Greh Scheme is a signature government initiative designed to revolutionize the Social Welfare sector by providing targeted support to citizens across the nation. This comprehensive scheme is built on the pillars of accessibility, transparency, and impact, ensuring that the benefits reach every eligible individual at the last mile. 
 
Historically, individuals in the Social Welfare domain have faced significant systemic hurdles, ranging from high costs of entry to limited resources for growth. The Swadhar Greh Scheme addresses these root causes by offering a multi-faceted approach. Whether it's through direct financial transfers, subsidized services, or infrastructure support, the scheme creates a robust safety net that empowers beneficiaries to achieve their potential.
 
At its core, the Swadhar Greh Scheme is about providing shelter and support to women in difficult circumstances. This means not just providing a one-time relief, but building a sustainable ecosystem where individuals can thrive. Serving the most vulnerable, this program ensures social justice, pensions, and basic safety nets. The scheme's Social Welfare orientation ensures that it is tailored to the specific local needs of diverse demographic groups.
 
Furthermore, the implementation of Swadhar Greh Scheme leverages state-of-the-art digital infrastructure, such as the Direct Benefit Transfer (DBT) mechanism and Aadhaar-linked verification, to eliminate leakages and minimize bureaucratic delays. Ap",Social Welfare,Scheme,Central,"[""Direct financial support, food security, and social protection""]","[""BPL families, senior citizens, widows, and persons with disabilities""]","[""BPL Card"",""Aadhar Card"",""Disability/Death Certificate""]",2000,"₹2,000 Support",,,,,,[],,,,,All,0,100,100000,"[""General""]",Both,Ongoing,Active,,"[""social"",""welfare"",""pension"",""poor""]",0,85f6557b-2155-44a7-ac7e-bcb45a5f5bf3,2026-07-25 08:34:57.837,2026-07-25T08:53:09.508662
929e5a18-27c5-4b68-89eb-128f622f4074,Vidya Lakshmi Education Loan Portal,Ministry of Education,"The Vidya Lakshmi Education Loan Portal is a signature government initiative designed to revolutionize the Education sector by providing targeted support to citizens across the nation. This comprehensive scheme is built on the pillars of accessibility, transparency, and impact, ensuring that the benefits reach every eligible individual at the last mile. 
 
Historically, individuals in the Education domain have faced significant systemic hurdles, ranging from high costs of entry to limited resources for growth. The Vidya Lakshmi Education Loan Portal addresses these root causes by offering a multi-faceted approach. Whether it's through direct financial transfers, subsidized services, or infrastructure support, the scheme creates a robust safety net that empowers beneficiaries to achieve their potential.
 
At its core, the Vidya Lakshmi Education Loan Portal is about offering a single-window portal for students to apply for bank loans and scholarships. This means not just providing a one-time relief, but building a sustainable ecosystem where individuals can thrive. The focus remains on academic excellence, student empowerment, and the removal of financial barriers to learning. The scheme's Education orientation ensures that it is tailored to the specific local needs of diverse demographic groups.
 
Furthermore, the implementation of Vidya Lakshmi Education Loan Portal leverages state-of-the-art digital infrastructure, such as the Direct Benefit Transfer (DBT) mechanism and Aad",Education,Scheme,Central,"[""Full tuition fee waiver or academic scholarship grant."",""Monthly maintenance stipend for books, materials, and living costs."",""Additional allowances for disabled students (if applicable).""]","[""Must be an active student enrolled in a registered institution."",""Minimum academic score of 60% in the qualifying examination."",""Annual family income must be under ₹6,00,000.""]","[""Aadhar Card"",""Mark Sheets"",""Income Certificate""]",50000,"₹50,000 Scholarship/yr",,,,,,[],,,,,All,15,30,600000,"[""General"",""SC""]",Both,Ongoing,Active,,"[""education"",""scholarship"",""student""]",0,85f6557b-2155-44a7-ac7e-bcb45a5f5bf3,2026-07-25 08:34:57.837,2026-07-25T08:53:09.508679
95600399-f489-433f-bfbe-731046ee27a7,National Merit Scholarship Scheme,Ministry of Education,"The National Merit Scholarship Scheme is a signature government initiative designed to revolutionize the Education sector by providing targeted support to citizens across the nation. This comprehensive scheme is built on the pillars of accessibility, transparency, and impact, ensuring that the benefits reach every eligible individual at the last mile. 
 
Historically, individuals in the Education domain have faced significant systemic hurdles, ranging from high costs of entry to limited resources for growth. The National Merit Scholarship Scheme addresses these root causes by offering a multi-faceted approach. Whether it's through direct financial transfers, subsidized services, or infrastructure support, the scheme creates a robust safety net that empowers beneficiaries to achieve their potential.
 
At its core, the National Merit Scholarship Scheme is about supporting talented students from rural secondary schools for higher studies. This means not just providing a one-time relief, but building a sustainable ecosystem where individuals can thrive. The focus remains on academic excellence, student empowerment, and the removal of financial barriers to learning. The scheme's Education orientation ensures that it is tailored to the specific local needs of diverse demographic groups.
 
Furthermore, the implementation of National Merit Scholarship Scheme leverages state-of-the-art digital infrastructure, such as the Direct Benefit Transfer (DBT) mechanism and Aadhaar-linked verif",Education,Scheme,Central,"[""Full tuition fee waiver or academic scholarship grant."",""Monthly maintenance stipend for books, materials, and living costs."",""Additional allowances for disabled students (if applicable).""]","[""Must be an active student enrolled in a registered institution."",""Minimum academic score of 60% in the qualifying examination."",""Annual family income must be under ₹6,00,000.""]","[""Aadhar Card"",""Mark Sheets"",""Income Certificate""]",50000,"₹50,000 Scholarship/yr",,,,,,[],,,,,All,15,30,600000,"[""OBC"",""SC""]",Both,Ongoing,Active,,"[""education"",""scholarship"",""student""]",0,85f6557b-2155-44a7-ac7e-bcb45a5f5bf3,2026-07-25 08:34:57.837,2026-07-25T08:53:09.508695
97b4e063-1990-4598-bde6-37da8d1e878a,SFURTI Scheme,Ministry of MSME,"The SFURTI Scheme is a signature government initiative designed to revolutionize the Business sector by providing targeted support to citizens across the nation. This comprehensive scheme is built on the pillars of accessibility, transparency, and impact, ensuring that the benefits reach every eligible individual at the last mile. 
 
Historically, individuals in the Business domain have faced significant systemic hurdles, ranging from high costs of entry to limited resources for growth. The SFURTI Scheme addresses these root causes by offering a multi-faceted approach. Whether it's through direct financial transfers, subsidized services, or infrastructure support, the scheme creates a robust safety net that empowers beneficiaries to achieve their potential.
 
At its core, the SFURTI Scheme is about organizing traditional industries into clusters for better competitiveness. This means not just providing a one-time relief, but building a sustainable ecosystem where individuals can thrive. Empowering entrepreneurs and startups, this program drives economic growth and industrial innovation. The scheme's Business orientation ensures that it is tailored to the specific local needs of diverse demographic groups.
 
Furthermore, the implementation of SFURTI Scheme leverages state-of-the-art digital infrastructure, such as the Direct Benefit Transfer (DBT) mechanism and Aadhaar-linked verification, to eliminate leakages and minimize bureaucratic delays. Applicants can track their statu",Business,Scheme,Central,"[""Collateral-free low-interest working capital and term loans."",""Interest subvention benefits for prompt repayment cycles."",""Capital subsidy on project establishment costs.""]","[""Artisans, micro-business owners, startups, or SC/ST/Women entrepreneurs."",""Requires a viable business project report and proof of activity."",""Age limit: 18 to 65 years at the time of application.""]","[""GST Certificate"",""Pancard"",""Project Report""]",1000000,"₹10,00,000 Support",,,,,,[],,,,,All,18,65,,"[""SC""]",Both,Ongoing,Active,,"[""business"",""msme"",""entrepreneur"",""startup""]",0,85f6557b-2155-44a7-ac7e-bcb45a5f5bf3,2026-07-25 08:34:57.837,2026-07-25T08:53:09.508712
a0407539-d516-4dbc-b595-2fd4f5bfb2d1,Credit Linked Capital Subsidy for Tech Upgradation,Ministry of MSME,"The Credit Linked Capital Subsidy for Tech Upgradation is a signature government initiative designed to revolutionize the Business sector by providing targeted support to citizens across the nation. This comprehensive scheme is built on the pillars of accessibility, transparency, and impact, ensuring that the benefits reach every eligible individual at the last mile. 
 
Historically, individuals in the Business domain have faced significant systemic hurdles, ranging from high costs of entry to limited resources for growth. The Credit Linked Capital Subsidy for Tech Upgradation addresses these root causes by offering a multi-faceted approach. Whether it's through direct financial transfers, subsidized services, or infrastructure support, the scheme creates a robust safety net that empowers beneficiaries to achieve their potential.
 
At its core, the Credit Linked Capital Subsidy for Tech Upgradation is about helping MSMEs upgrade their technology with capital subsidies. This means not just providing a one-time relief, but building a sustainable ecosystem where individuals can thrive. Empowering entrepreneurs and startups, this program drives economic growth and industrial innovation. The scheme's Business orientation ensures that it is tailored to the specific local needs of diverse demographic groups.
 
Furthermore, the implementation of Credit Linked Capital Subsidy for Tech Upgradation leverages state-of-the-art digital infrastructure, such as the Direct Benefit Transfer (D",Business,Loan,Central,"[""Collateral-free low-interest working capital and term loans."",""Interest subvention benefits for prompt repayment cycles."",""Capital subsidy on project establishment costs.""]","[""Artisans, micro-business owners, startups, or SC/ST/Women entrepreneurs."",""Requires a viable business project report and proof of activity."",""Age limit: 18 to 65 years at the time of application.""]","[""GST Certificate"",""Pancard"",""Project Report""]",1000000,"₹10,00,000 Support",,,,,,[],,,,,All,18,65,,"[""General"",""OBC"",""SC"",""ST""]",Both,Ongoing,Active,,"[""business"",""msme"",""entrepreneur"",""startup""]",0,85f6557b-2155-44a7-ac7e-bcb45a5f5bf3,2026-07-25 08:34:57.837,2026-07-25T08:53:09.508728
ace9af06-ff19-452e-8402-abc5fc5500a3,Ayushman Bharat PM-JAY,Ministry of Health and Family Welfare,"The Ayushman Bharat PM-JAY is a signature government initiative designed to revolutionize the Healthcare sector by providing targeted support to citizens across the nation. This comprehensive scheme is built on the pillars of accessibility, transparency, and impact, ensuring that the benefits reach every eligible individual at the last mile. 
 
Historically, individuals in the Healthcare domain have faced significant systemic hurdles, ranging from high costs of entry to limited resources for growth. The Ayushman Bharat PM-JAY addresses these root causes by offering a multi-faceted approach. Whether it's through direct financial transfers, subsidized services, or infrastructure support, the scheme creates a robust safety net that empowers beneficiaries to achieve their potential.
 
At its core, the Ayushman Bharat PM-JAY is about providing health insurance coverage up to ₹5 Lakhs per family per year for secondary and tertiary care. This means not just providing a one-time relief, but building a sustainable ecosystem where individuals can thrive. This initiative prioritizes public health outcomes, medical equity, and the strengthening of clinical infrastructure. The scheme's Healthcare orientation ensures that it is tailored to the specific local needs of diverse demographic groups.
 
Furthermore, the implementation of Ayushman Bharat PM-JAY leverages state-of-the-art digital infrastructure, such as the Direct Benefit Transfer (DBT) mechanism and Aadhaar-linked verification, to",Healthcare,Scheme,Central,"[""Free diagnostic services and clinical treatments at empanelled centers."",""Coverage for secondary and tertiary hospitalization expenses."",""Subsidized post-hospitalization medication and follow-ups.""]","[""Targeted at below-poverty-line (BPL) and marginalized households."",""Requires registration under the State Health Insurance registry."",""Open to all age groups and demographics meeting income limits.""]","[""Aadhar Card"",""Ration Card"",""Medical Reports""]",5000,"₹5,000 Support",,,,,,[],,,,,All,0,100,250000,"[""General"",""OBC"",""SC"",""ST""]",Both,Ongoing,Active,,"[""health"",""medical"",""insurance""]",0,85f6557b-2155-44a7-ac7e-bcb45a5f5bf3,2026-07-25 08:34:57.837,2026-07-25T08:53:09.508745
ad065e5a-6068-4c0f-a251-c99009cbe8a4,Ayushman Bharat Digital Mission,Ministry of Health and Family Welfare,"The Ayushman Bharat Digital Mission is a signature government initiative designed to revolutionize the Healthcare sector by providing targeted support to citizens across the nation. This comprehensive scheme is built on the pillars of accessibility, transparency, and impact, ensuring that the benefits reach every eligible individual at the last mile. 
 
Historically, individuals in the Healthcare domain have faced significant systemic hurdles, ranging from high costs of entry to limited resources for growth. The Ayushman Bharat Digital Mission addresses these root causes by offering a multi-faceted approach. Whether it's through direct financial transfers, subsidized services, or infrastructure support, the scheme creates a robust safety net that empowers beneficiaries to achieve their potential.
 
At its core, the Ayushman Bharat Digital Mission is about creating a seamless digital health ecosystem for Indian citizens. This means not just providing a one-time relief, but building a sustainable ecosystem where individuals can thrive. This initiative prioritizes public health outcomes, medical equity, and the strengthening of clinical infrastructure. The scheme's Healthcare orientation ensures that it is tailored to the specific local needs of diverse demographic groups.
 
Furthermore, the implementation of Ayushman Bharat Digital Mission leverages state-of-the-art digital infrastructure, such as the Direct Benefit Transfer (DBT) mechanism and Aadhaar-linked verification, to e",Healthcare,Scheme,Central,"[""Free diagnostic services and clinical treatments at empanelled centers."",""Coverage for secondary and tertiary hospitalization expenses."",""Subsidized post-hospitalization medication and follow-ups.""]","[""Targeted at below-poverty-line (BPL) and marginalized households."",""Requires registration under the State Health Insurance registry."",""Open to all age groups and demographics meeting income limits.""]","[""Aadhar Card"",""Ration Card"",""Medical Reports""]",5000,"₹5,000 Support",,,,,,[],,,,,All,0,100,250000,"[""General"",""OBC"",""SC"",""ST""]",Both,Ongoing,Active,,"[""health"",""medical"",""insurance""]",0,85f6557b-2155-44a7-ac7e-bcb45a5f5bf3,2026-07-25 08:34:57.837,2026-07-25T08:53:09.508762
ae255f02-d2c8-4d7e-a59b-cbf76d9199ff,Cyber Surakshit Bharat,Ministry of Electronics and IT,"The Cyber Surakshit Bharat is a signature government initiative designed to revolutionize the Technology sector by providing targeted support to citizens across the nation. This comprehensive scheme is built on the pillars of accessibility, transparency, and impact, ensuring that the benefits reach every eligible individual at the last mile. 
 
Historically, individuals in the Technology domain have faced significant systemic hurdles, ranging from high costs of entry to limited resources for growth. The Cyber Surakshit Bharat addresses these root causes by offering a multi-faceted approach. Whether it's through direct financial transfers, subsidized services, or infrastructure support, the scheme creates a robust safety net that empowers beneficiaries to achieve their potential.
 
At its core, the Cyber Surakshit Bharat is about strengthening the cyber security ecosystem for government departments. This means not just providing a one-time relief, but building a sustainable ecosystem where individuals can thrive. Driving the Digital India vision, this scheme fosters high-tech R&D and digital infrastructure. The scheme's Technology orientation ensures that it is tailored to the specific local needs of diverse demographic groups.
 
Furthermore, the implementation of Cyber Surakshit Bharat leverages state-of-the-art digital infrastructure, such as the Direct Benefit Transfer (DBT) mechanism and Aadhaar-linked verification, to eliminate leakages and minimize bureaucratic delays. A",Technology,Scheme,Central,"[""Infrastructure support, design incentives, and R&D grants""]","[""Researchers, tech startups, and electronics manufacturing units""]","[""Project Proposal"",""Company Registration"",""Technical Certifications""]",5000000,"₹50,00,000 Support",,,,,,[],,,,,All,18,60,,"[""OBC"",""ST""]",Both,Ongoing,Active,,"[""technology"",""digital"",""innovation"",""it""]",0,85f6557b-2155-44a7-ac7e-bcb45a5f5bf3,2026-07-25 08:34:57.837,2026-07-25T08:53:09.508776
afb8240c-c907-45d0-9619-51b1fb69310d,Atal Pension Yojana,Ministry of Finance,"The Atal Pension Yojana is a signature government initiative designed to revolutionize the Finance sector by providing targeted support to citizens across the nation. This comprehensive scheme is built on the pillars of accessibility, transparency, and impact, ensuring that the benefits reach every eligible individual at the last mile. 
 
Historically, individuals in the Finance domain have faced significant systemic hurdles, ranging from high costs of entry to limited resources for growth. The Atal Pension Yojana addresses these root causes by offering a multi-faceted approach. Whether it's through direct financial transfers, subsidized services, or infrastructure support, the scheme creates a robust safety net that empowers beneficiaries to achieve their potential.
 
At its core, the Atal Pension Yojana is about providing a guaranteed pension for workers in the unorganized sector. This means not just providing a one-time relief, but building a sustainable ecosystem where individuals can thrive. Enhancing financial inclusion, this scheme provides savings, insurance, and long-term fiscal security. The scheme's Finance orientation ensures that it is tailored to the specific local needs of diverse demographic groups.
 
Furthermore, the implementation of Atal Pension Yojana leverages state-of-the-art digital infrastructure, such as the Direct Benefit Transfer (DBT) mechanism and Aadhaar-linked verification, to eliminate leakages and minimize bureaucratic delays. Applicants can t",Finance,Scheme,Central,"[""High interest rates, insurance cover, and financial security in old age""]","[""All Indian citizens meeting the specific age and investment criteria""]","[""Aadhar Card"",""Pancard"",""Bank Passbook""]",100000,"₹1,00,000 Support",,,,,,[],,,,,All,0,100,,"[""General"",""OBC"",""SC"",""ST""]",Both,Ongoing,Active,,"[""finance"",""savings"",""insurance"",""pension""]",0,85f6557b-2155-44a7-ac7e-bcb45a5f5bf3,2026-07-25 08:34:57.837,2026-07-25T08:53:09.508793
b05e269d-b435-4e98-882c-630949a9b2c4,National Safai Karamcharis Finance Corp,Ministry of Social Justice and Empowerment,"The National Safai Karamcharis Finance Corp is a signature government initiative designed to revolutionize the Social Welfare sector by providing targeted support to citizens across the nation. This comprehensive scheme is built on the pillars of accessibility, transparency, and impact, ensuring that the benefits reach every eligible individual at the last mile. 
 
Historically, individuals in the Social Welfare domain have faced significant systemic hurdles, ranging from high costs of entry to limited resources for growth. The National Safai Karamcharis Finance Corp addresses these root causes by offering a multi-faceted approach. Whether it's through direct financial transfers, subsidized services, or infrastructure support, the scheme creates a robust safety net that empowers beneficiaries to achieve their potential.
 
At its core, the National Safai Karamcharis Finance Corp is about providing low-interest loans for the socio-economic upliftment of safai karamcharis. This means not just providing a one-time relief, but building a sustainable ecosystem where individuals can thrive. Serving the most vulnerable, this program ensures social justice, pensions, and basic safety nets. The scheme's Social Welfare orientation ensures that it is tailored to the specific local needs of diverse demographic groups.
 
Furthermore, the implementation of National Safai Karamcharis Finance Corp leverages state-of-the-art digital infrastructure, such as the Direct Benefit Transfer (DBT) mec",Social Welfare,Scheme,Central,"[""Direct financial support, food security, and social protection""]","[""BPL families, senior citizens, widows, and persons with disabilities""]","[""BPL Card"",""Aadhar Card"",""Disability/Death Certificate""]",2000,"₹2,000 Support",,,,,,[],,,,,All,0,100,100000,"[""General"",""OBC"",""ST""]",Both,Ongoing,Active,,"[""social"",""welfare"",""pension"",""poor""]",0,85f6557b-2155-44a7-ac7e-bcb45a5f5bf3,2026-07-25 08:34:57.837,2026-07-25T08:53:09.508810
b2a783d4-f9a5-4ece-b170-c4117e5cbc1f,Karnataka Housing Board Scheme,Ministry of Housing and Urban Affairs,"The Karnataka Housing Board Scheme is a signature government initiative designed to revolutionize the Housing sector by providing targeted support to citizens across the nation. This comprehensive scheme is built on the pillars of accessibility, transparency, and impact, ensuring that the benefits reach every eligible individual at the last mile. 
 
Historically, individuals in the Housing domain have faced significant systemic hurdles, ranging from high costs of entry to limited resources for growth. The Karnataka Housing Board Scheme addresses these root causes by offering a multi-faceted approach. Whether it's through direct financial transfers, subsidized services, or infrastructure support, the scheme creates a robust safety net that empowers beneficiaries to achieve their potential.
 
At its core, the Karnataka Housing Board Scheme is about offering residential sites and houses to citizens of Karnataka. This means not just providing a one-time relief, but building a sustainable ecosystem where individuals can thrive. Aimed at providing dignity through shelter, this project focuses on affordable residential development. The scheme's Housing orientation ensures that it is tailored to the specific local needs of diverse demographic groups.
 
Furthermore, the implementation of Karnataka Housing Board Scheme leverages state-of-the-art digital infrastructure, such as the Direct Benefit Transfer (DBT) mechanism and Aadhaar-linked verification, to eliminate leakages and minimiz",Housing,Subsidy,Central,"[""Financial grant for building or renovating a pucca house."",""Interest subsidy on housing bank loans under credit-linked schemes."",""Sanitation grant for building household toilets.""]","[""Must not own any pucca house in India under any family member's name."",""Belongs to Economically Weaker Section (EWS) or Low Income Group (LIG)."",""Geographic target: Eligible rural and urban municipal areas.""]","[""Income Certificate"",""Land Registry"",""Aadhar Card""]",250000,"₹2,50,000 Subsidy",,,,,,[],,,,,All,18,70,600000,"[""General"",""OBC"",""SC"",""ST""]",Both,Ongoing,Active,,"[""housing"",""home"",""subsidy"",""construction""]",0,85f6557b-2155-44a7-ac7e-bcb45a5f5bf3,2026-07-25 08:34:57.837,2026-07-25T08:53:09.508830
b31b1d4b-e395-4718-bc93-667a80019e2f,Public Provident Fund (PPF),Ministry of Finance,"The Public Provident Fund (PPF) is a signature government initiative designed to revolutionize the Finance sector by providing targeted support to citizens across the nation. This comprehensive scheme is built on the pillars of accessibility, transparency, and impact, ensuring that the benefits reach every eligible individual at the last mile. 
 
Historically, individuals in the Finance domain have faced significant systemic hurdles, ranging from high costs of entry to limited resources for growth. The Public Provident Fund (PPF) addresses these root causes by offering a multi-faceted approach. Whether it's through direct financial transfers, subsidized services, or infrastructure support, the scheme creates a robust safety net that empowers beneficiaries to achieve their potential.
 
At its core, the Public Provident Fund (PPF) is about a popular long-term savings-cum-tax-saving instrument in India. This means not just providing a one-time relief, but building a sustainable ecosystem where individuals can thrive. Enhancing financial inclusion, this scheme provides savings, insurance, and long-term fiscal security. The scheme's Finance orientation ensures that it is tailored to the specific local needs of diverse demographic groups.
 
Furthermore, the implementation of Public Provident Fund (PPF) leverages state-of-the-art digital infrastructure, such as the Direct Benefit Transfer (DBT) mechanism and Aadhaar-linked verification, to eliminate leakages and minimize bureaucrati",Finance,Scheme,Central,"[""High interest rates, insurance cover, and financial security in old age""]","[""All Indian citizens meeting the specific age and investment criteria""]","[""Aadhar Card"",""Pancard"",""Bank Passbook""]",100000,"₹1,00,000 Support",,,,,,[],,,,,All,0,100,,"[""OBC"",""SC""]",Both,Ongoing,Active,,"[""finance"",""savings"",""insurance"",""pension""]",0,85f6557b-2155-44a7-ac7e-bcb45a5f5bf3,2026-07-25 08:34:57.837,2026-07-25T08:53:09.508846
b54062dc-2d27-4de2-8d9c-47fc89d40f9a,Raising and Accelerating MSME Performance (RAMP),Ministry of MSME,"The Raising and Accelerating MSME Performance (RAMP) is a signature government initiative designed to revolutionize the Business sector by providing targeted support to citizens across the nation. This comprehensive scheme is built on the pillars of accessibility, transparency, and impact, ensuring that the benefits reach every eligible individual at the last mile. 
 
Historically, individuals in the Business domain have faced significant systemic hurdles, ranging from high costs of entry to limited resources for growth. The Raising and Accelerating MSME Performance (RAMP) addresses these root causes by offering a multi-faceted approach. Whether it's through direct financial transfers, subsidized services, or infrastructure support, the scheme creates a robust safety net that empowers beneficiaries to achieve their potential.
 
At its core, the Raising and Accelerating MSME Performance (RAMP) is about strengthening MSME institutions and governance across states. This means not just providing a one-time relief, but building a sustainable ecosystem where individuals can thrive. Empowering entrepreneurs and startups, this program drives economic growth and industrial innovation. The scheme's Business orientation ensures that it is tailored to the specific local needs of diverse demographic groups.
 
Furthermore, the implementation of Raising and Accelerating MSME Performance (RAMP) leverages state-of-the-art digital infrastructure, such as the Direct Benefit Transfer (DBT) mecha",Business,Scheme,Central,"[""Collateral-free low-interest working capital and term loans."",""Interest subvention benefits for prompt repayment cycles."",""Capital subsidy on project establishment costs.""]","[""Artisans, micro-business owners, startups, or SC/ST/Women entrepreneurs."",""Requires a viable business project report and proof of activity."",""Age limit: 18 to 65 years at the time of application.""]","[""GST Certificate"",""Pancard"",""Project Report""]",1000000,"₹10,00,000 Support",,,,,,[],,,,,All,18,65,,"[""SC"",""ST""]",Both,Ongoing,Active,,"[""business"",""msme"",""entrepreneur"",""startup""]",0,85f6557b-2155-44a7-ac7e-bcb45a5f5bf3,2026-07-25 08:34:57.837,2026-07-25T08:53:09.508862
b547febe-d0f7-4660-89e8-1103b55ab7fe,Indira Gandhi National Old Age Pension,Ministry of Social Justice and Empowerment,"The Indira Gandhi National Old Age Pension is a signature government initiative designed to revolutionize the Social Welfare sector by providing targeted support to citizens across the nation. This comprehensive scheme is built on the pillars of accessibility, transparency, and impact, ensuring that the benefits reach every eligible individual at the last mile. 
 
Historically, individuals in the Social Welfare domain have faced significant systemic hurdles, ranging from high costs of entry to limited resources for growth. The Indira Gandhi National Old Age Pension addresses these root causes by offering a multi-faceted approach. Whether it's through direct financial transfers, subsidized services, or infrastructure support, the scheme creates a robust safety net that empowers beneficiaries to achieve their potential.
 
At its core, the Indira Gandhi National Old Age Pension is about granting monthly pension to senior citizens from BPL households. This means not just providing a one-time relief, but building a sustainable ecosystem where individuals can thrive. Serving the most vulnerable, this program ensures social justice, pensions, and basic safety nets. The scheme's Social Welfare orientation ensures that it is tailored to the specific local needs of diverse demographic groups.
 
Furthermore, the implementation of Indira Gandhi National Old Age Pension leverages state-of-the-art digital infrastructure, such as the Direct Benefit Transfer (DBT) mechanism and Aadhaar-linke",Social Welfare,Scheme,Central,"[""Direct financial support, food security, and social protection""]","[""BPL families, senior citizens, widows, and persons with disabilities""]","[""BPL Card"",""Aadhar Card"",""Disability/Death Certificate""]",2000,"₹2,000 Support",,,,,,[],,,,,All,0,100,100000,"[""General"",""SC"",""ST""]",Both,Ongoing,Active,,"[""social"",""welfare"",""pension"",""poor""]",0,85f6557b-2155-44a7-ac7e-bcb45a5f5bf3,2026-07-25 08:34:57.837,2026-07-25T08:53:09.508878
b5e8c07f-30d2-484c-b403-c89d42d93bbe,MHADA Lottery Scheme,Ministry of Housing and Urban Affairs,"The MHADA Lottery Scheme is a signature government initiative designed to revolutionize the Housing sector by providing targeted support to citizens across the nation. This comprehensive scheme is built on the pillars of accessibility, transparency, and impact, ensuring that the benefits reach every eligible individual at the last mile. 
 
Historically, individuals in the Housing domain have faced significant systemic hurdles, ranging from high costs of entry to limited resources for growth. The MHADA Lottery Scheme addresses these root causes by offering a multi-faceted approach. Whether it's through direct financial transfers, subsidized services, or infrastructure support, the scheme creates a robust safety net that empowers beneficiaries to achieve their potential.
 
At its core, the MHADA Lottery Scheme is about providing low-cost housing options for various income groups in Maharashtra. This means not just providing a one-time relief, but building a sustainable ecosystem where individuals can thrive. Aimed at providing dignity through shelter, this project focuses on affordable residential development. The scheme's Housing orientation ensures that it is tailored to the specific local needs of diverse demographic groups.
 
Furthermore, the implementation of MHADA Lottery Scheme leverages state-of-the-art digital infrastructure, such as the Direct Benefit Transfer (DBT) mechanism and Aadhaar-linked verification, to eliminate leakages and minimize bureaucratic delays. Appl",Housing,Subsidy,Central,"[""Financial grant for building or renovating a pucca house."",""Interest subsidy on housing bank loans under credit-linked schemes."",""Sanitation grant for building household toilets.""]","[""Must not own any pucca house in India under any family member's name."",""Belongs to Economically Weaker Section (EWS) or Low Income Group (LIG)."",""Geographic target: Eligible rural and urban municipal areas.""]","[""Income Certificate"",""Land Registry"",""Aadhar Card""]",250000,"₹2,50,000 Subsidy",,,,,,[],,,,,All,18,70,600000,"[""General"",""OBC"",""SC"",""ST""]",Both,Ongoing,Active,,"[""housing"",""home"",""subsidy"",""construction""]",0,85f6557b-2155-44a7-ac7e-bcb45a5f5bf3,2026-07-25 08:34:57.837,2026-07-25T08:53:09.508894
ba382743-3fbb-42f4-bb43-624da5816129,NTR Housing Scheme,Ministry of Housing and Urban Affairs,"The NTR Housing Scheme is a signature government initiative designed to revolutionize the Housing sector by providing targeted support to citizens across the nation. This comprehensive scheme is built on the pillars of accessibility, transparency, and impact, ensuring that the benefits reach every eligible individual at the last mile. 
 
Historically, individuals in the Housing domain have faced significant systemic hurdles, ranging from high costs of entry to limited resources for growth. The NTR Housing Scheme addresses these root causes by offering a multi-faceted approach. Whether it's through direct financial transfers, subsidized services, or infrastructure support, the scheme creates a robust safety net that empowers beneficiaries to achieve their potential.
 
At its core, the NTR Housing Scheme is about providing permanent houses to homeless people in Andhra Pradesh. This means not just providing a one-time relief, but building a sustainable ecosystem where individuals can thrive. Aimed at providing dignity through shelter, this project focuses on affordable residential development. The scheme's Housing orientation ensures that it is tailored to the specific local needs of diverse demographic groups.
 
Furthermore, the implementation of NTR Housing Scheme leverages state-of-the-art digital infrastructure, such as the Direct Benefit Transfer (DBT) mechanism and Aadhaar-linked verification, to eliminate leakages and minimize bureaucratic delays. Applicants can track the",Housing,Subsidy,Central,"[""Financial grant for building or renovating a pucca house."",""Interest subsidy on housing bank loans under credit-linked schemes."",""Sanitation grant for building household toilets.""]","[""Must not own any pucca house in India under any family member's name."",""Belongs to Economically Weaker Section (EWS) or Low Income Group (LIG)."",""Geographic target: Eligible rural and urban municipal areas.""]","[""Income Certificate"",""Land Registry"",""Aadhar Card""]",250000,"₹2,50,000 Subsidy",,,,,,[],,,,,All,18,70,600000,"[""General"",""OBC"",""SC"",""ST""]",Both,Ongoing,Active,,"[""housing"",""home"",""subsidy"",""construction""]",0,85f6557b-2155-44a7-ac7e-bcb45a5f5bf3,2026-07-25 08:34:57.837,2026-07-25T08:53:09.508910
beb81507-5e8c-4176-b714-6458b0e575ab,Rajasthan Housing Board Scheme,Ministry of Housing and Urban Affairs,"The Rajasthan Housing Board Scheme is a signature government initiative designed to revolutionize the Housing sector by providing targeted support to citizens across the nation. This comprehensive scheme is built on the pillars of accessibility, transparency, and impact, ensuring that the benefits reach every eligible individual at the last mile. 
 
Historically, individuals in the Housing domain have faced significant systemic hurdles, ranging from high costs of entry to limited resources for growth. The Rajasthan Housing Board Scheme addresses these root causes by offering a multi-faceted approach. Whether it's through direct financial transfers, subsidized services, or infrastructure support, the scheme creates a robust safety net that empowers beneficiaries to achieve their potential.
 
At its core, the Rajasthan Housing Board Scheme is about offering affordable homes to residents of Rajasthan under various categories. This means not just providing a one-time relief, but building a sustainable ecosystem where individuals can thrive. Aimed at providing dignity through shelter, this project focuses on affordable residential development. The scheme's Housing orientation ensures that it is tailored to the specific local needs of diverse demographic groups.
 
Furthermore, the implementation of Rajasthan Housing Board Scheme leverages state-of-the-art digital infrastructure, such as the Direct Benefit Transfer (DBT) mechanism and Aadhaar-linked verification, to eliminate leakag",Housing,Subsidy,Central,"[""Financial grant for building or renovating a pucca house."",""Interest subsidy on housing bank loans under credit-linked schemes."",""Sanitation grant for building household toilets.""]","[""Must not own any pucca house in India under any family member's name."",""Belongs to Economically Weaker Section (EWS) or Low Income Group (LIG)."",""Geographic target: Eligible rural and urban municipal areas.""]","[""Income Certificate"",""Land Registry"",""Aadhar Card""]",250000,"₹2,50,000 Subsidy",,,,,,[],,,,,All,18,70,600000,"[""General""]",Both,Ongoing,Active,,"[""housing"",""home"",""subsidy"",""construction""]",0,85f6557b-2155-44a7-ac7e-bcb45a5f5bf3,2026-07-25 08:34:57.837,2026-07-25T08:53:09.508927
bec4edcc-00a3-4608-8b08-30ca017a3da7,Jan Aushadhi Yojana,Ministry of Health and Family Welfare,"The Jan Aushadhi Yojana is a signature government initiative designed to revolutionize the Healthcare sector by providing targeted support to citizens across the nation. This comprehensive scheme is built on the pillars of accessibility, transparency, and impact, ensuring that the benefits reach every eligible individual at the last mile. 
 
Historically, individuals in the Healthcare domain have faced significant systemic hurdles, ranging from high costs of entry to limited resources for growth. The Jan Aushadhi Yojana addresses these root causes by offering a multi-faceted approach. Whether it's through direct financial transfers, subsidized services, or infrastructure support, the scheme creates a robust safety net that empowers beneficiaries to achieve their potential.
 
At its core, the Jan Aushadhi Yojana is about making quality generic medicines available at affordable prices to all. This means not just providing a one-time relief, but building a sustainable ecosystem where individuals can thrive. This initiative prioritizes public health outcomes, medical equity, and the strengthening of clinical infrastructure. The scheme's Healthcare orientation ensures that it is tailored to the specific local needs of diverse demographic groups.
 
Furthermore, the implementation of Jan Aushadhi Yojana leverages state-of-the-art digital infrastructure, such as the Direct Benefit Transfer (DBT) mechanism and Aadhaar-linked verification, to eliminate leakages and minimize bureaucrati",Healthcare,Scheme,Central,"[""Free diagnostic services and clinical treatments at empanelled centers."",""Coverage for secondary and tertiary hospitalization expenses."",""Subsidized post-hospitalization medication and follow-ups.""]","[""Targeted at below-poverty-line (BPL) and marginalized households."",""Requires registration under the State Health Insurance registry."",""Open to all age groups and demographics meeting income limits.""]","[""Aadhar Card"",""Ration Card"",""Medical Reports""]",5000,"₹5,000 Support",,,,,,[],,,,,All,0,100,250000,"[""General"",""OBC"",""SC"",""ST""]",Both,Ongoing,Active,,"[""health"",""medical"",""insurance""]",0,85f6557b-2155-44a7-ac7e-bcb45a5f5bf3,2026-07-25 08:34:57.837,2026-07-25T08:53:09.508943
c07bde40-5ad3-46de-b0ce-04218ad45c45,Semicon India Program,Ministry of Electronics and IT,"The Semicon India Program is a signature government initiative designed to revolutionize the Technology sector by providing targeted support to citizens across the nation. This comprehensive scheme is built on the pillars of accessibility, transparency, and impact, ensuring that the benefits reach every eligible individual at the last mile. 
 
Historically, individuals in the Technology domain have faced significant systemic hurdles, ranging from high costs of entry to limited resources for growth. The Semicon India Program addresses these root causes by offering a multi-faceted approach. Whether it's through direct financial transfers, subsidized services, or infrastructure support, the scheme creates a robust safety net that empowers beneficiaries to achieve their potential.
 
At its core, the Semicon India Program is about developing the semiconductor and display manufacturing ecosystem in India. This means not just providing a one-time relief, but building a sustainable ecosystem where individuals can thrive. Driving the Digital India vision, this scheme fosters high-tech R&D and digital infrastructure. The scheme's Technology orientation ensures that it is tailored to the specific local needs of diverse demographic groups.
 
Furthermore, the implementation of Semicon India Program leverages state-of-the-art digital infrastructure, such as the Direct Benefit Transfer (DBT) mechanism and Aadhaar-linked verification, to eliminate leakages and minimize bureaucratic delays. A",Technology,Scheme,Central,"[""Infrastructure support, design incentives, and R&D grants""]","[""Researchers, tech startups, and electronics manufacturing units""]","[""Project Proposal"",""Company Registration"",""Technical Certifications""]",5000000,"₹50,00,000 Support",,,,,,[],,,,,All,18,60,,"[""General"",""OBC"",""SC"",""ST""]",Both,Ongoing,Active,,"[""technology"",""digital"",""innovation"",""it""]",0,85f6557b-2155-44a7-ac7e-bcb45a5f5bf3,2026-07-25 08:34:57.837,2026-07-25T08:53:09.508960
c13d8309-fa2f-4f20-aba1-8e6f9b57269a,Chief Minister Comprehensive Health Insurance (TN),Ministry of Health and Family Welfare,"The Chief Minister Comprehensive Health Insurance (TN) is a signature government initiative designed to revolutionize the Healthcare sector by providing targeted support to citizens across the nation. This comprehensive scheme is built on the pillars of accessibility, transparency, and impact, ensuring that the benefits reach every eligible individual at the last mile. 
 
Historically, individuals in the Healthcare domain have faced significant systemic hurdles, ranging from high costs of entry to limited resources for growth. The Chief Minister Comprehensive Health Insurance (TN) addresses these root causes by offering a multi-faceted approach. Whether it's through direct financial transfers, subsidized services, or infrastructure support, the scheme creates a robust safety net that empowers beneficiaries to achieve their potential.
 
At its core, the Chief Minister Comprehensive Health Insurance (TN) is about state-level insurance for catastrophic health expenses in Tamil Nadu. This means not just providing a one-time relief, but building a sustainable ecosystem where individuals can thrive. This initiative prioritizes public health outcomes, medical equity, and the strengthening of clinical infrastructure. The scheme's Healthcare orientation ensures that it is tailored to the specific local needs of diverse demographic groups.
 
Furthermore, the implementation of Chief Minister Comprehensive Health Insurance (TN) leverages state-of-the-art digital infrastructure, such as t",Healthcare,Scheme,Central,"[""Free diagnostic services and clinical treatments at empanelled centers."",""Coverage for secondary and tertiary hospitalization expenses."",""Subsidized post-hospitalization medication and follow-ups.""]","[""Targeted at below-poverty-line (BPL) and marginalized households."",""Requires registration under the State Health Insurance registry."",""Open to all age groups and demographics meeting income limits.""]","[""Aadhar Card"",""Ration Card"",""Medical Reports""]",5000,"₹5,000 Support",,,,,,[],,,,,All,0,100,250000,"[""General"",""OBC"",""SC"",""ST""]",Both,Ongoing,Active,,"[""health"",""medical"",""insurance""]",0,85f6557b-2155-44a7-ac7e-bcb45a5f5bf3,2026-07-25 08:34:57.837,2026-07-25T08:53:09.508976
c197d571-20fd-41e3-bafc-3c77f1589bc3,Senior Citizens Savings Scheme,Ministry of Finance,"The Senior Citizens Savings Scheme is a signature government initiative designed to revolutionize the Finance sector by providing targeted support to citizens across the nation. This comprehensive scheme is built on the pillars of accessibility, transparency, and impact, ensuring that the benefits reach every eligible individual at the last mile. 
 
Historically, individuals in the Finance domain have faced significant systemic hurdles, ranging from high costs of entry to limited resources for growth. The Senior Citizens Savings Scheme addresses these root causes by offering a multi-faceted approach. Whether it's through direct financial transfers, subsidized services, or infrastructure support, the scheme creates a robust safety net that empowers beneficiaries to achieve their potential.
 
At its core, the Senior Citizens Savings Scheme is about offering high interest rates for citizens aged 60 years and above. This means not just providing a one-time relief, but building a sustainable ecosystem where individuals can thrive. Enhancing financial inclusion, this scheme provides savings, insurance, and long-term fiscal security. The scheme's Finance orientation ensures that it is tailored to the specific local needs of diverse demographic groups.
 
Furthermore, the implementation of Senior Citizens Savings Scheme leverages state-of-the-art digital infrastructure, such as the Direct Benefit Transfer (DBT) mechanism and Aadhaar-linked verification, to eliminate leakages and minim",Finance,Scheme,Central,"[""High interest rates, insurance cover, and financial security in old age""]","[""All Indian citizens meeting the specific age and investment criteria""]","[""Aadhar Card"",""Pancard"",""Bank Passbook""]",100000,"₹1,00,000 Support",,,,,,[],,,,,All,0,100,,"[""General"",""OBC"",""ST""]",Both,Ongoing,Active,,"[""finance"",""savings"",""insurance"",""pension""]",0,85f6557b-2155-44a7-ac7e-bcb45a5f5bf3,2026-07-25 08:34:57.837,2026-07-25T08:53:09.508992
c26913db-3a77-4a74-a7b8-22a7c2ee70fc,Digital India Mission,Ministry of Electronics and IT,"The Digital India Mission is a signature government initiative designed to revolutionize the Technology sector by providing targeted support to citizens across the nation. This comprehensive scheme is built on the pillars of accessibility, transparency, and impact, ensuring that the benefits reach every eligible individual at the last mile. 
 
Historically, individuals in the Technology domain have faced significant systemic hurdles, ranging from high costs of entry to limited resources for growth. The Digital India Mission addresses these root causes by offering a multi-faceted approach. Whether it's through direct financial transfers, subsidized services, or infrastructure support, the scheme creates a robust safety net that empowers beneficiaries to achieve their potential.
 
At its core, the Digital India Mission is about transforming India into a digitally empowered society and knowledge economy. This means not just providing a one-time relief, but building a sustainable ecosystem where individuals can thrive. Driving the Digital India vision, this scheme fosters high-tech R&D and digital infrastructure. The scheme's Technology orientation ensures that it is tailored to the specific local needs of diverse demographic groups.
 
Furthermore, the implementation of Digital India Mission leverages state-of-the-art digital infrastructure, such as the Direct Benefit Transfer (DBT) mechanism and Aadhaar-linked verification, to eliminate leakages and minimize bureaucratic delays.",Technology,Scheme,Central,"[""Infrastructure support, design incentives, and R&D grants""]","[""Researchers, tech startups, and electronics manufacturing units""]","[""Project Proposal"",""Company Registration"",""Technical Certifications""]",5000000,"₹50,00,000 Support",,,,,,[],,,,,All,18,60,,"[""OBC""]",Both,Ongoing,Active,,"[""technology"",""digital"",""innovation"",""it""]",0,85f6557b-2155-44a7-ac7e-bcb45a5f5bf3,2026-07-25 08:34:57.837,2026-07-25T08:53:09.509008
c52d2a52-2ae0-45dd-b2ad-263195fe7f4c,Post Matric Scholarship for Minorities,Ministry of Education,"The Post Matric Scholarship for Minorities is a signature government initiative designed to revolutionize the Education sector by providing targeted support to citizens across the nation. This comprehensive scheme is built on the pillars of accessibility, transparency, and impact, ensuring that the benefits reach every eligible individual at the last mile. 
 
Historically, individuals in the Education domain have faced significant systemic hurdles, ranging from high costs of entry to limited resources for growth. The Post Matric Scholarship for Minorities addresses these root causes by offering a multi-faceted approach. Whether it's through direct financial transfers, subsidized services, or infrastructure support, the scheme creates a robust safety net that empowers beneficiaries to achieve their potential.
 
At its core, the Post Matric Scholarship for Minorities is about supporting students from minority communities for higher education after matriculation. This means not just providing a one-time relief, but building a sustainable ecosystem where individuals can thrive. The focus remains on academic excellence, student empowerment, and the removal of financial barriers to learning. The scheme's Education orientation ensures that it is tailored to the specific local needs of diverse demographic groups.
 
Furthermore, the implementation of Post Matric Scholarship for Minorities leverages state-of-the-art digital infrastructure, such as the Direct Benefit Transfer (DBT) mech",Education,Scheme,Central,"[""Full tuition fee waiver or academic scholarship grant."",""Monthly maintenance stipend for books, materials, and living costs."",""Additional allowances for disabled students (if applicable).""]","[""Must be an active student enrolled in a registered institution."",""Minimum academic score of 60% in the qualifying examination."",""Annual family income must be under ₹6,00,000.""]","[""Aadhar Card"",""Mark Sheets"",""Income Certificate""]",50000,"₹50,000 Scholarship/yr",,,,,,[],,,,,All,15,30,600000,"[""SC""]",Both,Ongoing,Active,,"[""education"",""scholarship"",""student""]",0,85f6557b-2155-44a7-ac7e-bcb45a5f5bf3,2026-07-25 08:34:57.836,2026-07-25T08:53:09.509024
c5728994-a413-4e7d-93d8-ffd686aa3cec,PM-KISAN,Ministry of Agriculture and Farmers Welfare,"The PM-KISAN is a signature government initiative designed to revolutionize the Agriculture sector by providing targeted support to citizens across the nation. This comprehensive scheme is built on the pillars of accessibility, transparency, and impact, ensuring that the benefits reach every eligible individual at the last mile. 
 
Historically, individuals in the Agriculture domain have faced significant systemic hurdles, ranging from high costs of entry to limited resources for growth. The PM-KISAN addresses these root causes by offering a multi-faceted approach. Whether it's through direct financial transfers, subsidized services, or infrastructure support, the scheme creates a robust safety net that empowers beneficiaries to achieve their potential.
 
At its core, the PM-KISAN is about transferring ₹6,000 annually in three installments directly to farmers' bank accounts. This means not just providing a one-time relief, but building a sustainable ecosystem where individuals can thrive. Supporting the backbone of our economy, this scheme targets farmers, crop yields, and rural sustainability. The scheme's Agriculture orientation ensures that it is tailored to the specific local needs of diverse demographic groups.
 
Furthermore, the implementation of PM-KISAN leverages state-of-the-art digital infrastructure, such as the Direct Benefit Transfer (DBT) mechanism and Aadhaar-linked verification, to eliminate leakages and minimize bureaucratic delays. Applicants can track their",Agriculture,Scheme,Central,"[""Direct financial assistance transferred directly to bank accounts."",""Subsidies on seeds, fertilizers, and agricultural equipment."",""Crop insurance coverage against natural disasters or failure.""]","[""Must own cultivable agricultural land under their name."",""Small and marginal farmers holding less than 2 hectares of land."",""Requires Aadhaar-linked land record verification.""]","[""Land Documents"",""Aadhar Card"",""Bank Account Details""]",6000,"₹6,000 Subsidy",,,,,,[],,,,,All,18,60,,"[""General"",""OBC"",""ST""]",Rural,Ongoing,Active,,"[""agriculture"",""farmer"",""subsidy""]",0,85f6557b-2155-44a7-ac7e-bcb45a5f5bf3,2026-07-25 08:34:57.837,2026-07-25T08:53:09.509052
c7855599-341e-45d0-a74f-2f44a7d98f98,UP Awas Vikas Yojana,Ministry of Housing and Urban Affairs,"The UP Awas Vikas Yojana is a signature government initiative designed to revolutionize the Housing sector by providing targeted support to citizens across the nation. This comprehensive scheme is built on the pillars of accessibility, transparency, and impact, ensuring that the benefits reach every eligible individual at the last mile. 
 
Historically, individuals in the Housing domain have faced significant systemic hurdles, ranging from high costs of entry to limited resources for growth. The UP Awas Vikas Yojana addresses these root causes by offering a multi-faceted approach. Whether it's through direct financial transfers, subsidized services, or infrastructure support, the scheme creates a robust safety net that empowers beneficiaries to achieve their potential.
 
At its core, the UP Awas Vikas Yojana is about developing modern townships and affordable housing projects in Uttar Pradesh. This means not just providing a one-time relief, but building a sustainable ecosystem where individuals can thrive. Aimed at providing dignity through shelter, this project focuses on affordable residential development. The scheme's Housing orientation ensures that it is tailored to the specific local needs of diverse demographic groups.
 
Furthermore, the implementation of UP Awas Vikas Yojana leverages state-of-the-art digital infrastructure, such as the Direct Benefit Transfer (DBT) mechanism and Aadhaar-linked verification, to eliminate leakages and minimize bureaucratic delays. App",Housing,Subsidy,Central,"[""Financial grant for building or renovating a pucca house."",""Interest subsidy on housing bank loans under credit-linked schemes."",""Sanitation grant for building household toilets.""]","[""Must not own any pucca house in India under any family member's name."",""Belongs to Economically Weaker Section (EWS) or Low Income Group (LIG)."",""Geographic target: Eligible rural and urban municipal areas.""]","[""Income Certificate"",""Land Registry"",""Aadhar Card""]",250000,"₹2,50,000 Subsidy",,,,,,[],,,,,All,18,70,600000,"[""General"",""OBC"",""SC"",""ST""]",Both,Ongoing,Active,,"[""housing"",""home"",""subsidy"",""construction""]",0,85f6557b-2155-44a7-ac7e-bcb45a5f5bf3,2026-07-25 08:34:57.837,2026-07-25T08:53:09.509069
cc98dedc-02d1-4935-8c4f-32d77d522009,National Leprosy Eradication Programme,Ministry of Health and Family Welfare,"The National Leprosy Eradication Programme is a signature government initiative designed to revolutionize the Healthcare sector by providing targeted support to citizens across the nation. This comprehensive scheme is built on the pillars of accessibility, transparency, and impact, ensuring that the benefits reach every eligible individual at the last mile. 
 
Historically, individuals in the Healthcare domain have faced significant systemic hurdles, ranging from high costs of entry to limited resources for growth. The National Leprosy Eradication Programme addresses these root causes by offering a multi-faceted approach. Whether it's through direct financial transfers, subsidized services, or infrastructure support, the scheme creates a robust safety net that empowers beneficiaries to achieve their potential.
 
At its core, the National Leprosy Eradication Programme is about identifying and treating leprosy early to prevent disabilities. This means not just providing a one-time relief, but building a sustainable ecosystem where individuals can thrive. This initiative prioritizes public health outcomes, medical equity, and the strengthening of clinical infrastructure. The scheme's Healthcare orientation ensures that it is tailored to the specific local needs of diverse demographic groups.
 
Furthermore, the implementation of National Leprosy Eradication Programme leverages state-of-the-art digital infrastructure, such as the Direct Benefit Transfer (DBT) mechanism and Aadhaar",Healthcare,Scheme,Central,"[""Free diagnostic services and clinical treatments at empanelled centers."",""Coverage for secondary and tertiary hospitalization expenses."",""Subsidized post-hospitalization medication and follow-ups.""]","[""Targeted at below-poverty-line (BPL) and marginalized households."",""Requires registration under the State Health Insurance registry."",""Open to all age groups and demographics meeting income limits.""]","[""Aadhar Card"",""Ration Card"",""Medical Reports""]",5000,"₹5,000 Support",,,,,,[],,,,,All,0,100,250000,"[""OBC"",""SC""]",Both,Ongoing,Active,,"[""health"",""medical"",""insurance""]",0,85f6557b-2155-44a7-ac7e-bcb45a5f5bf3,2026-07-25 08:34:57.837,2026-07-25T08:53:09.509085
cf5ad4d9-be73-42a0-b3aa-e906516d7ffa,PM Jan Dhan Yojana,Ministry of Finance,"The PM Jan Dhan Yojana is a signature government initiative designed to revolutionize the Finance sector by providing targeted support to citizens across the nation. This comprehensive scheme is built on the pillars of accessibility, transparency, and impact, ensuring that the benefits reach every eligible individual at the last mile. 
 
Historically, individuals in the Finance domain have faced significant systemic hurdles, ranging from high costs of entry to limited resources for growth. The PM Jan Dhan Yojana addresses these root causes by offering a multi-faceted approach. Whether it's through direct financial transfers, subsidized services, or infrastructure support, the scheme creates a robust safety net that empowers beneficiaries to achieve their potential.
 
At its core, the PM Jan Dhan Yojana is about ensuring access to financial services like savings accounts, credit, and insurance. This means not just providing a one-time relief, but building a sustainable ecosystem where individuals can thrive. Enhancing financial inclusion, this scheme provides savings, insurance, and long-term fiscal security. The scheme's Finance orientation ensures that it is tailored to the specific local needs of diverse demographic groups.
 
Furthermore, the implementation of PM Jan Dhan Yojana leverages state-of-the-art digital infrastructure, such as the Direct Benefit Transfer (DBT) mechanism and Aadhaar-linked verification, to eliminate leakages and minimize bureaucratic delays. Applic",Finance,Scheme,Central,"[""High interest rates, insurance cover, and financial security in old age""]","[""All Indian citizens meeting the specific age and investment criteria""]","[""Aadhar Card"",""Pancard"",""Bank Passbook""]",100000,"₹1,00,000 Support",,,,,,[],,,,,All,0,100,,"[""General"",""OBC"",""SC"",""ST""]",Both,Ongoing,Active,,"[""finance"",""savings"",""insurance"",""pension""]",0,85f6557b-2155-44a7-ac7e-bcb45a5f5bf3,2026-07-25 08:34:57.837,2026-07-25T08:53:09.509100
d6e961c8-3528-4024-aed6-f12b61756b59,Support for International Patent Protection,Ministry of MSME,"The Support for International Patent Protection is a signature government initiative designed to revolutionize the Business sector by providing targeted support to citizens across the nation. This comprehensive scheme is built on the pillars of accessibility, transparency, and impact, ensuring that the benefits reach every eligible individual at the last mile. 
 
Historically, individuals in the Business domain have faced significant systemic hurdles, ranging from high costs of entry to limited resources for growth. The Support for International Patent Protection addresses these root causes by offering a multi-faceted approach. Whether it's through direct financial transfers, subsidized services, or infrastructure support, the scheme creates a robust safety net that empowers beneficiaries to achieve their potential.
 
At its core, the Support for International Patent Protection is about reimbursing expenses for international patent filing for Indian MSMEs. This means not just providing a one-time relief, but building a sustainable ecosystem where individuals can thrive. Empowering entrepreneurs and startups, this program drives economic growth and industrial innovation. The scheme's Business orientation ensures that it is tailored to the specific local needs of diverse demographic groups.
 
Furthermore, the implementation of Support for International Patent Protection leverages state-of-the-art digital infrastructure, such as the Direct Benefit Transfer (DBT) mechanism and Aa",Business,Scheme,Central,"[""Collateral-free low-interest working capital and term loans."",""Interest subvention benefits for prompt repayment cycles."",""Capital subsidy on project establishment costs.""]","[""Artisans, micro-business owners, startups, or SC/ST/Women entrepreneurs."",""Requires a viable business project report and proof of activity."",""Age limit: 18 to 65 years at the time of application.""]","[""GST Certificate"",""Pancard"",""Project Report""]",1000000,"₹10,00,000 Support",,,,,,[],,,,,All,18,65,,"[""General"",""OBC"",""SC"",""ST""]",Both,Ongoing,Active,,"[""business"",""msme"",""entrepreneur"",""startup""]",0,85f6557b-2155-44a7-ac7e-bcb45a5f5bf3,2026-07-25 08:34:57.837,2026-07-25T08:53:09.509117
db8c6a20-65e8-444a-b8fd-58c969b1eef6,PM Krishi Sinchai Yojana,Ministry of Agriculture and Farmers Welfare,"The PM Krishi Sinchai Yojana is a signature government initiative designed to revolutionize the Agriculture sector by providing targeted support to citizens across the nation. This comprehensive scheme is built on the pillars of accessibility, transparency, and impact, ensuring that the benefits reach every eligible individual at the last mile. 
 
Historically, individuals in the Agriculture domain have faced significant systemic hurdles, ranging from high costs of entry to limited resources for growth. The PM Krishi Sinchai Yojana addresses these root causes by offering a multi-faceted approach. Whether it's through direct financial transfers, subsidized services, or infrastructure support, the scheme creates a robust safety net that empowers beneficiaries to achieve their potential.
 
At its core, the PM Krishi Sinchai Yojana is about improving water use efficiency through 'Per Drop More Crop' initiatives. This means not just providing a one-time relief, but building a sustainable ecosystem where individuals can thrive. Supporting the backbone of our economy, this scheme targets farmers, crop yields, and rural sustainability. The scheme's Agriculture orientation ensures that it is tailored to the specific local needs of diverse demographic groups.
 
Furthermore, the implementation of PM Krishi Sinchai Yojana leverages state-of-the-art digital infrastructure, such as the Direct Benefit Transfer (DBT) mechanism and Aadhaar-linked verification, to eliminate leakages and minimi",Agriculture,Subsidy,Central,"[""Up to 55% subsidy on micro-irrigation systems for small/marginal farmers."",""Up to 45% subsidy on systems for other general farmers."",""Direct Benefit Transfer (DBT) payment to Aadhaar-seeded bank accounts.""]","[""Farmers owning cultivable land with access to water sources."",""Must purchase systems from empanelled solar and irrigation vendors."",""Requires copy of land registry, Aadhaar, and electricity bills.""]","[""Land Documents"",""Aadhar Card"",""Bank Account Details""]",6000,Up to 55% Drip Irrigation Subsidy,,,,,,[],55,50000,true,true,All,18,60,,"[""OBC"",""SC"",""ST""]",Rural,Ongoing,Active,,"[""agriculture"",""farmer"",""subsidy""]",0,85f6557b-2155-44a7-ac7e-bcb45a5f5bf3,2026-07-25 08:34:57.837,2026-07-25T08:53:09.509137
dbe2807a-c8c5-4d28-91a4-eba74827f59a,PM Kisan Sampada Yojana,Ministry of MSME,"The PM Kisan Sampada Yojana is a signature government initiative designed to revolutionize the Business sector by providing targeted support to citizens across the nation. This comprehensive scheme is built on the pillars of accessibility, transparency, and impact, ensuring that the benefits reach every eligible individual at the last mile. 
 
Historically, individuals in the Business domain have faced significant systemic hurdles, ranging from high costs of entry to limited resources for growth. The PM Kisan Sampada Yojana addresses these root causes by offering a multi-faceted approach. Whether it's through direct financial transfers, subsidized services, or infrastructure support, the scheme creates a robust safety net that empowers beneficiaries to achieve their potential.
 
At its core, the PM Kisan Sampada Yojana is about creating modern infrastructure for food processing and supply chain management. This means not just providing a one-time relief, but building a sustainable ecosystem where individuals can thrive. Empowering entrepreneurs and startups, this program drives economic growth and industrial innovation. The scheme's Business orientation ensures that it is tailored to the specific local needs of diverse demographic groups.
 
Furthermore, the implementation of PM Kisan Sampada Yojana leverages state-of-the-art digital infrastructure, such as the Direct Benefit Transfer (DBT) mechanism and Aadhaar-linked verification, to eliminate leakages and minimize bureaucra",Business,Scheme,Central,"[""Collateral-free low-interest working capital and term loans."",""Interest subvention benefits for prompt repayment cycles."",""Capital subsidy on project establishment costs.""]","[""Artisans, micro-business owners, startups, or SC/ST/Women entrepreneurs."",""Requires a viable business project report and proof of activity."",""Age limit: 18 to 65 years at the time of application.""]","[""GST Certificate"",""Pancard"",""Project Report""]",1000000,"₹10,00,000 Support",,,,,,[],,,,,All,18,65,,"[""General"",""OBC"",""SC"",""ST""]",Both,Ongoing,Active,,"[""business"",""msme"",""entrepreneur"",""startup""]",0,85f6557b-2155-44a7-ac7e-bcb45a5f5bf3,2026-07-25 08:34:57.837,2026-07-25T08:53:09.509155
dee34f4f-d500-4204-b84f-34d1298438c2,PM Bhartiya Janaushadhi Pariyojana,Ministry of Health and Family Welfare,"The PM Bhartiya Janaushadhi Pariyojana is a signature government initiative designed to revolutionize the Healthcare sector by providing targeted support to citizens across the nation. This comprehensive scheme is built on the pillars of accessibility, transparency, and impact, ensuring that the benefits reach every eligible individual at the last mile. 
 
Historically, individuals in the Healthcare domain have faced significant systemic hurdles, ranging from high costs of entry to limited resources for growth. The PM Bhartiya Janaushadhi Pariyojana addresses these root causes by offering a multi-faceted approach. Whether it's through direct financial transfers, subsidized services, or infrastructure support, the scheme creates a robust safety net that empowers beneficiaries to achieve their potential.
 
At its core, the PM Bhartiya Janaushadhi Pariyojana is about providing affordable generic medicine through dedicated outlets. This means not just providing a one-time relief, but building a sustainable ecosystem where individuals can thrive. This initiative prioritizes public health outcomes, medical equity, and the strengthening of clinical infrastructure. The scheme's Healthcare orientation ensures that it is tailored to the specific local needs of diverse demographic groups.
 
Furthermore, the implementation of PM Bhartiya Janaushadhi Pariyojana leverages state-of-the-art digital infrastructure, such as the Direct Benefit Transfer (DBT) mechanism and Aadhaar-linked verific",Healthcare,Scheme,Central,"[""Free diagnostic services and clinical treatments at empanelled centers."",""Coverage for secondary and tertiary hospitalization expenses."",""Subsidized post-hospitalization medication and follow-ups.""]","[""Targeted at below-poverty-line (BPL) and marginalized households."",""Requires registration under the State Health Insurance registry."",""Open to all age groups and demographics meeting income limits.""]","[""Aadhar Card"",""Ration Card"",""Medical Reports""]",5000,"₹5,000 Support",,,,,,[],,,,,All,0,100,250000,"[""General"",""OBC"",""ST""]",Both,Ongoing,Active,,"[""health"",""medical"",""insurance""]",0,85f6557b-2155-44a7-ac7e-bcb45a5f5bf3,2026-07-25 08:34:57.837,2026-07-25T08:53:09.509171
dffe02e6-07f4-4d9f-a7ef-50f3bf4ee404,Kalpana Chawla Chatravriti Yojna,Ministry of Education,"The Kalpana Chawla Chatravriti Yojna is a signature government initiative designed to revolutionize the Education sector by providing targeted support to citizens across the nation. This comprehensive scheme is built on the pillars of accessibility, transparency, and impact, ensuring that the benefits reach every eligible individual at the last mile. 
 
Historically, individuals in the Education domain have faced significant systemic hurdles, ranging from high costs of entry to limited resources for growth. The Kalpana Chawla Chatravriti Yojna addresses these root causes by offering a multi-faceted approach. Whether it's through direct financial transfers, subsidized services, or infrastructure support, the scheme creates a robust safety net that empowers beneficiaries to achieve their potential.
 
At its core, the Kalpana Chawla Chatravriti Yojna is about rewarding meritorious girls in the science stream in Himachal Pradesh. This means not just providing a one-time relief, but building a sustainable ecosystem where individuals can thrive. The focus remains on academic excellence, student empowerment, and the removal of financial barriers to learning. The scheme's Education orientation ensures that it is tailored to the specific local needs of diverse demographic groups.
 
Furthermore, the implementation of Kalpana Chawla Chatravriti Yojna leverages state-of-the-art digital infrastructure, such as the Direct Benefit Transfer (DBT) mechanism and Aadhaar-linked verification, to",Education,Scheme,Central,"[""Full tuition fee waiver or academic scholarship grant."",""Monthly maintenance stipend for books, materials, and living costs."",""Additional allowances for disabled students (if applicable).""]","[""Must be an active student enrolled in a registered institution."",""Minimum academic score of 60% in the qualifying examination."",""Annual family income must be under ₹6,00,000.""]","[""Aadhar Card"",""Mark Sheets"",""Income Certificate""]",50000,"₹50,000 Scholarship/yr",,,,,,[],,,,,All,15,30,600000,"[""General"",""OBC"",""SC"",""ST""]",Both,Ongoing,Active,,"[""education"",""scholarship"",""student""]",0,85f6557b-2155-44a7-ac7e-bcb45a5f5bf3,2026-07-25 08:34:57.837,2026-07-25T08:53:09.509190
e11a3a31-f64f-4e16-a2ac-4eaf7fc02c42,Rashtriya Bal Swasthya Karyakram,Ministry of Health and Family Welfare,"The Rashtriya Bal Swasthya Karyakram is a signature government initiative designed to revolutionize the Healthcare sector by providing targeted support to citizens across the nation. This comprehensive scheme is built on the pillars of accessibility, transparency, and impact, ensuring that the benefits reach every eligible individual at the last mile. 
 
Historically, individuals in the Healthcare domain have faced significant systemic hurdles, ranging from high costs of entry to limited resources for growth. The Rashtriya Bal Swasthya Karyakram addresses these root causes by offering a multi-faceted approach. Whether it's through direct financial transfers, subsidized services, or infrastructure support, the scheme creates a robust safety net that empowers beneficiaries to achieve their potential.
 
At its core, the Rashtriya Bal Swasthya Karyakram is about early identification and intervention for children from birth to 18 years. This means not just providing a one-time relief, but building a sustainable ecosystem where individuals can thrive. This initiative prioritizes public health outcomes, medical equity, and the strengthening of clinical infrastructure. The scheme's Healthcare orientation ensures that it is tailored to the specific local needs of diverse demographic groups.
 
Furthermore, the implementation of Rashtriya Bal Swasthya Karyakram leverages state-of-the-art digital infrastructure, such as the Direct Benefit Transfer (DBT) mechanism and Aadhaar-linked verif",Healthcare,Scheme,Central,"[""Free diagnostic services and clinical treatments at empanelled centers."",""Coverage for secondary and tertiary hospitalization expenses."",""Subsidized post-hospitalization medication and follow-ups.""]","[""Targeted at below-poverty-line (BPL) and marginalized households."",""Requires registration under the State Health Insurance registry."",""Open to all age groups and demographics meeting income limits.""]","[""Aadhar Card"",""Ration Card"",""Medical Reports""]",5000,"₹5,000 Support",,,,,,[],,,,,All,0,100,250000,"[""SC"",""ST""]",Both,Ongoing,Active,,"[""health"",""medical"",""insurance""]",0,85f6557b-2155-44a7-ac7e-bcb45a5f5bf3,2026-07-25 08:34:57.837,2026-07-25T08:53:09.509209
e2707c92-6126-4283-af92-a7b4e9ee9d88,PM Daksh Yojana,Ministry of Social Justice and Empowerment,"The PM Daksh Yojana is a signature government initiative designed to revolutionize the Social Welfare sector by providing targeted support to citizens across the nation. This comprehensive scheme is built on the pillars of accessibility, transparency, and impact, ensuring that the benefits reach every eligible individual at the last mile. 
 
Historically, individuals in the Social Welfare domain have faced significant systemic hurdles, ranging from high costs of entry to limited resources for growth. The PM Daksh Yojana addresses these root causes by offering a multi-faceted approach. Whether it's through direct financial transfers, subsidized services, or infrastructure support, the scheme creates a robust safety net that empowers beneficiaries to achieve their potential.
 
At its core, the PM Daksh Yojana is about providing skill development training to marginalized social groups. This means not just providing a one-time relief, but building a sustainable ecosystem where individuals can thrive. Serving the most vulnerable, this program ensures social justice, pensions, and basic safety nets. The scheme's Social Welfare orientation ensures that it is tailored to the specific local needs of diverse demographic groups.
 
Furthermore, the implementation of PM Daksh Yojana leverages state-of-the-art digital infrastructure, such as the Direct Benefit Transfer (DBT) mechanism and Aadhaar-linked verification, to eliminate leakages and minimize bureaucratic delays. Applicants can tr",Social Welfare,Scheme,Central,"[""Direct financial support, food security, and social protection""]","[""BPL families, senior citizens, widows, and persons with disabilities""]","[""BPL Card"",""Aadhar Card"",""Disability/Death Certificate""]",2000,"₹2,000 Support",,,,,,[],,,,,All,0,100,100000,"[""ST""]",Both,Ongoing,Active,,"[""social"",""welfare"",""pension"",""poor""]",0,85f6557b-2155-44a7-ac7e-bcb45a5f5bf3,2026-07-25 08:34:57.837,2026-07-25T08:53:09.509226
e29b3ea1-3aa1-4b7c-b57c-f28224eace73,Swarna Jayanti Fellowships for Young Scientists,Ministry of Education,"The Swarna Jayanti Fellowships for Young Scientists is a signature government initiative designed to revolutionize the Education sector by providing targeted support to citizens across the nation. This comprehensive scheme is built on the pillars of accessibility, transparency, and impact, ensuring that the benefits reach every eligible individual at the last mile. 
 
Historically, individuals in the Education domain have faced significant systemic hurdles, ranging from high costs of entry to limited resources for growth. The Swarna Jayanti Fellowships for Young Scientists addresses these root causes by offering a multi-faceted approach. Whether it's through direct financial transfers, subsidized services, or infrastructure support, the scheme creates a robust safety net that empowers beneficiaries to achieve their potential.
 
At its core, the Swarna Jayanti Fellowships for Young Scientists is about funding frontier research by outstanding young scientists in India. This means not just providing a one-time relief, but building a sustainable ecosystem where individuals can thrive. The focus remains on academic excellence, student empowerment, and the removal of financial barriers to learning. The scheme's Education orientation ensures that it is tailored to the specific local needs of diverse demographic groups.
 
Furthermore, the implementation of Swarna Jayanti Fellowships for Young Scientists leverages state-of-the-art digital infrastructure, such as the Direct Benefit Tra",Education,Scheme,Central,"[""Full tuition fee waiver or academic scholarship grant."",""Monthly maintenance stipend for books, materials, and living costs."",""Additional allowances for disabled students (if applicable).""]","[""Must be an active student enrolled in a registered institution."",""Minimum academic score of 60% in the qualifying examination."",""Annual family income must be under ₹6,00,000.""]","[""Aadhar Card"",""Mark Sheets"",""Income Certificate""]",50000,"₹50,000 Scholarship/yr",,,,,,[],,,,,All,15,30,600000,"[""General"",""OBC"",""SC"",""ST""]",Both,Ongoing,Active,,"[""education"",""scholarship"",""student""]",0,85f6557b-2155-44a7-ac7e-bcb45a5f5bf3,2026-07-25 08:34:57.837,2026-07-25T08:53:09.509244
e3a274b7-af06-400d-b941-e2d3f19059b3,National Program for Health Care of Elderly,Ministry of Health and Family Welfare,"The National Program for Health Care of Elderly is a signature government initiative designed to revolutionize the Healthcare sector by providing targeted support to citizens across the nation. This comprehensive scheme is built on the pillars of accessibility, transparency, and impact, ensuring that the benefits reach every eligible individual at the last mile. 
 
Historically, individuals in the Healthcare domain have faced significant systemic hurdles, ranging from high costs of entry to limited resources for growth. The National Program for Health Care of Elderly addresses these root causes by offering a multi-faceted approach. Whether it's through direct financial transfers, subsidized services, or infrastructure support, the scheme creates a robust safety net that empowers beneficiaries to achieve their potential.
 
At its core, the National Program for Health Care of Elderly is about providing dedicated healthcare facilities for senior citizens. This means not just providing a one-time relief, but building a sustainable ecosystem where individuals can thrive. This initiative prioritizes public health outcomes, medical equity, and the strengthening of clinical infrastructure. The scheme's Healthcare orientation ensures that it is tailored to the specific local needs of diverse demographic groups.
 
Furthermore, the implementation of National Program for Health Care of Elderly leverages state-of-the-art digital infrastructure, such as the Direct Benefit Transfer (DBT) me",Healthcare,Scheme,Central,"[""Free diagnostic services and clinical treatments at empanelled centers."",""Coverage for secondary and tertiary hospitalization expenses."",""Subsidized post-hospitalization medication and follow-ups.""]","[""Targeted at below-poverty-line (BPL) and marginalized households."",""Requires registration under the State Health Insurance registry."",""Open to all age groups and demographics meeting income limits.""]","[""Aadhar Card"",""Ration Card"",""Medical Reports""]",5000,"₹5,000 Support",,,,,,[],,,,,All,0,100,250000,"[""General"",""OBC"",""SC""]",Both,Ongoing,Active,,"[""health"",""medical"",""insurance""]",0,85f6557b-2155-44a7-ac7e-bcb45a5f5bf3,2026-07-25 08:34:57.837,2026-07-25T08:53:09.509278
e4429321-b6df-4d05-a853-0d1dde5be79d,PM Mudra Yojana,Ministry of MSME,"The PM Mudra Yojana is a signature government initiative designed to revolutionize the Business sector by providing targeted support to citizens across the nation. This comprehensive scheme is built on the pillars of accessibility, transparency, and impact, ensuring that the benefits reach every eligible individual at the last mile. 
 
Historically, individuals in the Business domain have faced significant systemic hurdles, ranging from high costs of entry to limited resources for growth. The PM Mudra Yojana addresses these root causes by offering a multi-faceted approach. Whether it's through direct financial transfers, subsidized services, or infrastructure support, the scheme creates a robust safety net that empowers beneficiaries to achieve their potential.
 
At its core, the PM Mudra Yojana is about providing loans up to ₹10 Lakhs to non-corporate, non-farm small/micro enterprises. This means not just providing a one-time relief, but building a sustainable ecosystem where individuals can thrive. Empowering entrepreneurs and startups, this program drives economic growth and industrial innovation. The scheme's Business orientation ensures that it is tailored to the specific local needs of diverse demographic groups.
 
Furthermore, the implementation of PM Mudra Yojana leverages state-of-the-art digital infrastructure, such as the Direct Benefit Transfer (DBT) mechanism and Aadhaar-linked verification, to eliminate leakages and minimize bureaucratic delays. Applicants can t",Business,Loan,Central,"[""Collateral-free working capital and term loans up to ₹10 Lakhs."",""No processing fee for Shishu category loans (up to ₹50,000)."",""Flexible repayment cycles tailored to business cashflows.""]","[""Indian citizens owning non-corporate, non-farm micro enterprises."",""Business must be engaged in manufacturing, trading, or services."",""Requires business project report and active registration proof.""]","[""GST Certificate"",""Pancard"",""Project Report""]",1000000,Collateral-Free Loan up to ₹10 Lakhs,8.5,60,false,6,2,"[""State Bank of India"",""HDFC Bank"",""ICICI Bank"",""Punjab National Bank""]",,,,,All,18,65,,"[""OBC"",""SC"",""ST""]",Both,Ongoing,Active,,"[""business"",""msme"",""entrepreneur"",""startup""]",0,85f6557b-2155-44a7-ac7e-bcb45a5f5bf3,2026-07-25 08:34:57.837,2026-07-25T08:53:09.509347
e6bc381c-644c-4ad6-9600-8c4be4e574f8,PM Matru Vandana Yojana,Ministry of Health and Family Welfare,"The PM Matru Vandana Yojana is a signature government initiative designed to revolutionize the Healthcare sector by providing targeted support to citizens across the nation. This comprehensive scheme is built on the pillars of accessibility, transparency, and impact, ensuring that the benefits reach every eligible individual at the last mile. 
 
Historically, individuals in the Healthcare domain have faced significant systemic hurdles, ranging from high costs of entry to limited resources for growth. The PM Matru Vandana Yojana addresses these root causes by offering a multi-faceted approach. Whether it's through direct financial transfers, subsidized services, or infrastructure support, the scheme creates a robust safety net that empowers beneficiaries to achieve their potential.
 
At its core, the PM Matru Vandana Yojana is about providing cash incentives for pregnant women and lactating mothers. This means not just providing a one-time relief, but building a sustainable ecosystem where individuals can thrive. This initiative prioritizes public health outcomes, medical equity, and the strengthening of clinical infrastructure. The scheme's Healthcare orientation ensures that it is tailored to the specific local needs of diverse demographic groups.
 
Furthermore, the implementation of PM Matru Vandana Yojana leverages state-of-the-art digital infrastructure, such as the Direct Benefit Transfer (DBT) mechanism and Aadhaar-linked verification, to eliminate leakages and minimize",Healthcare,Scheme,Central,"[""Free diagnostic services and clinical treatments at empanelled centers."",""Coverage for secondary and tertiary hospitalization expenses."",""Subsidized post-hospitalization medication and follow-ups.""]","[""Targeted at below-poverty-line (BPL) and marginalized households."",""Requires registration under the State Health Insurance registry."",""Open to all age groups and demographics meeting income limits.""]","[""Aadhar Card"",""Ration Card"",""Medical Reports""]",5000,"₹5,000 Support",,,,,,[],,,,,All,0,100,250000,"[""General"",""OBC"",""SC"",""ST""]",Both,Ongoing,Active,,"[""health"",""medical"",""insurance""]",0,85f6557b-2155-44a7-ac7e-bcb45a5f5bf3,2026-07-25 08:34:57.837,2026-07-25T08:53:09.509374
e8dd788d-8462-4152-a884-5fa281fdf15e,National Quantum Mission,Ministry of Electronics and IT,"The National Quantum Mission is a signature government initiative designed to revolutionize the Technology sector by providing targeted support to citizens across the nation. This comprehensive scheme is built on the pillars of accessibility, transparency, and impact, ensuring that the benefits reach every eligible individual at the last mile. 
 
Historically, individuals in the Technology domain have faced significant systemic hurdles, ranging from high costs of entry to limited resources for growth. The National Quantum Mission addresses these root causes by offering a multi-faceted approach. Whether it's through direct financial transfers, subsidized services, or infrastructure support, the scheme creates a robust safety net that empowers beneficiaries to achieve their potential.
 
At its core, the National Quantum Mission is about accelerating quantum technology-led economic growth in India. This means not just providing a one-time relief, but building a sustainable ecosystem where individuals can thrive. Driving the Digital India vision, this scheme fosters high-tech R&D and digital infrastructure. The scheme's Technology orientation ensures that it is tailored to the specific local needs of diverse demographic groups.
 
Furthermore, the implementation of National Quantum Mission leverages state-of-the-art digital infrastructure, such as the Direct Benefit Transfer (DBT) mechanism and Aadhaar-linked verification, to eliminate leakages and minimize bureaucratic delays. Ap",Technology,Scheme,Central,"[""Infrastructure support, design incentives, and R&D grants""]","[""Researchers, tech startups, and electronics manufacturing units""]","[""Project Proposal"",""Company Registration"",""Technical Certifications""]",5000000,"₹50,00,000 Support",,,,,,[],,,,,All,18,60,,"[""General"",""OBC"",""SC"",""ST""]",Both,Ongoing,Active,,"[""technology"",""digital"",""innovation"",""it""]",0,85f6557b-2155-44a7-ac7e-bcb45a5f5bf3,2026-07-25 08:34:57.837,2026-07-25T08:53:09.509390
ea497576-c773-43de-8d5d-4fee9a38822e,PM SVANidhi,Ministry of MSME,"The PM SVANidhi is a signature government initiative designed to revolutionize the Business sector by providing targeted support to citizens across the nation. This comprehensive scheme is built on the pillars of accessibility, transparency, and impact, ensuring that the benefits reach every eligible individual at the last mile. 
 
Historically, individuals in the Business domain have faced significant systemic hurdles, ranging from high costs of entry to limited resources for growth. The PM SVANidhi addresses these root causes by offering a multi-faceted approach. Whether it's through direct financial transfers, subsidized services, or infrastructure support, the scheme creates a robust safety net that empowers beneficiaries to achieve their potential.
 
At its core, the PM SVANidhi is about offering working capital loans to street vendors to resume their livelihoods. This means not just providing a one-time relief, but building a sustainable ecosystem where individuals can thrive. Empowering entrepreneurs and startups, this program drives economic growth and industrial innovation. The scheme's Business orientation ensures that it is tailored to the specific local needs of diverse demographic groups.
 
Furthermore, the implementation of PM SVANidhi leverages state-of-the-art digital infrastructure, such as the Direct Benefit Transfer (DBT) mechanism and Aadhaar-linked verification, to eliminate leakages and minimize bureaucratic delays. Applicants can track their status in r",Business,Loan,Central,"[""Collateral-free low-interest working capital and term loans."",""Interest subvention benefits for prompt repayment cycles."",""Capital subsidy on project establishment costs.""]","[""Artisans, micro-business owners, startups, or SC/ST/Women entrepreneurs."",""Requires a viable business project report and proof of activity."",""Age limit: 18 to 65 years at the time of application.""]","[""GST Certificate"",""Pancard"",""Project Report""]",1000000,"₹10,00,000 Support",,,,,,[],,,,,All,18,65,,"[""General"",""OBC"",""SC"",""ST""]",Both,Ongoing,Active,,"[""business"",""msme"",""entrepreneur"",""startup""]",0,85f6557b-2155-44a7-ac7e-bcb45a5f5bf3,2026-07-25 08:34:57.837,2026-07-25T08:53:09.509408
ec3d0990-e36d-4520-b110-fe70f2880829,National Tuberculosis Elimination Program,Ministry of Health and Family Welfare,"The National Tuberculosis Elimination Program is a signature government initiative designed to revolutionize the Healthcare sector by providing targeted support to citizens across the nation. This comprehensive scheme is built on the pillars of accessibility, transparency, and impact, ensuring that the benefits reach every eligible individual at the last mile. 
 
Historically, individuals in the Healthcare domain have faced significant systemic hurdles, ranging from high costs of entry to limited resources for growth. The National Tuberculosis Elimination Program addresses these root causes by offering a multi-faceted approach. Whether it's through direct financial transfers, subsidized services, or infrastructure support, the scheme creates a robust safety net that empowers beneficiaries to achieve their potential.
 
At its core, the National Tuberculosis Elimination Program is about striving to end TB in India through free diagnosis and treatment. This means not just providing a one-time relief, but building a sustainable ecosystem where individuals can thrive. This initiative prioritizes public health outcomes, medical equity, and the strengthening of clinical infrastructure. The scheme's Healthcare orientation ensures that it is tailored to the specific local needs of diverse demographic groups.
 
Furthermore, the implementation of National Tuberculosis Elimination Program leverages state-of-the-art digital infrastructure, such as the Direct Benefit Transfer (DBT) mechani",Healthcare,Scheme,Central,"[""Free diagnostic services and clinical treatments at empanelled centers."",""Coverage for secondary and tertiary hospitalization expenses."",""Subsidized post-hospitalization medication and follow-ups.""]","[""Targeted at below-poverty-line (BPL) and marginalized households."",""Requires registration under the State Health Insurance registry."",""Open to all age groups and demographics meeting income limits.""]","[""Aadhar Card"",""Ration Card"",""Medical Reports""]",5000,"₹5,000 Support",,,,,,[],,,,,All,0,100,250000,"[""General"",""OBC"",""SC"",""ST""]",Both,Ongoing,Active,,"[""health"",""medical"",""insurance""]",0,85f6557b-2155-44a7-ac7e-bcb45a5f5bf3,2026-07-25 08:34:57.837,2026-07-25T08:53:09.509425
ec9c84c0-4ceb-437f-ae4d-a3b404fd28f3,HUDA Affordable Housing,Ministry of Housing and Urban Affairs,"The HUDA Affordable Housing is a signature government initiative designed to revolutionize the Housing sector by providing targeted support to citizens across the nation. This comprehensive scheme is built on the pillars of accessibility, transparency, and impact, ensuring that the benefits reach every eligible individual at the last mile. 
 
Historically, individuals in the Housing domain have faced significant systemic hurdles, ranging from high costs of entry to limited resources for growth. The HUDA Affordable Housing addresses these root causes by offering a multi-faceted approach. Whether it's through direct financial transfers, subsidized services, or infrastructure support, the scheme creates a robust safety net that empowers beneficiaries to achieve their potential.
 
At its core, the HUDA Affordable Housing is about facilitating residential plots and flats in Haryana at controlled prices. This means not just providing a one-time relief, but building a sustainable ecosystem where individuals can thrive. Aimed at providing dignity through shelter, this project focuses on affordable residential development. The scheme's Housing orientation ensures that it is tailored to the specific local needs of diverse demographic groups.
 
Furthermore, the implementation of HUDA Affordable Housing leverages state-of-the-art digital infrastructure, such as the Direct Benefit Transfer (DBT) mechanism and Aadhaar-linked verification, to eliminate leakages and minimize bureaucratic del",Housing,Subsidy,Central,"[""Financial grant for building or renovating a pucca house."",""Interest subsidy on housing bank loans under credit-linked schemes."",""Sanitation grant for building household toilets.""]","[""Must not own any pucca house in India under any family member's name."",""Belongs to Economically Weaker Section (EWS) or Low Income Group (LIG)."",""Geographic target: Eligible rural and urban municipal areas.""]","[""Income Certificate"",""Land Registry"",""Aadhar Card""]",250000,"₹2,50,000 Subsidy",,,,,,[],,,,,All,18,70,600000,"[""General"",""OBC"",""SC"",""ST""]",Both,Ongoing,Active,,"[""housing"",""home"",""subsidy"",""construction""]",0,85f6557b-2155-44a7-ac7e-bcb45a5f5bf3,2026-07-25 08:34:57.837,2026-07-25T08:53:09.509442
ed328734-840f-4170-9c48-3f2d66ea5d4e,National Disability Pension Scheme,Ministry of Social Justice and Empowerment,"The National Disability Pension Scheme is a signature government initiative designed to revolutionize the Social Welfare sector by providing targeted support to citizens across the nation. This comprehensive scheme is built on the pillars of accessibility, transparency, and impact, ensuring that the benefits reach every eligible individual at the last mile. 
 
Historically, individuals in the Social Welfare domain have faced significant systemic hurdles, ranging from high costs of entry to limited resources for growth. The National Disability Pension Scheme addresses these root causes by offering a multi-faceted approach. Whether it's through direct financial transfers, subsidized services, or infrastructure support, the scheme creates a robust safety net that empowers beneficiaries to achieve their potential.
 
At its core, the National Disability Pension Scheme is about offering monthly financial support to persons with severe disabilities. This means not just providing a one-time relief, but building a sustainable ecosystem where individuals can thrive. Serving the most vulnerable, this program ensures social justice, pensions, and basic safety nets. The scheme's Social Welfare orientation ensures that it is tailored to the specific local needs of diverse demographic groups.
 
Furthermore, the implementation of National Disability Pension Scheme leverages state-of-the-art digital infrastructure, such as the Direct Benefit Transfer (DBT) mechanism and Aadhaar-linked verific",Social Welfare,Scheme,Central,"[""Direct financial support, food security, and social protection""]","[""BPL families, senior citizens, widows, and persons with disabilities""]","[""BPL Card"",""Aadhar Card"",""Disability/Death Certificate""]",2000,"₹2,000 Support",,,,,,[],,,,,All,0,100,100000,"[""General"",""OBC"",""SC"",""ST""]",Both,Ongoing,Active,,"[""social"",""welfare"",""pension"",""poor""]",0,85f6557b-2155-44a7-ac7e-bcb45a5f5bf3,2026-07-25 08:34:57.837,2026-07-25T08:53:09.509460
f33f4244-4ecf-4069-895e-8bb989258615,Prime Minister's Research Fellowship (PMRF),Ministry of Education,"The Prime Minister's Research Fellowship (PMRF) is a signature government initiative designed to revolutionize the Education sector by providing targeted support to citizens across the nation. This comprehensive scheme is built on the pillars of accessibility, transparency, and impact, ensuring that the benefits reach every eligible individual at the last mile. 
 
Historically, individuals in the Education domain have faced significant systemic hurdles, ranging from high costs of entry to limited resources for growth. The Prime Minister's Research Fellowship (PMRF) addresses these root causes by offering a multi-faceted approach. Whether it's through direct financial transfers, subsidized services, or infrastructure support, the scheme creates a robust safety net that empowers beneficiaries to achieve their potential.
 
At its core, the Prime Minister's Research Fellowship (PMRF) is about attracting high-quality researchers to doctoral programs with massive stipends. This means not just providing a one-time relief, but building a sustainable ecosystem where individuals can thrive. The focus remains on academic excellence, student empowerment, and the removal of financial barriers to learning. The scheme's Education orientation ensures that it is tailored to the specific local needs of diverse demographic groups.
 
Furthermore, the implementation of Prime Minister's Research Fellowship (PMRF) leverages state-of-the-art digital infrastructure, such as the Direct Benefit Transfe",Education,Scheme,Central,"[""Full tuition fee waiver or academic scholarship grant."",""Monthly maintenance stipend for books, materials, and living costs."",""Additional allowances for disabled students (if applicable).""]","[""Must be an active student enrolled in a registered institution."",""Minimum academic score of 60% in the qualifying examination."",""Annual family income must be under ₹6,00,000.""]","[""Aadhar Card"",""Mark Sheets"",""Income Certificate""]",50000,"₹50,000 Scholarship/yr",,,,,,[],,,,,All,15,30,600000,"[""OBC"",""SC"",""ST""]",Both,Ongoing,Active,,"[""education"",""scholarship"",""student""]",0,85f6557b-2155-44a7-ac7e-bcb45a5f5bf3,2026-07-25 08:34:57.837,2026-07-25T08:53:09.509477
f9d6d9f8-0cb6-497a-9040-0f550f055f03,Mission Indradhanush,Ministry of Health and Family Welfare,"The Mission Indradhanush is a signature government initiative designed to revolutionize the Healthcare sector by providing targeted support to citizens across the nation. This comprehensive scheme is built on the pillars of accessibility, transparency, and impact, ensuring that the benefits reach every eligible individual at the last mile. 
 
Historically, individuals in the Healthcare domain have faced significant systemic hurdles, ranging from high costs of entry to limited resources for growth. The Mission Indradhanush addresses these root causes by offering a multi-faceted approach. Whether it's through direct financial transfers, subsidized services, or infrastructure support, the scheme creates a robust safety net that empowers beneficiaries to achieve their potential.
 
At its core, the Mission Indradhanush is about ensuring full immunization coverage for children and pregnant women. This means not just providing a one-time relief, but building a sustainable ecosystem where individuals can thrive. This initiative prioritizes public health outcomes, medical equity, and the strengthening of clinical infrastructure. The scheme's Healthcare orientation ensures that it is tailored to the specific local needs of diverse demographic groups.
 
Furthermore, the implementation of Mission Indradhanush leverages state-of-the-art digital infrastructure, such as the Direct Benefit Transfer (DBT) mechanism and Aadhaar-linked verification, to eliminate leakages and minimize bureaucrat",Healthcare,Scheme,Central,"[""Free diagnostic services and clinical treatments at empanelled centers."",""Coverage for secondary and tertiary hospitalization expenses."",""Subsidized post-hospitalization medication and follow-ups.""]","[""Targeted at below-poverty-line (BPL) and marginalized households."",""Requires registration under the State Health Insurance registry."",""Open to all age groups and demographics meeting income limits.""]","[""Aadhar Card"",""Ration Card"",""Medical Reports""]",5000,"₹5,000 Support",,,,,,[],,,,,All,0,100,250000,"[""ST""]",Both,Ongoing,Active,,"[""health"",""medical"",""insurance""]",0,85f6557b-2155-44a7-ac7e-bcb45a5f5bf3,2026-07-25 08:34:57.837,2026-07-25T08:53:09.509495
fa7af062-325f-4cb7-a0a3-95face5395e8,Antyodaya Anna Yojana,Ministry of Social Justice and Empowerment,"The Antyodaya Anna Yojana is a signature government initiative designed to revolutionize the Social Welfare sector by providing targeted support to citizens across the nation. This comprehensive scheme is built on the pillars of accessibility, transparency, and impact, ensuring that the benefits reach every eligible individual at the last mile. 
 
Historically, individuals in the Social Welfare domain have faced significant systemic hurdles, ranging from high costs of entry to limited resources for growth. The Antyodaya Anna Yojana addresses these root causes by offering a multi-faceted approach. Whether it's through direct financial transfers, subsidized services, or infrastructure support, the scheme creates a robust safety net that empowers beneficiaries to achieve their potential.
 
At its core, the Antyodaya Anna Yojana is about providing highly subsidized food grains to the poorest of the poor. This means not just providing a one-time relief, but building a sustainable ecosystem where individuals can thrive. Serving the most vulnerable, this program ensures social justice, pensions, and basic safety nets. The scheme's Social Welfare orientation ensures that it is tailored to the specific local needs of diverse demographic groups.
 
Furthermore, the implementation of Antyodaya Anna Yojana leverages state-of-the-art digital infrastructure, such as the Direct Benefit Transfer (DBT) mechanism and Aadhaar-linked verification, to eliminate leakages and minimize bureaucratic d",Social Welfare,Scheme,Central,"[""Direct financial support, food security, and social protection""]","[""BPL families, senior citizens, widows, and persons with disabilities""]","[""BPL Card"",""Aadhar Card"",""Disability/Death Certificate""]",2000,"₹2,000 Support",,,,,,[],,,,,All,0,100,100000,"[""OBC"",""ST""]",Both,Ongoing,Active,,"[""social"",""welfare"",""pension"",""poor""]",0,85f6557b-2155-44a7-ac7e-bcb45a5f5bf3,2026-07-25 08:34:57.837,2026-07-25T08:53:09.509509
faaf514c-574e-4745-8ae8-76d78e3e5ef3,One Nation One Ration Card,Ministry of Social Justice and Empowerment,"The One Nation One Ration Card is a signature government initiative designed to revolutionize the Social Welfare sector by providing targeted support to citizens across the nation. This comprehensive scheme is built on the pillars of accessibility, transparency, and impact, ensuring that the benefits reach every eligible individual at the last mile. 
 
Historically, individuals in the Social Welfare domain have faced significant systemic hurdles, ranging from high costs of entry to limited resources for growth. The One Nation One Ration Card addresses these root causes by offering a multi-faceted approach. Whether it's through direct financial transfers, subsidized services, or infrastructure support, the scheme creates a robust safety net that empowers beneficiaries to achieve their potential.
 
At its core, the One Nation One Ration Card is about allowing migrants to claim food grains from any fair price shop in India. This means not just providing a one-time relief, but building a sustainable ecosystem where individuals can thrive. Serving the most vulnerable, this program ensures social justice, pensions, and basic safety nets. The scheme's Social Welfare orientation ensures that it is tailored to the specific local needs of diverse demographic groups.
 
Furthermore, the implementation of One Nation One Ration Card leverages state-of-the-art digital infrastructure, such as the Direct Benefit Transfer (DBT) mechanism and Aadhaar-linked verification, to eliminate leakages a",Social Welfare,Scheme,Central,"[""Direct financial support, food security, and social protection""]","[""BPL families, senior citizens, widows, and persons with disabilities""]","[""BPL Card"",""Aadhar Card"",""Disability/Death Certificate""]",2000,"₹2,000 Support",,,,,,[],,,,,All,0,100,100000,"[""General"",""OBC"",""SC""]",Both,Ongoing,Active,,"[""social"",""welfare"",""pension"",""poor""]",0,85f6557b-2155-44a7-ac7e-bcb45a5f5bf3,2026-07-25 08:34:57.837,2026-07-25T08:53:09.509525
fbef9545-8067-422a-80b3-0612745cef23,National Health Mission,Ministry of Health and Family Welfare,"The National Health Mission is a signature government initiative designed to revolutionize the Healthcare sector by providing targeted support to citizens across the nation. This comprehensive scheme is built on the pillars of accessibility, transparency, and impact, ensuring that the benefits reach every eligible individual at the last mile. 
 
Historically, individuals in the Healthcare domain have faced significant systemic hurdles, ranging from high costs of entry to limited resources for growth. The National Health Mission addresses these root causes by offering a multi-faceted approach. Whether it's through direct financial transfers, subsidized services, or infrastructure support, the scheme creates a robust safety net that empowers beneficiaries to achieve their potential.
 
At its core, the National Health Mission is about strengthening rural and urban health systems across India. This means not just providing a one-time relief, but building a sustainable ecosystem where individuals can thrive. This initiative prioritizes public health outcomes, medical equity, and the strengthening of clinical infrastructure. The scheme's Healthcare orientation ensures that it is tailored to the specific local needs of diverse demographic groups.
 
Furthermore, the implementation of National Health Mission leverages state-of-the-art digital infrastructure, such as the Direct Benefit Transfer (DBT) mechanism and Aadhaar-linked verification, to eliminate leakages and minimize bureaucr",Healthcare,Scheme,Central,"[""Free diagnostic services and clinical treatments at empanelled centers."",""Coverage for secondary and tertiary hospitalization expenses."",""Subsidized post-hospitalization medication and follow-ups.""]","[""Targeted at below-poverty-line (BPL) and marginalized households."",""Requires registration under the State Health Insurance registry."",""Open to all age groups and demographics meeting income limits.""]","[""Aadhar Card"",""Ration Card"",""Medical Reports""]",5000,"₹5,000 Support",,,,,,[],,,,,All,0,100,250000,"[""General"",""OBC"",""SC"",""ST""]",Both,Ongoing,Active,,"[""health"",""medical"",""insurance""]",0,85f6557b-2155-44a7-ac7e-bcb45a5f5bf3,2026-07-25 08:34:57.837,2026-07-25T08:53:09.509541
fe3e6170-fbdc-45be-91d4-179bcd898a23,Kishore Vaigyanik Protsahan Yojana (KVPY),Ministry of Education,"The Kishore Vaigyanik Protsahan Yojana (KVPY) is a signature government initiative designed to revolutionize the Education sector by providing targeted support to citizens across the nation. This comprehensive scheme is built on the pillars of accessibility, transparency, and impact, ensuring that the benefits reach every eligible individual at the last mile. 
 
Historically, individuals in the Education domain have faced significant systemic hurdles, ranging from high costs of entry to limited resources for growth. The Kishore Vaigyanik Protsahan Yojana (KVPY) addresses these root causes by offering a multi-faceted approach. Whether it's through direct financial transfers, subsidized services, or infrastructure support, the scheme creates a robust safety net that empowers beneficiaries to achieve their potential.
 
At its core, the Kishore Vaigyanik Protsahan Yojana (KVPY) is about identifying and nurturing early scientific talent through fellowships. This means not just providing a one-time relief, but building a sustainable ecosystem where individuals can thrive. The focus remains on academic excellence, student empowerment, and the removal of financial barriers to learning. The scheme's Education orientation ensures that it is tailored to the specific local needs of diverse demographic groups.
 
Furthermore, the implementation of Kishore Vaigyanik Protsahan Yojana (KVPY) leverages state-of-the-art digital infrastructure, such as the Direct Benefit Transfer (DBT) mechanism",Education,Scheme,Central,"[""Full tuition fee waiver or academic scholarship grant."",""Monthly maintenance stipend for books, materials, and living costs."",""Additional allowances for disabled students (if applicable).""]","[""Must be an active student enrolled in a registered institution."",""Minimum academic score of 60% in the qualifying examination."",""Annual family income must be under ₹6,00,000.""]","[""Aadhar Card"",""Mark Sheets"",""Income Certificate""]",50000,"₹50,000 Scholarship/yr",,,,,,[],,,,,All,15,30,600000,"[""General"",""OBC"",""SC"",""ST""]",Both,Ongoing,Active,,"[""education"",""scholarship"",""student""]",0,85f6557b-2155-44a7-ac7e-bcb45a5f5bf3,2026-07-25 08:34:57.837,2026-07-25T08:53:09.509561
e0a8d775-de3c-4cac-bb16-5a47c88e6738,Pradhan Mantri Mudra Yojana (PMMY),Ministry of Finance / SIDBI,"Pradhan Mantri Mudra Yojana provides collateral-free loans up to ₹10 lakh to non-corporate, non-farm small and micro enterprises. Loans are classified as Shishu (up to ₹50,000), Kishore (₹50,001 to ₹5 lakh) and Tarun (₹5 lakh to ₹10 lakh). The scheme aims to fund the unfunded and promote entrepreneurship among youth, women and weaker sections.",Business,Loan,Central,"[""Collateral-free loans up to ₹10 lakh"",""Three categories: Shishu, Kishore, Tarun"",""Support for working capital and term loan needs"",""No processing fee in many cases for small loans"",""Helps build formal credit history""]","[""Any Indian citizen with a viable business plan for non-farm income generating activity"",""Existing or new micro/small enterprise"",""Age generally 18 years and above"",""Must not be a defaulter of any bank or financial institution"",""Who is NOT eligible: Corporate entities and large enterprises""]","[""Aadhaar Card"",""PAN Card"",""Business plan / project report"",""Proof of identity and address"",""Bank account details"",""Passport size photographs""]",1000000,Up to ₹10 Lakh Collateral-Free Loan,8.5,60,false,6,0.0,"[""State Bank of India"",""Punjab National Bank"",""Bank of Baroda"",""HDFC Bank"",""ICICI Bank"",""All Public & Private Sector Banks""]",,,,,All,18,65,,"[""General"",""OBC"",""SC"",""ST""]",Both,Ongoing,Active,https://www.mudra.org.in/,"[""mudra"",""loan"",""micro enterprise"",""shishu"",""kishore"",""tarun"",""collateral free""]",0,,2026-07-25T08:53:09.509651,2026-07-25T08:53:09.509653
1370f374-51a4-4ef5-a417-4ad90b70e564,Stand-Up India Scheme,Ministry of Finance / Department of Financial Services,"Stand-Up India Scheme facilitates bank loans between ₹10 lakh and ₹1 crore to at least one Scheduled Caste (SC) or Scheduled Tribe (ST) borrower and at least one woman borrower per bank branch for setting up a greenfield enterprise in manufacturing, services or trading sector. The scheme aims to promote entrepreneurship among SC/ST and women.",Business,Loan,Central,"[""Bank loans from ₹10 lakh to ₹1 crore"",""Composite loan (term loan + working capital)"",""Margin money support up to 25% through eligible schemes"",""Handholding support for project preparation and documentation"",""Credit guarantee cover available""]","[""SC or ST entrepreneur or Woman entrepreneur (18 years and above)"",""Greenfield project only (first time venture)"",""Enterprise in manufacturing, services or trading"",""Borrower should not be in default to any bank/financial institution"",""Who is NOT eligible: Existing enterprises and non-SC/ST/non-women borrowers for the reserved category""]","[""Aadhaar Card"",""Caste Certificate (for SC/ST)"",""Project report"",""Proof of identity and address"",""Bank statements"",""Business registration documents if any""]",10000000,₹10 Lakh to ₹1 Crore Loan for SC/ST/Women,9.0,84,false,12,0.0,"[""All Scheduled Commercial Banks""]",,,,,All,18,65,,"[""SC"",""ST""]",Both,Ongoing,Active,https://www.standupmitra.in/,"[""stand up india"",""sc st women"",""loan"",""greenfield"",""entrepreneurship""]",0,,2026-07-25T08:53:09.509676,2026-07-25T08:53:09.509677
ab300a84-2432-49f9-af93-db46be93ceae,PM Street Vendor's AtmaNirbhar Nidhi (PM SVANidhi),Ministry of Housing and Urban Affairs,PM SVANidhi is a micro-credit scheme for street vendors to provide affordable working capital loans. It offers collateral-free loans in three tranches with interest subsidy on timely repayment and incentives for digital transactions. The scheme aims to formalize street vendors and help them resume livelihoods.,Business,Loan,Central,"[""1st tranche up to ₹10,000, 2nd up to ₹20,000, 3rd up to ₹50,000"",""Interest subsidy of 7% per annum on timely repayment"",""Cashback up to ₹1,200 per year for digital transactions"",""No collateral required"",""Credit history building""]","[""Street vendors operating in urban areas including Census Towns"",""Vendors identified in ULB survey or possessing Certificate of Vending"",""Age 18 years and above"",""Must have been vending on or before 24 March 2020 or identified under Street Vendors Act"",""Who is NOT eligible: Vendors in pure rural areas outside Census Towns (in most cases)""]","[""Aadhaar Card"",""Vending Certificate or ULB Identity Card"",""Bank Account details"",""Passport size photograph""]",50000,"Up to ₹50,000 Collateral-Free + 7% Interest Subsidy",12.0,24,false,0,7.0,"[""Scheduled Commercial Banks"",""Regional Rural Banks"",""Cooperative Banks"",""NBFCs"",""MFIs""]",,,,,All,18,,,"[""General"",""OBC"",""SC"",""ST""]",Urban,Ongoing,Active,https://pmsvanidhi.mohua.gov.in/,"[""pm svanidhi"",""street vendor"",""micro credit"",""interest subsidy"",""urban""]",0,,2026-07-25T08:53:09.509697,2026-07-25T08:53:09.509698
11261498-531e-4a04-9192-7a1e791f52df,Prime Minister's Employment Generation Programme (PMEGP),"Ministry of Micro, Small and Medium Enterprises",PMEGP is a credit-linked subsidy scheme for generating self-employment opportunities through establishment of micro-enterprises in the non-farm sector. It provides margin money subsidy on bank loans for new projects in manufacturing and service sectors.,Business,Loan,Central,"[""Margin money subsidy 15-35% of project cost"",""Higher subsidy for special categories and rural/NE areas"",""Bank loan for remaining project cost"",""Project cost up to ₹50 lakh (manufacturing) / ₹20 lakh (service)"",""EDP training support""]","[""Any individual above 18 years"",""For higher project cost, minimum 8th standard pass"",""Only new units eligible"",""Institutions, cooperative societies and trusts also eligible under conditions"",""Who is NOT eligible: Existing units and those already availing other government subsidies for the same purpose""]","[""Aadhaar Card"",""PAN Card"",""Project Report"",""Caste Certificate if applicable"",""Educational certificate"",""Bank Account details""]",5000000,15-35% Margin Money Subsidy + Bank Loan,11.0,84,false,12,0.0,"[""All Public Sector Banks"",""Regional Rural Banks"",""Cooperative Banks""]",,,,,All,18,,,"[""General"",""OBC"",""SC"",""ST""]",Both,Ongoing,Active,https://www.kviconline.gov.in/pmegpeportal/,"[""pmegp"",""margin money"",""subsidy"",""micro enterprise"",""self employment""]",0,,2026-07-25T08:53:09.509711,2026-07-25T08:53:09.509712
14745812-104d-4be3-8542-4df6c069c622,PM Surya Ghar: Muft Bijli Yojana,Ministry of New and Renewable Energy,PM Surya Ghar Muft Bijli Yojana aims to provide free electricity to households by promoting installation of rooftop solar panels. The government provides substantial subsidy for solar rooftop systems so that households can generate their own electricity and reduce electricity bills.,Energy,Subsidy,Central,"[""Subsidy up to 60% for systems up to 2 kW and 40% for additional capacity up to 3 kW"",""Free electricity up to certain units after installation"",""Reduced electricity bills"",""Additional income possible through surplus power sale"",""Environmental benefits and energy independence""]","[""Residential households with suitable rooftop space"",""Must have a valid electricity connection"",""Applicant should own the house or have consent"",""System must be installed by empanelled vendors"",""Who is NOT eligible: Commercial and industrial consumers for the household subsidy component""]","[""Aadhaar Card"",""Electricity bill"",""Proof of ownership / consent letter"",""Bank Account details"",""Photograph of rooftop""]",78000,Up to 60% Subsidy on Rooftop Solar,,,,,,[],60.0,78000,true,true,All,18,,,"[""General"",""OBC"",""SC"",""ST""]",Both,Ongoing,Active,https://pmsuryaghar.gov.in/,"[""solar"",""rooftop"",""pm surya ghar"",""muft bijli"",""subsidy"",""renewable""]",0,,2026-07-25T08:53:09.509725,2026-07-25T08:53:09.509726
28a53c71-61a3-40ca-bb01-f8ce7afda0ae,FAME-II Scheme (Faster Adoption and Manufacturing of Electric Vehicles),Ministry of Heavy Industries,"FAME India Scheme Phase II provides demand incentives (subsidy) for purchase of electric vehicles (2-wheelers, 3-wheelers, 4-wheelers and buses) to promote faster adoption of electric mobility and reduce dependence on fossil fuels.",Business,Subsidy,Central,"[""Demand incentive / subsidy on electric two-wheelers, three-wheelers and four-wheelers"",""Subsidy amount depends on battery capacity (₹ per kWh)"",""Support for electric buses under public transport"",""Promotion of charging infrastructure"",""Reduced upfront cost of EVs""]","[""Indian citizens purchasing eligible electric vehicles"",""Vehicle must be registered and meet FAME-II eligibility criteria (local content etc.)"",""Purchase from registered dealers"",""Who is NOT eligible: Vehicles not meeting localization and technical criteria under the scheme""]","[""Aadhaar Card"",""Vehicle invoice"",""Registration documents"",""Bank Account details for DBT if applicable""]",150000,EV Purchase Subsidy (FAME-II),,,,,,[],40.0,150000,false,true,All,18,,,"[""General"",""OBC"",""SC"",""ST""]",Both,Ongoing,Active,https://fame2.heavyindustries.gov.in/,"[""fame"",""electric vehicle"",""ev subsidy"",""two wheeler"",""four wheeler""]",0,,2026-07-25T08:53:09.509739,2026-07-25T08:53:09.509740
1977ff2f-7a5a-4f49-b735-8ce9e2f1d66b,Sub-Mission on Agricultural Mechanization (SMAM),Ministry of Agriculture and Farmers Welfare,"SMAM provides financial assistance / subsidy to farmers for procurement of agricultural machinery and equipment to increase mechanization, reduce drudgery and improve productivity, especially for small and marginal farmers.",Agriculture,Subsidy,Central,"[""Subsidy on purchase of tractors, power tillers, and other farm machinery"",""Higher subsidy rates for SC/ST, small & marginal farmers and women"",""Support for custom hiring centres and farm machinery banks"",""Training and demonstration of equipment"",""Reduced cost of mechanization for farmers""]","[""All farmers, with priority to small and marginal farmers"",""SC/ST and women farmers get higher subsidy rates"",""Must purchase from approved sources as per state guidelines"",""Who is NOT eligible: Non-farmers and those already availing similar subsidy for the same machine in recent years (state-specific)""]","[""Aadhaar Card"",""Land records / cultivation proof"",""Bank Account details"",""Quotation from supplier"",""Caste certificate if claiming higher rate""]",150000,Subsidy on Farm Machinery & Equipment,,,,,,[],50.0,150000,true,true,All,18,,,"[""General"",""OBC"",""SC"",""ST""]",Rural,Ongoing,Active,https://agrimachinery.nic.in/,"[""smam"",""farm machinery"",""tractor subsidy"",""mechanization"",""agriculture""]",0,,2026-07-25T08:53:09.509751,2026-07-25T08:53:09.509752
f2eef92c-f800-43cb-9cba-fe51e7eb6a80,Credit Linked Capital Subsidy Scheme (CLCSS) / Technology Upgradation,"Ministry of Micro, Small and Medium Enterprises","Provides capital subsidy to Micro and Small Enterprises for technology upgradation by induction of well-established and improved technologies. Helps MSEs improve productivity, quality and competitiveness.",Business,Subsidy,Central,"[""15% capital subsidy on institutional finance for plant & machinery"",""Maximum subsidy ceiling of ₹15 lakh per unit"",""Supports technology upgradation in approved sub-sectors"",""Improves competitiveness of MSEs""]","[""Existing or new Micro and Small Enterprises"",""Must avail term loan from eligible financial institutions for technology upgradation"",""Products/sub-sectors must be in the approved list"",""Who is NOT eligible: Medium and large enterprises""]","[""Udyam Registration"",""Project report / quotations"",""Term loan sanction letter"",""Aadhaar and PAN of promoters""]",1500000,15% Capital Subsidy up to ₹15 Lakh,,,,,,[],15.0,1500000,false,false,All,18,,,"[""General"",""OBC"",""SC"",""ST""]",Both,Ongoing,Active,https://www.dcmsme.gov.in/,"[""clcss"",""technology upgradation"",""capital subsidy"",""msme"",""plant machinery""]",0,,2026-07-25T08:53:09.509762,2026-07-25T08:53:09.509763
4afa0700-ed8d-4c0a-bf12-c11b3abc9107,Ayushman Bharat - Pradhan Mantri Jan Arogya Yojana (PM-JAY),Ministry of Health and Family Welfare,Ayushman Bharat PM-JAY is the world's largest health assurance scheme providing health cover of ₹5 lakh per family per year for secondary and tertiary care hospitalization to over 12 crore poor and vulnerable families.,Healthcare,Scheme,Central,"[""Health cover of ₹5 lakh per family per year"",""Cashless and paperless treatment at empaneled hospitals"",""Covers pre and post hospitalization expenses"",""No restriction on family size or age"",""Covers over 1900 procedures""]","[""Families identified as per SECC 2011 data and state-specific criteria"",""Automatically included categories such as destitute, manual scavengers etc."",""No restriction on family size, age or gender"",""Who is NOT eligible: Families not meeting SECC/state inclusion criteria and those already covered under other government schemes in some states""]","[""Aadhaar Card"",""Ration Card / SECC verification"",""PM-JAY e-Card if issued""]",500000,₹5 Lakh Health Cover per Family,,,,,,[],,,,,All,,,,"[""General"",""OBC"",""SC"",""ST""]",Both,Ongoing,Active,https://pmjay.gov.in/,"[""ayushman bharat"",""pmjay"",""health insurance"",""5 lakh"",""hospitalization""]",0,,2026-07-25T08:53:09.509776,2026-07-25T08:53:09.509777
f10704c3-dffb-47eb-b755-aed53e0208b7,National Means-cum-Merit Scholarship Scheme (NMMSS),Ministry of Education,NMMSS provides scholarships to meritorious students of economically weaker sections to prevent drop-outs at class VIII and encourage them to continue studies at secondary stage.,Education,Scheme,Central,"[""Scholarship of ₹12,000 per annum (₹1,000 per month)"",""Awarded from Class IX to XII"",""Helps meritorious poor students continue education"",""Direct Benefit Transfer to student bank account""]","[""Students studying in Class VIII in government or government-aided schools"",""Must have secured at least 55% marks (relaxable for reserved categories)"",""Parental income not exceeding ₹3.5 lakh per annum"",""Must pass the state-level selection test"",""Who is NOT eligible: Students of private unaided schools and those already receiving other scholarships""]","[""Aadhaar Card"",""Income Certificate"",""Mark sheet of Class VIII"",""Bank Account details"",""Caste certificate if applicable""]",12000,"₹12,000 per year Scholarship (Class IX-XII)",,,,,,[],,,,,All,13,18,350000,"[""General"",""OBC"",""SC"",""ST""]",Both,Ongoing,Active,https://scholarships.gov.in/,"[""nmmss"",""scholarship"",""means cum merit"",""secondary education""]",0,,2026-07-25T08:53:09.509791,2026-07-25T08:53:09.509792
49c37533-2544-4f9e-a61e-a7dffb2a81fb,Pradhan Mantri Fasal Bima Yojana (PMFBY),Ministry of Agriculture and Farmers Welfare,PMFBY is a crop insurance scheme that provides comprehensive risk coverage to farmers against crop loss due to non-preventable natural risks. It aims to stabilize farm income and encourage modern agricultural practices.,Agriculture,Scheme,Central,"[""Insurance coverage for notified crops against natural calamities, pests and diseases"",""Low premium rates for farmers (2% Kharif, 1.5% Rabi, 5% horticulture)"",""Government subsidizes the remaining premium"",""Quick claim settlement using technology"",""Coverage from pre-sowing to post-harvest in many cases""]","[""All farmers (loanee and non-loanee) growing notified crops in notified areas"",""Sharecroppers and tenant farmers also eligible"",""Must enroll before the cut-off date for the season"",""Who is NOT eligible: Farmers growing non-notified crops or outside notified areas""]","[""Aadhaar Card"",""Land records or cultivation certificate (for non-loanee)"",""Bank Account details"",""Sowing declaration""]",,Crop Insurance at Low Premium (Govt Subsidized),,,,,,[],,,,,All,18,,,"[""General"",""OBC"",""SC"",""ST""]",Rural,Seasonal cut-off dates,Active,https://pmfby.gov.in/,"[""pmfby"",""crop insurance"",""farmer"",""premium subsidy"",""risk cover""]",0,,2026-07-25T08:53:09.509802,2026-07-25T08:53:09.509803
a244bf1b-d996-4e7d-b78d-f73c926e918f,Deen Dayal Upadhyaya Grameen Kaushalya Yojana (DDU-GKY),Ministry of Rural Development,"DDU-GKY is a skill development and placement linked program for rural poor youth. It provides free training, boarding & lodging (in residential programs), and placement support in wage employment.",Social Welfare,Scheme,Central,"[""Free skill training in industry-relevant trades"",""Boarding, lodging and transport support in residential programs"",""Placement in wage employment with minimum salary guarantee"",""Post-placement support"",""Focus on rural poor youth including SC/ST and women""]","[""Rural youth from poor households (as per SECC or state criteria)"",""Age 15-35 years (relaxed for special groups)"",""Must be willing to undergo training and take up placement"",""Who is NOT eligible: Urban youth and those above income criteria""]","[""Aadhaar Card"",""Proof of rural residence"",""Age proof"",""Bank Account details"",""Caste certificate if applicable""]",,Free Skill Training + Placement for Rural Youth,,,,,,[],,,,,All,15,35,,"[""General"",""OBC"",""SC"",""ST""]",Rural,Ongoing,Active,https://ddugky.gov.in/,"[""ddu-gky"",""skill development"",""rural youth"",""placement"",""training""]",0,,2026-07-25T08:53:09.509814,2026-07-25T08:53:09.509815
