id,title,ministry,description,category,type,state,benefits,eligibility,documents_required,amount,short_benefits,interest_rate,tenure_max,collateral_required,moratorium_months,interest_subvention,lending_partners,subsidy_percentage,subsidy_max_amount,dbt_status,vendor_empanelled,gender,age_min,age_max,income_limit,caste,residence,deadline,status,application_url,tags,applications_count,created_by,created_at,updated_at
0110dca0-ea93-4a43-bbd7-16ce55555edd,PM Kisan Maandhan Yojana,Ministry of Agriculture and Farmers Welfare,"The PM Kisan Maandhan Yojana is a signature government initiative designed to revolutionize the Agriculture sector by providing targeted support to citizens across the nation. This comprehensive scheme is built on the pillars of accessibility, transparency, and impact, ensuring that the benefits reach every eligible individual at the last mile. 
 
Historically, individuals in the Agriculture domain have faced significant systemic hurdles, ranging from high costs of entry to limited resources for growth. The PM Kisan Maandhan Yojana addresses these root causes by offering a multi-faceted approach. Whether it's through direct financial transfers, subsidized services, or infrastructure support, the scheme creates a robust safety net that empowers beneficiaries to achieve their potential.
 
At its core, the PM Kisan Maandhan Yojana is about a pension scheme for small and marginal farmers to ensure old-age security. This means not just providing a one-time relief, but building a sustainable ecosystem where individuals can thrive. Supporting the backbone of our economy, this scheme targets farmers, crop yields, and rural sustainability. The scheme's Agriculture orientation ensures that it is tailored to the specific local needs of diverse demographic groups.
 
Furthermore, the implementation of PM Kisan Maandhan Yojana leverages state-of-the-art digital infrastructure, such as the Direct Benefit Transfer (DBT) mechanism and Aadhaar-linked verification, to eliminate leakages and min",Agriculture,Scheme,Central,"[""Direct financial assistance transferred directly to bank accounts."",""Subsidies on seeds, fertilizers, and agricultural equipment."",""Crop insurance coverage against natural disasters or failure.""]","[""Must own cultivable agricultural land under their name."",""Small and marginal farmers holding less than 2 hectares of land."",""Requires Aadhaar-linked land record verification.""]","[""Land Documents"",""Aadhar Card"",""Bank Account Details""]",6000,"₹6,000 Subsidy",,,,,,[],,,,,All,18,60,,"[""OBC"",""SC"",""ST""]",Rural,Ongoing,Active,https://maandhan.in/ or https://pmkmy.gov.in/,"[""agriculture"",""farmer"",""subsidy""]",0,85f6557b-2155-44a7-ac7e-bcb45a5f5bf3,2026-07-25 08:34:57.837,2026-08-16T16:33:47.863680
01d2d8e7-ab0f-4305-b9e2-84c834dc17d4,Soil Health Card Scheme,Ministry of Agriculture and Farmers Welfare,"The Soil Health Card Scheme is a signature government initiative designed to revolutionize the Agriculture sector by providing targeted support to citizens across the nation. This comprehensive scheme is built on the pillars of accessibility, transparency, and impact, ensuring that the benefits reach every eligible individual at the last mile. 
 
Historically, individuals in the Agriculture domain have faced significant systemic hurdles, ranging from high costs of entry to limited resources for growth. The Soil Health Card Scheme addresses these root causes by offering a multi-faceted approach. Whether it's through direct financial transfers, subsidized services, or infrastructure support, the scheme creates a robust safety net that empowers beneficiaries to achieve their potential.
 
At its core, the Soil Health Card Scheme is about providing farmers with soil nutrient status to optimize fertilizer usage. This means not just providing a one-time relief, but building a sustainable ecosystem where individuals can thrive. Supporting the backbone of our economy, this scheme targets farmers, crop yields, and rural sustainability. The scheme's Agriculture orientation ensures that it is tailored to the specific local needs of diverse demographic groups.
 
Furthermore, the implementation of Soil Health Card Scheme leverages state-of-the-art digital infrastructure, such as the Direct Benefit Transfer (DBT) mechanism and Aadhaar-linked verification, to eliminate leakages and minimize ",Agriculture,Scheme,Central,"[""Direct financial assistance transferred directly to bank accounts."",""Subsidies on seeds, fertilizers, and agricultural equipment."",""Crop insurance coverage against natural disasters or failure.""]","[""Must own cultivable agricultural land under their name."",""Small and marginal farmers holding less than 2 hectares of land."",""Requires Aadhaar-linked land record verification.""]","[""Land Documents"",""Aadhar Card"",""Bank Account Details""]",6000,"₹6,000 Subsidy",,,,,,[],,,,,All,18,60,,"[""General"",""OBC"",""SC"",""ST""]",Rural,Ongoing,Active,https://soilhealth.dac.gov.in/,"[""agriculture"",""farmer"",""subsidy""]",0,85f6557b-2155-44a7-ac7e-bcb45a5f5bf3,2026-07-25 08:34:57.837,2026-08-16T16:33:47.863750
052cddb2-a3c6-4dd7-9991-9973cc576d02,National Supercomputing Mission,Ministry of Electronics and IT,"The National Supercomputing Mission is a signature government initiative designed to revolutionize the Technology sector by providing targeted support to citizens across the nation. This comprehensive scheme is built on the pillars of accessibility, transparency, and impact, ensuring that the benefits reach every eligible individual at the last mile. 
 
Historically, individuals in the Technology domain have faced significant systemic hurdles, ranging from high costs of entry to limited resources for growth. The National Supercomputing Mission addresses these root causes by offering a multi-faceted approach. Whether it's through direct financial transfers, subsidized services, or infrastructure support, the scheme creates a robust safety net that empowers beneficiaries to achieve their potential.
 
At its core, the National Supercomputing Mission is about connecting national academic and R&D institutions with a supercomputing grid. This means not just providing a one-time relief, but building a sustainable ecosystem where individuals can thrive. Driving the Digital India vision, this scheme fosters high-tech R&D and digital infrastructure. The scheme's Technology orientation ensures that it is tailored to the specific local needs of diverse demographic groups.
 
Furthermore, the implementation of National Supercomputing Mission leverages state-of-the-art digital infrastructure, such as the Direct Benefit Transfer (DBT) mechanism and Aadhaar-linked verification, to eliminate l",Technology,Scheme,Central,"[""Infrastructure support, design incentives, and R&D grants""]","[""Researchers, tech startups, and electronics manufacturing units""]","[""Project Proposal"",""Company Registration"",""Technical Certifications""]",5000000,"₹50,00,000 Support",,,,,,[],,,,,All,18,60,,"[""General"",""OBC"",""ST""]",Both,Ongoing,Active,,"[""technology"",""digital"",""innovation"",""it""]",0,85f6557b-2155-44a7-ac7e-bcb45a5f5bf3,2026-07-25 08:34:57.837,2026-07-25T08:53:09.507346
06f8dad9-e706-4839-8dbe-733f67b91cb6,Sovereign Gold Bond Scheme,Ministry of Finance,"The Sovereign Gold Bond Scheme is a signature government initiative designed to revolutionize the Finance sector by providing targeted support to citizens across the nation. This comprehensive scheme is built on the pillars of accessibility, transparency, and impact, ensuring that the benefits reach every eligible individual at the last mile. 
 
Historically, individuals in the Finance domain have faced significant systemic hurdles, ranging from high costs of entry to limited resources for growth. The Sovereign Gold Bond Scheme addresses these root causes by offering a multi-faceted approach. Whether it's through direct financial transfers, subsidized services, or infrastructure support, the scheme creates a robust safety net that empowers beneficiaries to achieve their potential.
 
At its core, the Sovereign Gold Bond Scheme is about allowing investors to buy digital gold as an alternative to physical gold. This means not just providing a one-time relief, but building a sustainable ecosystem where individuals can thrive. Enhancing financial inclusion, this scheme provides savings, insurance, and long-term fiscal security. The scheme's Finance orientation ensures that it is tailored to the specific local needs of diverse demographic groups.
 
Furthermore, the implementation of Sovereign Gold Bond Scheme leverages state-of-the-art digital infrastructure, such as the Direct Benefit Transfer (DBT) mechanism and Aadhaar-linked verification, to eliminate leakages and minimize bure",Finance,Scheme,Central,"[""High interest rates, insurance cover, and financial security in old age""]","[""All Indian citizens meeting the specific age and investment criteria""]","[""Aadhar Card"",""Pancard"",""Bank Passbook""]",100000,"₹1,00,000 Support",,,,,,[],,,,,All,0,100,,"[""General"",""OBC"",""SC"",""ST""]",Both,Ongoing,Active,https://www.rbi.org.in/ or https://www.nseindia.com/,"[""finance"",""savings"",""insurance"",""pension""]",0,85f6557b-2155-44a7-ac7e-bcb45a5f5bf3,2026-07-25 08:34:57.837,2026-08-16T16:33:47.863756
08cb7d54-2c87-41f5-8425-a14f225e9f6c,Kisan Vikas Patra,Ministry of Finance,"The Kisan Vikas Patra is a signature government initiative designed to revolutionize the Finance sector by providing targeted support to citizens across the nation. This comprehensive scheme is built on the pillars of accessibility, transparency, and impact, ensuring that the benefits reach every eligible individual at the last mile. 
 
Historically, individuals in the Finance domain have faced significant systemic hurdles, ranging from high costs of entry to limited resources for growth. The Kisan Vikas Patra addresses these root causes by offering a multi-faceted approach. Whether it's through direct financial transfers, subsidized services, or infrastructure support, the scheme creates a robust safety net that empowers beneficiaries to achieve their potential.
 
At its core, the Kisan Vikas Patra is about a long-term savings instrument for farmers and small investors. This means not just providing a one-time relief, but building a sustainable ecosystem where individuals can thrive. Enhancing financial inclusion, this scheme provides savings, insurance, and long-term fiscal security. The scheme's Finance orientation ensures that it is tailored to the specific local needs of diverse demographic groups.
 
Furthermore, the implementation of Kisan Vikas Patra leverages state-of-the-art digital infrastructure, such as the Direct Benefit Transfer (DBT) mechanism and Aadhaar-linked verification, to eliminate leakages and minimize bureaucratic delays. Applicants can track their sta",Finance,Scheme,Central,"[""High interest rates, insurance cover, and financial security in old age""]","[""All Indian citizens meeting the specific age and investment criteria""]","[""Aadhar Card"",""Pancard"",""Bank Passbook""]",100000,"₹1,00,000 Support",,,,,,[],,,,,All,0,100,,"[""General"",""OBC"",""SC"",""ST""]",Both,Ongoing,Active,https://www.indiapost.gov.in/,"[""finance"",""savings"",""insurance"",""pension""]",0,85f6557b-2155-44a7-ac7e-bcb45a5f5bf3,2026-07-25 08:34:57.837,2026-08-16T16:33:47.863759
094ded95-e516-43dd-a606-555d55cd02de,PM Shram Yogi Maandhan,Ministry of Social Justice and Empowerment,"The PM Shram Yogi Maandhan is a signature government initiative designed to revolutionize the Social Welfare sector by providing targeted support to citizens across the nation. This comprehensive scheme is built on the pillars of accessibility, transparency, and impact, ensuring that the benefits reach every eligible individual at the last mile. 
 
Historically, individuals in the Social Welfare domain have faced significant systemic hurdles, ranging from high costs of entry to limited resources for growth. The PM Shram Yogi Maandhan addresses these root causes by offering a multi-faceted approach. Whether it's through direct financial transfers, subsidized services, or infrastructure support, the scheme creates a robust safety net that empowers beneficiaries to achieve their potential.
 
At its core, the PM Shram Yogi Maandhan is about a voluntary and contributory pension scheme for unorganized workers. This means not just providing a one-time relief, but building a sustainable ecosystem where individuals can thrive. Serving the most vulnerable, this program ensures social justice, pensions, and basic safety nets. The scheme's Social Welfare orientation ensures that it is tailored to the specific local needs of diverse demographic groups.
 
Furthermore, the implementation of PM Shram Yogi Maandhan leverages state-of-the-art digital infrastructure, such as the Direct Benefit Transfer (DBT) mechanism and Aadhaar-linked verification, to eliminate leakages and minimize bureaucra",Social Welfare,Scheme,Central,"[""Direct financial support, food security, and social protection""]","[""BPL families, senior citizens, widows, and persons with disabilities""]","[""BPL Card"",""Aadhar Card"",""Disability/Death Certificate""]",2000,"₹2,000 Support",,,,,,[],,,,,All,0,100,100000,"[""General"",""OBC"",""SC"",""ST""]",Both,Ongoing,Active,https://maandhan.in/,"[""social"",""welfare"",""pension"",""poor""]",0,85f6557b-2155-44a7-ac7e-bcb45a5f5bf3,2026-07-25 08:34:57.837,2026-08-16T16:33:47.863761
126623a4-2311-4832-a02e-86b10d5e126a,MSME Innovative Scheme,Ministry of MSME,"The MSME Innovative Scheme is a signature government initiative designed to revolutionize the Business sector by providing targeted support to citizens across the nation. This comprehensive scheme is built on the pillars of accessibility, transparency, and impact, ensuring that the benefits reach every eligible individual at the last mile. 
 
Historically, individuals in the Business domain have faced significant systemic hurdles, ranging from high costs of entry to limited resources for growth. The MSME Innovative Scheme addresses these root causes by offering a multi-faceted approach. Whether it's through direct financial transfers, subsidized services, or infrastructure support, the scheme creates a robust safety net that empowers beneficiaries to achieve their potential.
 
At its core, the MSME Innovative Scheme is about promoting innovation and design thinking in micro, small, and medium enterprises. This means not just providing a one-time relief, but building a sustainable ecosystem where individuals can thrive. Empowering entrepreneurs and startups, this program drives economic growth and industrial innovation. The scheme's Business orientation ensures that it is tailored to the specific local needs of diverse demographic groups.
 
Furthermore, the implementation of MSME Innovative Scheme leverages state-of-the-art digital infrastructure, such as the Direct Benefit Transfer (DBT) mechanism and Aadhaar-linked verification, to eliminate leakages and minimize bureaucrati",Business,Scheme,Central,"[""Collateral-free low-interest working capital and term loans."",""Interest subvention benefits for prompt repayment cycles."",""Capital subsidy on project establishment costs.""]","[""Artisans, micro-business owners, startups, or SC/ST/Women entrepreneurs."",""Requires a viable business project report and proof of activity."",""Age limit: 18 to 65 years at the time of application.""]","[""GST Certificate"",""Pancard"",""Project Report""]",1000000,"₹10,00,000 Support",,,,,,[],,,,,All,18,65,,"[""General"",""OBC"",""SC"",""ST""]",Both,Ongoing,Active,,"[""business"",""msme"",""entrepreneur"",""startup""]",0,85f6557b-2155-44a7-ac7e-bcb45a5f5bf3,2026-07-25 08:34:57.837,2026-07-25T08:53:09.507424
18559689-d7ef-45a1-912b-018d26c24b49,PM Employment Generation Programme,Ministry of MSME,"The PM Employment Generation Programme is a signature government initiative designed to revolutionize the Business sector by providing targeted support to citizens across the nation. This comprehensive scheme is built on the pillars of accessibility, transparency, and impact, ensuring that the benefits reach every eligible individual at the last mile. 
 
Historically, individuals in the Business domain have faced significant systemic hurdles, ranging from high costs of entry to limited resources for growth. The PM Employment Generation Programme addresses these root causes by offering a multi-faceted approach. Whether it's through direct financial transfers, subsidized services, or infrastructure support, the scheme creates a robust safety net that empowers beneficiaries to achieve their potential.
 
At its core, the PM Employment Generation Programme is about generating self-employment opportunities through micro-enterprise setup. This means not just providing a one-time relief, but building a sustainable ecosystem where individuals can thrive. Empowering entrepreneurs and startups, this program drives economic growth and industrial innovation. The scheme's Business orientation ensures that it is tailored to the specific local needs of diverse demographic groups.
 
Furthermore, the implementation of PM Employment Generation Programme leverages state-of-the-art digital infrastructure, such as the Direct Benefit Transfer (DBT) mechanism and Aadhaar-linked verification, to elim",Business,Scheme,Central,"[""Collateral-free low-interest working capital and term loans."",""Interest subvention benefits for prompt repayment cycles."",""Capital subsidy on project establishment costs.""]","[""Artisans, micro-business owners, startups, or SC/ST/Women entrepreneurs."",""Requires a viable business project report and proof of activity."",""Age limit: 18 to 65 years at the time of application.""]","[""GST Certificate"",""Pancard"",""Project Report""]",1000000,"₹10,00,000 Support",,,,,,[],,,,,All,18,65,,"[""OBC"",""ST""]",Both,Ongoing,Active,,"[""business"",""msme"",""entrepreneur"",""startup""]",0,85f6557b-2155-44a7-ac7e-bcb45a5f5bf3,2026-07-25 08:34:57.837,2026-07-25T08:53:09.507442
18ddf66e-29a8-4321-af8c-2fce5db5bce6,PM Suraksha Bima Yojana,Ministry of Finance,"The PM Suraksha Bima Yojana is a signature government initiative designed to revolutionize the Finance sector by providing targeted support to citizens across the nation. This comprehensive scheme is built on the pillars of accessibility, transparency, and impact, ensuring that the benefits reach every eligible individual at the last mile. 
 
Historically, individuals in the Finance domain have faced significant systemic hurdles, ranging from high costs of entry to limited resources for growth. The PM Suraksha Bima Yojana addresses these root causes by offering a multi-faceted approach. Whether it's through direct financial transfers, subsidized services, or infrastructure support, the scheme creates a robust safety net that empowers beneficiaries to achieve their potential.
 
At its core, the PM Suraksha Bima Yojana is about providing accidental death and disability insurance at a very low premium. This means not just providing a one-time relief, but building a sustainable ecosystem where individuals can thrive. Enhancing financial inclusion, this scheme provides savings, insurance, and long-term fiscal security. The scheme's Finance orientation ensures that it is tailored to the specific local needs of diverse demographic groups.
 
Furthermore, the implementation of PM Suraksha Bima Yojana leverages state-of-the-art digital infrastructure, such as the Direct Benefit Transfer (DBT) mechanism and Aadhaar-linked verification, to eliminate leakages and minimize bureaucratic del",Finance,Scheme,Central,"[""High interest rates, insurance cover, and financial security in old age""]","[""All Indian citizens meeting the specific age and investment criteria""]","[""Aadhar Card"",""Pancard"",""Bank Passbook""]",100000,"₹1,00,000 Support",,,,,,[],,,,,All,0,100,,"[""General"",""OBC"",""SC"",""ST""]",Both,Ongoing,Active,https://www.jansuraksha.gov.in/,"[""finance"",""savings"",""insurance"",""pension""]",0,85f6557b-2155-44a7-ac7e-bcb45a5f5bf3,2026-07-25 08:34:57.837,2026-08-16T16:33:47.863765
1ab8d94f-55c3-4898-aab2-c6228d8a7924,Bhashini Mission,Ministry of Electronics and IT,"The Bhashini Mission is a signature government initiative designed to revolutionize the Technology sector by providing targeted support to citizens across the nation. This comprehensive scheme is built on the pillars of accessibility, transparency, and impact, ensuring that the benefits reach every eligible individual at the last mile. 
 
Historically, individuals in the Technology domain have faced significant systemic hurdles, ranging from high costs of entry to limited resources for growth. The Bhashini Mission addresses these root causes by offering a multi-faceted approach. Whether it's through direct financial transfers, subsidized services, or infrastructure support, the scheme creates a robust safety net that empowers beneficiaries to achieve their potential.
 
At its core, the Bhashini Mission is about building a public digital platform for languages using AI. This means not just providing a one-time relief, but building a sustainable ecosystem where individuals can thrive. Driving the Digital India vision, this scheme fosters high-tech R&D and digital infrastructure. The scheme's Technology orientation ensures that it is tailored to the specific local needs of diverse demographic groups.
 
Furthermore, the implementation of Bhashini Mission leverages state-of-the-art digital infrastructure, such as the Direct Benefit Transfer (DBT) mechanism and Aadhaar-linked verification, to eliminate leakages and minimize bureaucratic delays. Applicants can track their status in ",Technology,Scheme,Central,"[""Infrastructure support, design incentives, and R&D grants""]","[""Researchers, tech startups, and electronics manufacturing units""]","[""Project Proposal"",""Company Registration"",""Technical Certifications""]",5000000,"₹50,00,000 Support",,,,,,[],,,,,All,18,60,,"[""General"",""OBC"",""SC"",""ST""]",Both,Ongoing,Active,,"[""technology"",""digital"",""innovation"",""it""]",0,85f6557b-2155-44a7-ac7e-bcb45a5f5bf3,2026-07-25 08:34:57.837,2026-07-25T08:53:09.507474
1bf7fa78-4382-414a-a5a2-05c68518588b,Begum Hazrat Mahal National Scholarship,Ministry of Education,"The Begum Hazrat Mahal National Scholarship is a signature government initiative designed to revolutionize the Education sector by providing targeted support to citizens across the nation. This comprehensive scheme is built on the pillars of accessibility, transparency, and impact, ensuring that the benefits reach every eligible individual at the last mile. 
 
Historically, individuals in the Education domain have faced significant systemic hurdles, ranging from high costs of entry to limited resources for growth. The Begum Hazrat Mahal National Scholarship addresses these root causes by offering a multi-faceted approach. Whether it's through direct financial transfers, subsidized services, or infrastructure support, the scheme creates a robust safety net that empowers beneficiaries to achieve their potential.
 
At its core, the Begum Hazrat Mahal National Scholarship is about specifically funding the education of minority girl students in secondary schools. This means not just providing a one-time relief, but building a sustainable ecosystem where individuals can thrive. The focus remains on academic excellence, student empowerment, and the removal of financial barriers to learning. The scheme's Education orientation ensures that it is tailored to the specific local needs of diverse demographic groups.
 
Furthermore, the implementation of Begum Hazrat Mahal National Scholarship leverages state-of-the-art digital infrastructure, such as the Direct Benefit Transfer (DBT) mecha",Education,Scheme,Central,"[""Full tuition fee waiver or academic scholarship grant."",""Monthly maintenance stipend for books, materials, and living costs."",""Additional allowances for disabled students (if applicable).""]","[""Must be an active student enrolled in a registered institution."",""Minimum academic score of 60% in the qualifying examination."",""Annual family income must be under ₹6,00,000.""]","[""Aadhar Card"",""Mark Sheets"",""Income Certificate""]",50000,"₹50,000 Scholarship/yr",,,,,,[],,,,,All,15,30,600000,"[""General"",""OBC"",""SC"",""ST""]",Both,Ongoing,Active,https://www.minorityaffairs.gov.in/,"[""education"",""scholarship"",""student""]",0,85f6557b-2155-44a7-ac7e-bcb45a5f5bf3,2026-07-25 08:34:57.837,2026-08-16T16:33:47.863768
1c9de234-4eb4-4a6f-93b9-9b321d44d197,National Livestock Mission,Ministry of Agriculture and Farmers Welfare,"The National Livestock Mission is a signature government initiative designed to revolutionize the Agriculture sector by providing targeted support to citizens across the nation. This comprehensive scheme is built on the pillars of accessibility, transparency, and impact, ensuring that the benefits reach every eligible individual at the last mile. 
 
Historically, individuals in the Agriculture domain have faced significant systemic hurdles, ranging from high costs of entry to limited resources for growth. The National Livestock Mission addresses these root causes by offering a multi-faceted approach. Whether it's through direct financial transfers, subsidized services, or infrastructure support, the scheme creates a robust safety net that empowers beneficiaries to achieve their potential.
 
At its core, the National Livestock Mission is about ensuring sustainable development of the livestock sector and animal health. This means not just providing a one-time relief, but building a sustainable ecosystem where individuals can thrive. Supporting the backbone of our economy, this scheme targets farmers, crop yields, and rural sustainability. The scheme's Agriculture orientation ensures that it is tailored to the specific local needs of diverse demographic groups.
 
Furthermore, the implementation of National Livestock Mission leverages state-of-the-art digital infrastructure, such as the Direct Benefit Transfer (DBT) mechanism and Aadhaar-linked verification, to eliminate leakages",Agriculture,Scheme,Central,"[""Direct financial assistance transferred directly to bank accounts."",""Subsidies on seeds, fertilizers, and agricultural equipment."",""Crop insurance coverage against natural disasters or failure.""]","[""Must own cultivable agricultural land under their name."",""Small and marginal farmers holding less than 2 hectares of land."",""Requires Aadhaar-linked land record verification.""]","[""Land Documents"",""Aadhar Card"",""Bank Account Details""]",6000,"₹6,000 Subsidy",,,,,,[],,,,,All,18,60,,"[""General"",""OBC"",""SC"",""ST""]",Rural,Ongoing,Active,https://nlm.udyamimitra.in/,"[""agriculture"",""farmer"",""subsidy""]",0,85f6557b-2155-44a7-ac7e-bcb45a5f5bf3,2026-07-25 08:34:57.837,2026-08-16T16:33:47.863774
1d4f4ee8-16da-4a85-84ac-a58a50678c32,Zero Defect Zero Effect (ZED) Scheme,Ministry of MSME,"The Zero Defect Zero Effect (ZED) Scheme is a signature government initiative designed to revolutionize the Business sector by providing targeted support to citizens across the nation. This comprehensive scheme is built on the pillars of accessibility, transparency, and impact, ensuring that the benefits reach every eligible individual at the last mile. 
 
Historically, individuals in the Business domain have faced significant systemic hurdles, ranging from high costs of entry to limited resources for growth. The Zero Defect Zero Effect (ZED) Scheme addresses these root causes by offering a multi-faceted approach. Whether it's through direct financial transfers, subsidized services, or infrastructure support, the scheme creates a robust safety net that empowers beneficiaries to achieve their potential.
 
At its core, the Zero Defect Zero Effect (ZED) Scheme is about encouraging MSMEs to adopt world-class manufacturing standards. This means not just providing a one-time relief, but building a sustainable ecosystem where individuals can thrive. Empowering entrepreneurs and startups, this program drives economic growth and industrial innovation. The scheme's Business orientation ensures that it is tailored to the specific local needs of diverse demographic groups.
 
Furthermore, the implementation of Zero Defect Zero Effect (ZED) Scheme leverages state-of-the-art digital infrastructure, such as the Direct Benefit Transfer (DBT) mechanism and Aadhaar-linked verification, to elimi",Business,Scheme,Central,"[""Collateral-free low-interest working capital and term loans."",""Interest subvention benefits for prompt repayment cycles."",""Capital subsidy on project establishment costs.""]","[""Artisans, micro-business owners, startups, or SC/ST/Women entrepreneurs."",""Requires a viable business project report and proof of activity."",""Age limit: 18 to 65 years at the time of application.""]","[""GST Certificate"",""Pancard"",""Project Report""]",1000000,"₹10,00,000 Support",,,,,,[],,,,,All,18,65,,"[""General""]",Both,Ongoing,Active,https://zed.msme.gov.in/,"[""business"",""msme"",""entrepreneur"",""startup""]",0,85f6557b-2155-44a7-ac7e-bcb45a5f5bf3,2026-07-25 08:34:57.837,2026-08-16T16:33:47.863778
1e5f1a5d-431b-4e4b-8edb-8e9600f6d5fe,National SC-ST Hub,Ministry of MSME,"The National SC-ST Hub is a signature government initiative designed to revolutionize the Business sector by providing targeted support to citizens across the nation. This comprehensive scheme is built on the pillars of accessibility, transparency, and impact, ensuring that the benefits reach every eligible individual at the last mile. 
 
Historically, individuals in the Business domain have faced significant systemic hurdles, ranging from high costs of entry to limited resources for growth. The National SC-ST Hub addresses these root causes by offering a multi-faceted approach. Whether it's through direct financial transfers, subsidized services, or infrastructure support, the scheme creates a robust safety net that empowers beneficiaries to achieve their potential.
 
At its core, the National SC-ST Hub is about providing handholding support to SC-ST entrepreneurs for government procurement. This means not just providing a one-time relief, but building a sustainable ecosystem where individuals can thrive. Empowering entrepreneurs and startups, this program drives economic growth and industrial innovation. The scheme's Business orientation ensures that it is tailored to the specific local needs of diverse demographic groups.
 
Furthermore, the implementation of National SC-ST Hub leverages state-of-the-art digital infrastructure, such as the Direct Benefit Transfer (DBT) mechanism and Aadhaar-linked verification, to eliminate leakages and minimize bureaucratic delays. Applica",Business,Scheme,Central,"[""Collateral-free low-interest working capital and term loans."",""Interest subvention benefits for prompt repayment cycles."",""Capital subsidy on project establishment costs.""]","[""Artisans, micro-business owners, startups, or SC/ST/Women entrepreneurs."",""Requires a viable business project report and proof of activity."",""Age limit: 18 to 65 years at the time of application.""]","[""GST Certificate"",""Pancard"",""Project Report""]",1000000,"₹10,00,000 Support",,,,,,[],,,,,All,18,65,,"[""General"",""OBC"",""SC"",""ST""]",Both,Ongoing,Active,https://www.scsthub.in/,"[""business"",""msme"",""entrepreneur"",""startup""]",0,85f6557b-2155-44a7-ac7e-bcb45a5f5bf3,2026-07-25 08:34:57.837,2026-08-16T16:33:47.863780
2284ef35-557c-4046-af30-1995d1f0b45c,Janani Suraksha Yojana,Ministry of Health and Family Welfare,"The Janani Suraksha Yojana is a signature government initiative designed to revolutionize the Healthcare sector by providing targeted support to citizens across the nation. This comprehensive scheme is built on the pillars of accessibility, transparency, and impact, ensuring that the benefits reach every eligible individual at the last mile. 
 
Historically, individuals in the Healthcare domain have faced significant systemic hurdles, ranging from high costs of entry to limited resources for growth. The Janani Suraksha Yojana addresses these root causes by offering a multi-faceted approach. Whether it's through direct financial transfers, subsidized services, or infrastructure support, the scheme creates a robust safety net that empowers beneficiaries to achieve their potential.
 
At its core, the Janani Suraksha Yojana is about encouraging institutional delivery among poor pregnant women. This means not just providing a one-time relief, but building a sustainable ecosystem where individuals can thrive. This initiative prioritizes public health outcomes, medical equity, and the strengthening of clinical infrastructure. The scheme's Healthcare orientation ensures that it is tailored to the specific local needs of diverse demographic groups.
 
Furthermore, the implementation of Janani Suraksha Yojana leverages state-of-the-art digital infrastructure, such as the Direct Benefit Transfer (DBT) mechanism and Aadhaar-linked verification, to eliminate leakages and minimize bureaucra",Healthcare,Scheme,Central,"[""Free diagnostic services and clinical treatments at empanelled centers."",""Coverage for secondary and tertiary hospitalization expenses."",""Subsidized post-hospitalization medication and follow-ups.""]","[""Targeted at below-poverty-line (BPL) and marginalized households."",""Requires registration under the State Health Insurance registry."",""Open to all age groups and demographics meeting income limits.""]","[""Aadhar Card"",""Ration Card"",""Medical Reports""]",5000,"₹5,000 Support",,,,,,[],,,,,All,0,100,250000,"[""General"",""OBC"",""SC"",""ST""]",Both,Ongoing,Active,https://nhm.gov.in/,"[""health"",""medical"",""insurance""]",0,85f6557b-2155-44a7-ac7e-bcb45a5f5bf3,2026-07-25 08:34:57.837,2026-08-16T16:33:47.863783
22cf690c-de7b-49c5-8c98-a215d0c20ed3,MeitY Startup Hub,Ministry of Electronics and IT,"The MeitY Startup Hub is a signature government initiative designed to revolutionize the Technology sector by providing targeted support to citizens across the nation. This comprehensive scheme is built on the pillars of accessibility, transparency, and impact, ensuring that the benefits reach every eligible individual at the last mile. 
 
Historically, individuals in the Technology domain have faced significant systemic hurdles, ranging from high costs of entry to limited resources for growth. The MeitY Startup Hub addresses these root causes by offering a multi-faceted approach. Whether it's through direct financial transfers, subsidized services, or infrastructure support, the scheme creates a robust safety net that empowers beneficiaries to achieve their potential.
 
At its core, the MeitY Startup Hub is about building a holistic ecosystem for tech startups and innovation. This means not just providing a one-time relief, but building a sustainable ecosystem where individuals can thrive. Driving the Digital India vision, this scheme fosters high-tech R&D and digital infrastructure. The scheme's Technology orientation ensures that it is tailored to the specific local needs of diverse demographic groups.
 
Furthermore, the implementation of MeitY Startup Hub leverages state-of-the-art digital infrastructure, such as the Direct Benefit Transfer (DBT) mechanism and Aadhaar-linked verification, to eliminate leakages and minimize bureaucratic delays. Applicants can track their s",Technology,Scheme,Central,"[""Infrastructure support, design incentives, and R&D grants""]","[""Researchers, tech startups, and electronics manufacturing units""]","[""Project Proposal"",""Company Registration"",""Technical Certifications""]",5000000,"₹50,00,000 Support",,,,,,[],,,,,All,18,60,,"[""SC""]",Both,Ongoing,Active,,"[""technology"",""digital"",""innovation"",""it""]",0,85f6557b-2155-44a7-ac7e-bcb45a5f5bf3,2026-07-25 08:34:57.837,2026-07-25T08:53:09.507807
2494dda5-fab7-4110-a5db-dabfae9d9131,Ishan Uday Scholarship for North Eastern Region,Ministry of Education,"The Ishan Uday Scholarship for North Eastern Region is a signature government initiative designed to revolutionize the Education sector by providing targeted support to citizens across the nation. This comprehensive scheme is built on the pillars of accessibility, transparency, and impact, ensuring that the benefits reach every eligible individual at the last mile. 
 
Historically, individuals in the Education domain have faced significant systemic hurdles, ranging from high costs of entry to limited resources for growth. The Ishan Uday Scholarship for North Eastern Region addresses these root causes by offering a multi-faceted approach. Whether it's through direct financial transfers, subsidized services, or infrastructure support, the scheme creates a robust safety net that empowers beneficiaries to achieve their potential.
 
At its core, the Ishan Uday Scholarship for North Eastern Region is about improving the gross enrollment ratio in India's North East via dedicated grants. This means not just providing a one-time relief, but building a sustainable ecosystem where individuals can thrive. The focus remains on academic excellence, student empowerment, and the removal of financial barriers to learning. The scheme's Education orientation ensures that it is tailored to the specific local needs of diverse demographic groups.
 
Furthermore, the implementation of Ishan Uday Scholarship for North Eastern Region leverages state-of-the-art digital infrastructure, such as the Direc",Education,Scheme,Central,"[""Full tuition fee waiver or academic scholarship grant."",""Monthly maintenance stipend for books, materials, and living costs."",""Additional allowances for disabled students (if applicable).""]","[""Must be an active student enrolled in a registered institution."",""Minimum academic score of 60% in the qualifying examination."",""Annual family income must be under ₹6,00,000.""]","[""Aadhar Card"",""Mark Sheets"",""Income Certificate""]",50000,"₹50,000 Scholarship/yr",,,,,,[],,,,,All,15,30,600000,"[""General"",""OBC"",""SC"",""ST""]",Both,Ongoing,Active,https://scholarships.gov.in/,"[""education"",""scholarship"",""student""]",0,85f6557b-2155-44a7-ac7e-bcb45a5f5bf3,2026-07-25 08:34:57.837,2026-08-16T16:33:47.863785
2885f61b-da44-42c7-9ce3-ce09faff332e,PM Awas Yojana (Urban),Ministry of Housing and Urban Affairs,"The PM Awas Yojana (Urban) is a signature government initiative designed to revolutionize the Housing sector by providing targeted support to citizens across the nation. This comprehensive scheme is built on the pillars of accessibility, transparency, and impact, ensuring that the benefits reach every eligible individual at the last mile. 
 
Historically, individuals in the Housing domain have faced significant systemic hurdles, ranging from high costs of entry to limited resources for growth. The PM Awas Yojana (Urban) addresses these root causes by offering a multi-faceted approach. Whether it's through direct financial transfers, subsidized services, or infrastructure support, the scheme creates a robust safety net that empowers beneficiaries to achieve their potential.
 
At its core, the PM Awas Yojana (Urban) is about providing affordable housing for the urban poor with interest subsidies. This means not just providing a one-time relief, but building a sustainable ecosystem where individuals can thrive. Aimed at providing dignity through shelter, this project focuses on affordable residential development. The scheme's Housing orientation ensures that it is tailored to the specific local needs of diverse demographic groups.
 
Furthermore, the implementation of PM Awas Yojana (Urban) leverages state-of-the-art digital infrastructure, such as the Direct Benefit Transfer (DBT) mechanism and Aadhaar-linked verification, to eliminate leakages and minimize bureaucratic delays. ",Housing,Subsidy,Central,"[""Financial grant for building or renovating a pucca house."",""Interest subsidy on housing bank loans under credit-linked schemes."",""Sanitation grant for building household toilets.""]","[""Must not own any pucca house in India under any family member's name."",""Belongs to Economically Weaker Section (EWS) or Low Income Group (LIG)."",""Geographic target: Eligible rural and urban municipal areas.""]","[""Income Certificate"",""Land Registry"",""Aadhar Card""]",250000,"₹2,50,000 Subsidy",,,,,,[],,,,,All,18,70,600000,"[""General"",""OBC"",""SC"",""ST""]",Both,Ongoing,Active,https://pmaymis.gov.in/,"[""housing"",""home"",""subsidy"",""construction""]",0,85f6557b-2155-44a7-ac7e-bcb45a5f5bf3,2026-07-25 08:34:57.837,2026-08-16T16:33:47.863787
2973ba36-986f-44cf-917b-5466e3724f5a,Widow Pension Scheme,Ministry of Social Justice and Empowerment,"The Widow Pension Scheme is a signature government initiative designed to revolutionize the Social Welfare sector by providing targeted support to citizens across the nation. This comprehensive scheme is built on the pillars of accessibility, transparency, and impact, ensuring that the benefits reach every eligible individual at the last mile. 
 
Historically, individuals in the Social Welfare domain have faced significant systemic hurdles, ranging from high costs of entry to limited resources for growth. The Widow Pension Scheme addresses these root causes by offering a multi-faceted approach. Whether it's through direct financial transfers, subsidized services, or infrastructure support, the scheme creates a robust safety net that empowers beneficiaries to achieve their potential.
 
At its core, the Widow Pension Scheme is about providing financial assistance to widows for a dignified living. This means not just providing a one-time relief, but building a sustainable ecosystem where individuals can thrive. Serving the most vulnerable, this program ensures social justice, pensions, and basic safety nets. The scheme's Social Welfare orientation ensures that it is tailored to the specific local needs of diverse demographic groups.
 
Furthermore, the implementation of Widow Pension Scheme leverages state-of-the-art digital infrastructure, such as the Direct Benefit Transfer (DBT) mechanism and Aadhaar-linked verification, to eliminate leakages and minimize bureaucratic delays. ",Social Welfare,Scheme,Central,"[""Direct financial support, food security, and social protection""]","[""BPL families, senior citizens, widows, and persons with disabilities""]","[""BPL Card"",""Aadhar Card"",""Disability/Death Certificate""]",2000,"₹2,000 Support",,,,,,[],,,,,All,0,100,100000,"[""General"",""OBC"",""ST""]",Both,Ongoing,Active,,"[""social"",""welfare"",""pension"",""poor""]",0,85f6557b-2155-44a7-ac7e-bcb45a5f5bf3,2026-07-25 08:34:57.837,2026-07-25T08:53:09.507864
2a864a9a-2666-496b-9058-abeed070c648,AICTE Pragati Scholarship for Girls,Ministry of Education,"The AICTE Pragati Scholarship for Girls is a signature government initiative designed to revolutionize the Education sector by providing targeted support to citizens across the nation. This comprehensive scheme is built on the pillars of accessibility, transparency, and impact, ensuring that the benefits reach every eligible individual at the last mile. 
 
Historically, individuals in the Education domain have faced significant systemic hurdles, ranging from high costs of entry to limited resources for growth. The AICTE Pragati Scholarship for Girls addresses these root causes by offering a multi-faceted approach. Whether it's through direct financial transfers, subsidized services, or infrastructure support, the scheme creates a robust safety net that empowers beneficiaries to achieve their potential.
 
At its core, the AICTE Pragati Scholarship for Girls is about empowering women in technical education through annual financial rewards. This means not just providing a one-time relief, but building a sustainable ecosystem where individuals can thrive. The focus remains on academic excellence, student empowerment, and the removal of financial barriers to learning. The scheme's Education orientation ensures that it is tailored to the specific local needs of diverse demographic groups.
 
Furthermore, the implementation of AICTE Pragati Scholarship for Girls leverages state-of-the-art digital infrastructure, such as the Direct Benefit Transfer (DBT) mechanism and Aadhaar-linked v",Education,Scheme,Central,"[""Full tuition fee waiver or academic scholarship grant."",""Monthly maintenance stipend for books, materials, and living costs."",""Additional allowances for disabled students (if applicable).""]","[""Must be an active student enrolled in a registered institution."",""Minimum academic score of 60% in the qualifying examination."",""Annual family income must be under ₹6,00,000.""]","[""Aadhar Card"",""Mark Sheets"",""Income Certificate""]",50000,"₹50,000 Scholarship/yr",,,,,,[],,,,,All,15,30,600000,"[""General"",""OBC"",""SC"",""ST""]",Both,Ongoing,Active,https://www.aicte-india.org/ or https://scholarships.gov.in/,"[""education"",""scholarship"",""student""]",0,85f6557b-2155-44a7-ac7e-bcb45a5f5bf3,2026-07-25 08:34:57.837,2026-08-16T16:33:47.863791
33b3dbae-1e2e-4049-a7cb-16173758d24e,DDA Housing Scheme,Ministry of Housing and Urban Affairs,"The DDA Housing Scheme is a signature government initiative designed to revolutionize the Housing sector by providing targeted support to citizens across the nation. This comprehensive scheme is built on the pillars of accessibility, transparency, and impact, ensuring that the benefits reach every eligible individual at the last mile. 
 
Historically, individuals in the Housing domain have faced significant systemic hurdles, ranging from high costs of entry to limited resources for growth. The DDA Housing Scheme addresses these root causes by offering a multi-faceted approach. Whether it's through direct financial transfers, subsidized services, or infrastructure support, the scheme creates a robust safety net that empowers beneficiaries to achieve their potential.
 
At its core, the DDA Housing Scheme is about offering residential apartments at subsidized rates in Delhi. This means not just providing a one-time relief, but building a sustainable ecosystem where individuals can thrive. Aimed at providing dignity through shelter, this project focuses on affordable residential development. The scheme's Housing orientation ensures that it is tailored to the specific local needs of diverse demographic groups.
 
Furthermore, the implementation of DDA Housing Scheme leverages state-of-the-art digital infrastructure, such as the Direct Benefit Transfer (DBT) mechanism and Aadhaar-linked verification, to eliminate leakages and minimize bureaucratic delays. Applicants can track their ",Housing,Subsidy,Delhi,"[""Financial grant for building or renovating a pucca house."",""Interest subsidy on housing bank loans under credit-linked schemes."",""Sanitation grant for building household toilets.""]","[""Must not own any pucca house in India under any family member's name."",""Belongs to Economically Weaker Section (EWS) or Low Income Group (LIG)."",""Geographic target: Eligible rural and urban municipal areas.""]","[""Income Certificate"",""Land Registry"",""Aadhar Card""]",250000,"₹2,50,000 Subsidy",,,,,,[],,,,,All,18,70,600000,"[""OBC"",""SC""]",Both,Ongoing,Active,,"[""housing"",""home"",""subsidy"",""construction""]",0,85f6557b-2155-44a7-ac7e-bcb45a5f5bf3,2026-07-25 08:34:57.837,2026-07-25T08:53:09.507901
33f141fe-c96a-4cbb-a6d6-967bac38d21e,PM Atmanirbhar Swasth Bharat Yojana,Ministry of Health and Family Welfare,"The PM Atmanirbhar Swasth Bharat Yojana is a signature government initiative designed to revolutionize the Healthcare sector by providing targeted support to citizens across the nation. This comprehensive scheme is built on the pillars of accessibility, transparency, and impact, ensuring that the benefits reach every eligible individual at the last mile. 
 
Historically, individuals in the Healthcare domain have faced significant systemic hurdles, ranging from high costs of entry to limited resources for growth. The PM Atmanirbhar Swasth Bharat Yojana addresses these root causes by offering a multi-faceted approach. Whether it's through direct financial transfers, subsidized services, or infrastructure support, the scheme creates a robust safety net that empowers beneficiaries to achieve their potential.
 
At its core, the PM Atmanirbhar Swasth Bharat Yojana is about developing capacities of primary, secondary, and tertiary health systems. This means not just providing a one-time relief, but building a sustainable ecosystem where individuals can thrive. This initiative prioritizes public health outcomes, medical equity, and the strengthening of clinical infrastructure. The scheme's Healthcare orientation ensures that it is tailored to the specific local needs of diverse demographic groups.
 
Furthermore, the implementation of PM Atmanirbhar Swasth Bharat Yojana leverages state-of-the-art digital infrastructure, such as the Direct Benefit Transfer (DBT) mechanism and Aadhaar-l",Healthcare,Scheme,Central,"[""Free diagnostic services and clinical treatments at empanelled centers."",""Coverage for secondary and tertiary hospitalization expenses."",""Subsidized post-hospitalization medication and follow-ups.""]","[""Targeted at below-poverty-line (BPL) and marginalized households."",""Requires registration under the State Health Insurance registry."",""Open to all age groups and demographics meeting income limits.""]","[""Aadhar Card"",""Ration Card"",""Medical Reports""]",5000,"₹5,000 Support",,,,,,[],,,,,All,0,100,250000,"[""General"",""OBC"",""SC"",""ST""]",Both,Ongoing,Active,,"[""health"",""medical"",""insurance""]",0,85f6557b-2155-44a7-ac7e-bcb45a5f5bf3,2026-07-25 08:34:57.837,2026-07-25T08:53:09.507918
342d2c68-90fa-44c6-ab1e-3c6c3dd7b3d2,National Overseas Scholarship for SC Candidates,Ministry of Education,"The National Overseas Scholarship for SC Candidates is a signature government initiative designed to revolutionize the Education sector by providing targeted support to citizens across the nation. This comprehensive scheme is built on the pillars of accessibility, transparency, and impact, ensuring that the benefits reach every eligible individual at the last mile. 
 
Historically, individuals in the Education domain have faced significant systemic hurdles, ranging from high costs of entry to limited resources for growth. The National Overseas Scholarship for SC Candidates addresses these root causes by offering a multi-faceted approach. Whether it's through direct financial transfers, subsidized services, or infrastructure support, the scheme creates a robust safety net that empowers beneficiaries to achieve their potential.
 
At its core, the National Overseas Scholarship for SC Candidates is about fully funding masters and PhD studies in top foreign universities for SC students. This means not just providing a one-time relief, but building a sustainable ecosystem where individuals can thrive. The focus remains on academic excellence, student empowerment, and the removal of financial barriers to learning. The scheme's Education orientation ensures that it is tailored to the specific local needs of diverse demographic groups.
 
Furthermore, the implementation of National Overseas Scholarship for SC Candidates leverages state-of-the-art digital infrastructure, such as the Dir",Education,Scheme,Central,"[""Full tuition fee waiver or academic scholarship grant."",""Monthly maintenance stipend for books, materials, and living costs."",""Additional allowances for disabled students (if applicable).""]","[""Must be an active student enrolled in a registered institution."",""Minimum academic score of 60% in the qualifying examination."",""Annual family income must be under ₹6,00,000.""]","[""Aadhar Card"",""Mark Sheets"",""Income Certificate""]",50000,"₹50,000 Scholarship/yr",,,,,,[],,,,,All,15,30,600000,"[""General"",""OBC"",""SC"",""ST""]",Both,Ongoing,Active,,"[""education"",""scholarship"",""student""]",0,85f6557b-2155-44a7-ac7e-bcb45a5f5bf3,2026-07-25 08:34:57.837,2026-07-25T08:53:09.507937
3503f416-f19d-4d4a-9063-28484b8bd45d,National Mission for Sustainable Agriculture,Ministry of Agriculture and Farmers Welfare,"The National Mission for Sustainable Agriculture is a signature government initiative designed to revolutionize the Agriculture sector by providing targeted support to citizens across the nation. This comprehensive scheme is built on the pillars of accessibility, transparency, and impact, ensuring that the benefits reach every eligible individual at the last mile. 
 
Historically, individuals in the Agriculture domain have faced significant systemic hurdles, ranging from high costs of entry to limited resources for growth. The National Mission for Sustainable Agriculture addresses these root causes by offering a multi-faceted approach. Whether it's through direct financial transfers, subsidized services, or infrastructure support, the scheme creates a robust safety net that empowers beneficiaries to achieve their potential.
 
At its core, the National Mission for Sustainable Agriculture is about promoting climate-resilient practices and resource conservation. This means not just providing a one-time relief, but building a sustainable ecosystem where individuals can thrive. Supporting the backbone of our economy, this scheme targets farmers, crop yields, and rural sustainability. The scheme's Agriculture orientation ensures that it is tailored to the specific local needs of diverse demographic groups.
 
Furthermore, the implementation of National Mission for Sustainable Agriculture leverages state-of-the-art digital infrastructure, such as the Direct Benefit Transfer (DBT) mec",Agriculture,Scheme,Central,"[""Direct financial assistance transferred directly to bank accounts."",""Subsidies on seeds, fertilizers, and agricultural equipment."",""Crop insurance coverage against natural disasters or failure.""]","[""Must own cultivable agricultural land under their name."",""Small and marginal farmers holding less than 2 hectares of land."",""Requires Aadhaar-linked land record verification.""]","[""Land Documents"",""Aadhar Card"",""Bank Account Details""]",6000,"₹6,000 Subsidy",,,,,,[],,,,,All,18,60,,"[""ST""]",Rural,Ongoing,Active,,"[""agriculture"",""farmer"",""subsidy""]",0,85f6557b-2155-44a7-ac7e-bcb45a5f5bf3,2026-07-25 08:34:57.837,2026-07-25T08:53:09.507953
38551608-d0e2-4904-ad71-55a3ccadd9c6,PM Fasal Bima Yojana,Ministry of Agriculture and Farmers Welfare,"The PM Fasal Bima Yojana is a signature government initiative designed to revolutionize the Agriculture sector by providing targeted support to citizens across the nation. This comprehensive scheme is built on the pillars of accessibility, transparency, and impact, ensuring that the benefits reach every eligible individual at the last mile. 
 
Historically, individuals in the Agriculture domain have faced significant systemic hurdles, ranging from high costs of entry to limited resources for growth. The PM Fasal Bima Yojana addresses these root causes by offering a multi-faceted approach. Whether it's through direct financial transfers, subsidized services, or infrastructure support, the scheme creates a robust safety net that empowers beneficiaries to achieve their potential.
 
At its core, the PM Fasal Bima Yojana is about providing comprehensive crop insurance against non-preventable natural risks. This means not just providing a one-time relief, but building a sustainable ecosystem where individuals can thrive. Supporting the backbone of our economy, this scheme targets farmers, crop yields, and rural sustainability. The scheme's Agriculture orientation ensures that it is tailored to the specific local needs of diverse demographic groups.
 
Furthermore, the implementation of PM Fasal Bima Yojana leverages state-of-the-art digital infrastructure, such as the Direct Benefit Transfer (DBT) mechanism and Aadhaar-linked verification, to eliminate leakages and minimize bureaucr",Agriculture,Scheme,Central,"[""Direct financial assistance transferred directly to bank accounts."",""Subsidies on seeds, fertilizers, and agricultural equipment."",""Crop insurance coverage against natural disasters or failure.""]","[""Must own cultivable agricultural land under their name."",""Small and marginal farmers holding less than 2 hectares of land."",""Requires Aadhaar-linked land record verification.""]","[""Land Documents"",""Aadhar Card"",""Bank Account Details""]",6000,"₹6,000 Subsidy",,,,,,[],,,,,All,18,60,,"[""General"",""OBC"",""SC"",""ST""]",Rural,Ongoing,Active,,"[""agriculture"",""farmer"",""subsidy""]",0,85f6557b-2155-44a7-ac7e-bcb45a5f5bf3,2026-07-25 08:34:57.837,2026-07-25T08:53:09.507972
3a78523d-a1d4-417a-b4e6-140b83d0473f,Digital India Internship Scheme,Ministry of Education,"The Digital India Internship Scheme is a signature government initiative designed to revolutionize the Education sector by providing targeted support to citizens across the nation. This comprehensive scheme is built on the pillars of accessibility, transparency, and impact, ensuring that the benefits reach every eligible individual at the last mile. 
 
Historically, individuals in the Education domain have faced significant systemic hurdles, ranging from high costs of entry to limited resources for growth. The Digital India Internship Scheme addresses these root causes by offering a multi-faceted approach. Whether it's through direct financial transfers, subsidized services, or infrastructure support, the scheme creates a robust safety net that empowers beneficiaries to achieve their potential.
 
At its core, the Digital India Internship Scheme is about offering tech students exposure to government policy making via internships. This means not just providing a one-time relief, but building a sustainable ecosystem where individuals can thrive. The focus remains on academic excellence, student empowerment, and the removal of financial barriers to learning. The scheme's Education orientation ensures that it is tailored to the specific local needs of diverse demographic groups.
 
Furthermore, the implementation of Digital India Internship Scheme leverages state-of-the-art digital infrastructure, such as the Direct Benefit Transfer (DBT) mechanism and Aadhaar-linked verification, ",Education,Scheme,Central,"[""Full tuition fee waiver or academic scholarship grant."",""Monthly maintenance stipend for books, materials, and living costs."",""Additional allowances for disabled students (if applicable).""]","[""Must be an active student enrolled in a registered institution."",""Minimum academic score of 60% in the qualifying examination."",""Annual family income must be under ₹6,00,000.""]","[""Aadhar Card"",""Mark Sheets"",""Income Certificate""]",50000,"₹50,000 Scholarship/yr",,,,,,[],,,,,All,15,30,600000,"[""General"",""OBC"",""SC"",""ST""]",Both,Ongoing,Active,,"[""education"",""scholarship"",""student""]",0,85f6557b-2155-44a7-ac7e-bcb45a5f5bf3,2026-07-25 08:34:57.837,2026-07-25T08:53:09.507991
3c3bc0c2-84af-4251-ac3e-05d7006ba1bf,National Mental Health Programme,Ministry of Health and Family Welfare,"The National Mental Health Programme is a signature government initiative designed to revolutionize the Healthcare sector by providing targeted support to citizens across the nation. This comprehensive scheme is built on the pillars of accessibility, transparency, and impact, ensuring that the benefits reach every eligible individual at the last mile. 
 
Historically, individuals in the Healthcare domain have faced significant systemic hurdles, ranging from high costs of entry to limited resources for growth. The National Mental Health Programme addresses these root causes by offering a multi-faceted approach. Whether it's through direct financial transfers, subsidized services, or infrastructure support, the scheme creates a robust safety net that empowers beneficiaries to achieve their potential.
 
At its core, the National Mental Health Programme is about increasing awareness and access to mental health services across districts. This means not just providing a one-time relief, but building a sustainable ecosystem where individuals can thrive. This initiative prioritizes public health outcomes, medical equity, and the strengthening of clinical infrastructure. The scheme's Healthcare orientation ensures that it is tailored to the specific local needs of diverse demographic groups.
 
Furthermore, the implementation of National Mental Health Programme leverages state-of-the-art digital infrastructure, such as the Direct Benefit Transfer (DBT) mechanism and Aadhaar-linked veri",Healthcare,Scheme,Central,"[""Free diagnostic services and clinical treatments at empanelled centers."",""Coverage for secondary and tertiary hospitalization expenses."",""Subsidized post-hospitalization medication and follow-ups.""]","[""Targeted at below-poverty-line (BPL) and marginalized households."",""Requires registration under the State Health Insurance registry."",""Open to all age groups and demographics meeting income limits.""]","[""Aadhar Card"",""Ration Card"",""Medical Reports""]",5000,"₹5,000 Support",,,,,,[],,,,,All,0,100,250000,"[""OBC"",""SC"",""ST""]",Both,Ongoing,Active,,"[""health"",""medical"",""insurance""]",0,85f6557b-2155-44a7-ac7e-bcb45a5f5bf3,2026-07-25 08:34:57.837,2026-07-25T08:53:09.508009
3cbaf638-fd09-45af-92ec-fa8018448d49,PM Annadata Aay Sanraksan Abhiyan,Ministry of Agriculture and Farmers Welfare,"The PM Annadata Aay Sanraksan Abhiyan is a signature government initiative designed to revolutionize the Agriculture sector by providing targeted support to citizens across the nation. This comprehensive scheme is built on the pillars of accessibility, transparency, and impact, ensuring that the benefits reach every eligible individual at the last mile. 
 
Historically, individuals in the Agriculture domain have faced significant systemic hurdles, ranging from high costs of entry to limited resources for growth. The PM Annadata Aay Sanraksan Abhiyan addresses these root causes by offering a multi-faceted approach. Whether it's through direct financial transfers, subsidized services, or infrastructure support, the scheme creates a robust safety net that empowers beneficiaries to achieve their potential.
 
At its core, the PM Annadata Aay Sanraksan Abhiyan is about ensuring remunerative prices to farmers for their produce. This means not just providing a one-time relief, but building a sustainable ecosystem where individuals can thrive. Supporting the backbone of our economy, this scheme targets farmers, crop yields, and rural sustainability. The scheme's Agriculture orientation ensures that it is tailored to the specific local needs of diverse demographic groups.
 
Furthermore, the implementation of PM Annadata Aay Sanraksan Abhiyan leverages state-of-the-art digital infrastructure, such as the Direct Benefit Transfer (DBT) mechanism and Aadhaar-linked verification, to elimina",Agriculture,Scheme,Central,"[""Direct financial assistance transferred directly to bank accounts."",""Subsidies on seeds, fertilizers, and agricultural equipment."",""Crop insurance coverage against natural disasters or failure.""]","[""Must own cultivable agricultural land under their name."",""Small and marginal farmers holding less than 2 hectares of land."",""Requires Aadhaar-linked land record verification.""]","[""Land Documents"",""Aadhar Card"",""Bank Account Details""]",6000,"₹6,000 Subsidy",,,,,,[],,,,,All,18,60,,"[""ST""]",Rural,Ongoing,Active,,"[""agriculture"",""farmer"",""subsidy""]",0,85f6557b-2155-44a7-ac7e-bcb45a5f5bf3,2026-07-25 08:34:57.837,2026-07-25T08:53:09.508027
3cd671be-ebd6-435f-aadd-ba5ce0f723e7,National Vector Borne Disease Control,Ministry of Health and Family Welfare,"The National Vector Borne Disease Control is a signature government initiative designed to revolutionize the Healthcare sector by providing targeted support to citizens across the nation. This comprehensive scheme is built on the pillars of accessibility, transparency, and impact, ensuring that the benefits reach every eligible individual at the last mile. 
 
Historically, individuals in the Healthcare domain have faced significant systemic hurdles, ranging from high costs of entry to limited resources for growth. The National Vector Borne Disease Control addresses these root causes by offering a multi-faceted approach. Whether it's through direct financial transfers, subsidized services, or infrastructure support, the scheme creates a robust safety net that empowers beneficiaries to achieve their potential.
 
At its core, the National Vector Borne Disease Control is about controlling malaria, dengue, and other vector-borne diseases. This means not just providing a one-time relief, but building a sustainable ecosystem where individuals can thrive. This initiative prioritizes public health outcomes, medical equity, and the strengthening of clinical infrastructure. The scheme's Healthcare orientation ensures that it is tailored to the specific local needs of diverse demographic groups.
 
Furthermore, the implementation of National Vector Borne Disease Control leverages state-of-the-art digital infrastructure, such as the Direct Benefit Transfer (DBT) mechanism and Aadhaar-linke",Healthcare,Scheme,Central,"[""Free diagnostic services and clinical treatments at empanelled centers."",""Coverage for secondary and tertiary hospitalization expenses."",""Subsidized post-hospitalization medication and follow-ups.""]","[""Targeted at below-poverty-line (BPL) and marginalized households."",""Requires registration under the State Health Insurance registry."",""Open to all age groups and demographics meeting income limits.""]","[""Aadhar Card"",""Ration Card"",""Medical Reports""]",5000,"₹5,000 Support",,,,,,[],,,,,All,0,100,250000,"[""General"",""OBC"",""SC"",""ST""]",Both,Ongoing,Active,,"[""health"",""medical"",""insurance""]",0,85f6557b-2155-44a7-ac7e-bcb45a5f5bf3,2026-07-25 08:34:57.837,2026-07-25T08:53:09.508051
3e06b0c0-552c-4f4f-953b-5dd6af26b2b8,Modified Electronics Manufacturing Clusters,Ministry of Electronics and IT,"The Modified Electronics Manufacturing Clusters is a signature government initiative designed to revolutionize the Technology sector by providing targeted support to citizens across the nation. This comprehensive scheme is built on the pillars of accessibility, transparency, and impact, ensuring that the benefits reach every eligible individual at the last mile. 
 
Historically, individuals in the Technology domain have faced significant systemic hurdles, ranging from high costs of entry to limited resources for growth. The Modified Electronics Manufacturing Clusters addresses these root causes by offering a multi-faceted approach. Whether it's through direct financial transfers, subsidized services, or infrastructure support, the scheme creates a robust safety net that empowers beneficiaries to achieve their potential.
 
At its core, the Modified Electronics Manufacturing Clusters is about providing world-class infrastructure for electronics manufacturing. This means not just providing a one-time relief, but building a sustainable ecosystem where individuals can thrive. Driving the Digital India vision, this scheme fosters high-tech R&D and digital infrastructure. The scheme's Technology orientation ensures that it is tailored to the specific local needs of diverse demographic groups.
 
Furthermore, the implementation of Modified Electronics Manufacturing Clusters leverages state-of-the-art digital infrastructure, such as the Direct Benefit Transfer (DBT) mechanism and Aadha",Technology,Scheme,Central,"[""Infrastructure support, design incentives, and R&D grants""]","[""Researchers, tech startups, and electronics manufacturing units""]","[""Project Proposal"",""Company Registration"",""Technical Certifications""]",5000000,"₹50,00,000 Support",,,,,,[],,,,,All,18,60,,"[""General"",""OBC"",""SC"",""ST""]",Both,Ongoing,Active,,"[""technology"",""digital"",""innovation"",""it""]",0,85f6557b-2155-44a7-ac7e-bcb45a5f5bf3,2026-07-25 08:34:57.837,2026-07-25T08:53:09.508068
3ef4aafd-82e9-4fa3-8de8-4b1a40522a02,Sukanya Samriddhi Yojana,Ministry of Finance,"The Sukanya Samriddhi Yojana is a signature government initiative designed to revolutionize the Finance sector by providing targeted support to citizens across the nation. This comprehensive scheme is built on the pillars of accessibility, transparency, and impact, ensuring that the benefits reach every eligible individual at the last mile. 
 
Historically, individuals in the Finance domain have faced significant systemic hurdles, ranging from high costs of entry to limited resources for growth. The Sukanya Samriddhi Yojana addresses these root causes by offering a multi-faceted approach. Whether it's through direct financial transfers, subsidized services, or infrastructure support, the scheme creates a robust safety net that empowers beneficiaries to achieve their potential.
 
At its core, the Sukanya Samriddhi Yojana is about a small deposit scheme for the girl child as part of 'Beti Bachao Beti Padhao'. This means not just providing a one-time relief, but building a sustainable ecosystem where individuals can thrive. Enhancing financial inclusion, this scheme provides savings, insurance, and long-term fiscal security. The scheme's Finance orientation ensures that it is tailored to the specific local needs of diverse demographic groups.
 
Furthermore, the implementation of Sukanya Samriddhi Yojana leverages state-of-the-art digital infrastructure, such as the Direct Benefit Transfer (DBT) mechanism and Aadhaar-linked verification, to eliminate leakages and minimize bureauc",Finance,Scheme,Central,"[""High interest rates, insurance cover, and financial security in old age""]","[""All Indian citizens meeting the specific age and investment criteria""]","[""Aadhar Card"",""Pancard"",""Bank Passbook""]",100000,"₹1,00,000 Support",,,,,,[],,,,,All,0,100,,"[""General"",""OBC"",""SC"",""ST""]",Both,Ongoing,Active,,"[""finance"",""savings"",""insurance"",""pension""]",0,85f6557b-2155-44a7-ac7e-bcb45a5f5bf3,2026-07-25 08:34:57.837,2026-07-25T08:53:09.508085
3f7b4c8d-b1e7-4a58-a5c7-030708ea9fc4,PM Awas Yojana (Gramin),Ministry of Housing and Urban Affairs,"The PM Awas Yojana (Gramin) is a signature government initiative designed to revolutionize the Housing sector by providing targeted support to citizens across the nation. This comprehensive scheme is built on the pillars of accessibility, transparency, and impact, ensuring that the benefits reach every eligible individual at the last mile. 
 
Historically, individuals in the Housing domain have faced significant systemic hurdles, ranging from high costs of entry to limited resources for growth. The PM Awas Yojana (Gramin) addresses these root causes by offering a multi-faceted approach. Whether it's through direct financial transfers, subsidized services, or infrastructure support, the scheme creates a robust safety net that empowers beneficiaries to achieve their potential.
 
At its core, the PM Awas Yojana (Gramin) is about granting financial assistance to rural BPL families for constructing pucca houses. This means not just providing a one-time relief, but building a sustainable ecosystem where individuals can thrive. Aimed at providing dignity through shelter, this project focuses on affordable residential development. The scheme's Housing orientation ensures that it is tailored to the specific local needs of diverse demographic groups.
 
Furthermore, the implementation of PM Awas Yojana (Gramin) leverages state-of-the-art digital infrastructure, such as the Direct Benefit Transfer (DBT) mechanism and Aadhaar-linked verification, to eliminate leakages and minimize bureauc",Housing,Subsidy,Central,"[""Financial grant for building or renovating a pucca house."",""Interest subsidy on housing bank loans under credit-linked schemes."",""Sanitation grant for building household toilets.""]","[""Must not own any pucca house in India under any family member's name."",""Belongs to Economically Weaker Section (EWS) or Low Income Group (LIG)."",""Geographic target: Eligible rural and urban municipal areas.""]","[""Income Certificate"",""Land Registry"",""Aadhar Card""]",250000,"₹2,50,000 Subsidy",,,,,,[],,,,,All,18,70,600000,"[""General"",""OBC"",""SC"",""ST""]",Both,Ongoing,Active,,"[""housing"",""home"",""subsidy"",""construction""]",0,85f6557b-2155-44a7-ac7e-bcb45a5f5bf3,2026-07-25 08:34:57.837,2026-07-25T08:53:09.508103
44cc7c08-7a38-4434-af3e-4fc22cefbd5a,National Food Security Mission,Ministry of Agriculture and Farmers Welfare,"The National Food Security Mission is a signature government initiative designed to revolutionize the Agriculture sector by providing targeted support to citizens across the nation. This comprehensive scheme is built on the pillars of accessibility, transparency, and impact, ensuring that the benefits reach every eligible individual at the last mile. 
 
Historically, individuals in the Agriculture domain have faced significant systemic hurdles, ranging from high costs of entry to limited resources for growth. The National Food Security Mission addresses these root causes by offering a multi-faceted approach. Whether it's through direct financial transfers, subsidized services, or infrastructure support, the scheme creates a robust safety net that empowers beneficiaries to achieve their potential.
 
At its core, the National Food Security Mission is about increasing production of rice, wheat, and pulses through area expansion. This means not just providing a one-time relief, but building a sustainable ecosystem where individuals can thrive. Supporting the backbone of our economy, this scheme targets farmers, crop yields, and rural sustainability. The scheme's Agriculture orientation ensures that it is tailored to the specific local needs of diverse demographic groups.
 
Furthermore, the implementation of National Food Security Mission leverages state-of-the-art digital infrastructure, such as the Direct Benefit Transfer (DBT) mechanism and Aadhaar-linked verification, to elimi",Agriculture,Scheme,Central,"[""Direct financial assistance transferred directly to bank accounts."",""Subsidies on seeds, fertilizers, and agricultural equipment."",""Crop insurance coverage against natural disasters or failure.""]","[""Must own cultivable agricultural land under their name."",""Small and marginal farmers holding less than 2 hectares of land."",""Requires Aadhaar-linked land record verification.""]","[""Land Documents"",""Aadhar Card"",""Bank Account Details""]",6000,"₹6,000 Subsidy",,,,,,[],,,,,All,18,60,,"[""General"",""OBC"",""SC"",""ST""]",Rural,Ongoing,Active,,"[""agriculture"",""farmer"",""subsidy""]",0,85f6557b-2155-44a7-ac7e-bcb45a5f5bf3,2026-07-25 08:34:57.837,2026-07-25T08:53:09.508119
4c05655f-4c4c-422d-8242-19c6738599b3,Production Linked Incentive (PLI) Scheme,Ministry of MSME,"The Production Linked Incentive (PLI) Scheme is a signature government initiative designed to revolutionize the Business sector by providing targeted support to citizens across the nation. This comprehensive scheme is built on the pillars of accessibility, transparency, and impact, ensuring that the benefits reach every eligible individual at the last mile. 
 
Historically, individuals in the Business domain have faced significant systemic hurdles, ranging from high costs of entry to limited resources for growth. The Production Linked Incentive (PLI) Scheme addresses these root causes by offering a multi-faceted approach. Whether it's through direct financial transfers, subsidized services, or infrastructure support, the scheme creates a robust safety net that empowers beneficiaries to achieve their potential.
 
At its core, the Production Linked Incentive (PLI) Scheme is about boosting domestic manufacturing in electronics, medicine, and auto sectors. This means not just providing a one-time relief, but building a sustainable ecosystem where individuals can thrive. Empowering entrepreneurs and startups, this program drives economic growth and industrial innovation. The scheme's Business orientation ensures that it is tailored to the specific local needs of diverse demographic groups.
 
Furthermore, the implementation of Production Linked Incentive (PLI) Scheme leverages state-of-the-art digital infrastructure, such as the Direct Benefit Transfer (DBT) mechanism and Aadhaar-l",Business,Scheme,Central,"[""Collateral-free low-interest working capital and term loans."",""Interest subvention benefits for prompt repayment cycles."",""Capital subsidy on project establishment costs.""]","[""Artisans, micro-business owners, startups, or SC/ST/Women entrepreneurs."",""Requires a viable business project report and proof of activity."",""Age limit: 18 to 65 years at the time of application.""]","[""GST Certificate"",""Pancard"",""Project Report""]",1000000,"₹10,00,000 Support",,,,,,[],,,,,All,18,65,,"[""General"",""OBC"",""SC"",""ST""]",Both,Ongoing,Active,,"[""business"",""msme"",""entrepreneur"",""startup""]",0,85f6557b-2155-44a7-ac7e-bcb45a5f5bf3,2026-07-25 08:34:57.837,2026-07-25T08:53:09.508139
4e67dde1-a081-4508-bd31-bdd9e41c7555,Central Sector Scholarship for University Students,Ministry of Education,"The Central Sector Scholarship for University Students is a signature government initiative designed to revolutionize the Education sector by providing targeted support to citizens across the nation. This comprehensive scheme is built on the pillars of accessibility, transparency, and impact, ensuring that the benefits reach every eligible individual at the last mile. 
 
Historically, individuals in the Education domain have faced significant systemic hurdles, ranging from high costs of entry to limited resources for growth. The Central Sector Scholarship for University Students addresses these root causes by offering a multi-faceted approach. Whether it's through direct financial transfers, subsidized services, or infrastructure support, the scheme creates a robust safety net that empowers beneficiaries to achieve their potential.
 
At its core, the Central Sector Scholarship for University Students is about providing annual maintenance grants to college students based on their Class 12 performance. This means not just providing a one-time relief, but building a sustainable ecosystem where individuals can thrive. The focus remains on academic excellence, student empowerment, and the removal of financial barriers to learning. The scheme's Education orientation ensures that it is tailored to the specific local needs of diverse demographic groups.
 
Furthermore, the implementation of Central Sector Scholarship for University Students leverages state-of-the-art digital infrastru",Education,Scheme,Central,"[""Full tuition fee waiver or academic scholarship grant."",""Monthly maintenance stipend for books, materials, and living costs."",""Additional allowances for disabled students (if applicable).""]","[""Must be an active student enrolled in a registered institution."",""Minimum academic score of 60% in the qualifying examination."",""Annual family income must be under ₹6,00,000.""]","[""Aadhar Card"",""Mark Sheets"",""Income Certificate""]",50000,"₹50,000 Scholarship/yr",,,,,,[],,,,,All,15,30,600000,"[""General"",""OBC"",""SC"",""ST""]",Both,Ongoing,Active,,"[""education"",""scholarship"",""student""]",0,85f6557b-2155-44a7-ac7e-bcb45a5f5bf3,2026-07-25 08:34:57.836,2026-07-25T08:53:09.508158
4fb6e003-4386-45e5-8b0a-ad91a73a0670,Dr. Ambedkar Post Matric Scholarship for EBC,Ministry of Education,"The Dr. Ambedkar Post Matric Scholarship for EBC is a signature government initiative designed to revolutionize the Education sector by providing targeted support to citizens across the nation. This comprehensive scheme is built on the pillars of accessibility, transparency, and impact, ensuring that the benefits reach every eligible individual at the last mile. 
 
Historically, individuals in the Education domain have faced significant systemic hurdles, ranging from high costs of entry to limited resources for growth. The Dr. Ambedkar Post Matric Scholarship for EBC addresses these root causes by offering a multi-faceted approach. Whether it's through direct financial transfers, subsidized services, or infrastructure support, the scheme creates a robust safety net that empowers beneficiaries to achieve their potential.
 
At its core, the Dr. Ambedkar Post Matric Scholarship for EBC is about providing post-matric financial aid to students from economically backward classes. This means not just providing a one-time relief, but building a sustainable ecosystem where individuals can thrive. The focus remains on academic excellence, student empowerment, and the removal of financial barriers to learning. The scheme's Education orientation ensures that it is tailored to the specific local needs of diverse demographic groups.
 
Furthermore, the implementation of Dr. Ambedkar Post Matric Scholarship for EBC leverages state-of-the-art digital infrastructure, such as the Direct Benefit",Education,Scheme,Central,"[""Full tuition fee waiver or academic scholarship grant."",""Monthly maintenance stipend for books, materials, and living costs."",""Additional allowances for disabled students (if applicable).""]","[""Must be an active student enrolled in a registered institution."",""Minimum academic score of 60% in the qualifying examination."",""Annual family income must be under ₹6,00,000.""]","[""Aadhar Card"",""Mark Sheets"",""Income Certificate""]",50000,"₹50,000 Scholarship/yr",,,,,,[],,,,,All,15,30,600000,"[""General"",""OBC"",""SC"",""ST""]",Both,Ongoing,Active,,"[""education"",""scholarship"",""student""]",0,85f6557b-2155-44a7-ac7e-bcb45a5f5bf3,2026-07-25 08:34:57.837,2026-07-25T08:53:09.508176
519dcd33-0720-4729-87d4-7f5c617eb794,Integrated Child Development Services (ICDS),Ministry of Health and Family Welfare,"The Integrated Child Development Services (ICDS) is a signature government initiative designed to revolutionize the Healthcare sector by providing targeted support to citizens across the nation. This comprehensive scheme is built on the pillars of accessibility, transparency, and impact, ensuring that the benefits reach every eligible individual at the last mile. 
 
Historically, individuals in the Healthcare domain have faced significant systemic hurdles, ranging from high costs of entry to limited resources for growth. The Integrated Child Development Services (ICDS) addresses these root causes by offering a multi-faceted approach. Whether it's through direct financial transfers, subsidized services, or infrastructure support, the scheme creates a robust safety net that empowers beneficiaries to achieve their potential.
 
At its core, the Integrated Child Development Services (ICDS) is about improving nutritional and health status of children below 6 years. This means not just providing a one-time relief, but building a sustainable ecosystem where individuals can thrive. This initiative prioritizes public health outcomes, medical equity, and the strengthening of clinical infrastructure. The scheme's Healthcare orientation ensures that it is tailored to the specific local needs of diverse demographic groups.
 
Furthermore, the implementation of Integrated Child Development Services (ICDS) leverages state-of-the-art digital infrastructure, such as the Direct Benefit Transfer ",Healthcare,Scheme,Central,"[""Free diagnostic services and clinical treatments at empanelled centers."",""Coverage for secondary and tertiary hospitalization expenses."",""Subsidized post-hospitalization medication and follow-ups.""]","[""Targeted at below-poverty-line (BPL) and marginalized households."",""Requires registration under the State Health Insurance registry."",""Open to all age groups and demographics meeting income limits.""]","[""Aadhar Card"",""Ration Card"",""Medical Reports""]",5000,"₹5,000 Support",,,,,,[],,,,,All,0,100,250000,"[""General"",""OBC"",""SC""]",Both,Ongoing,Active,,"[""health"",""medical"",""insurance""]",0,85f6557b-2155-44a7-ac7e-bcb45a5f5bf3,2026-07-25 08:34:57.837,2026-07-25T08:53:09.508194
520fe85d-e883-4853-9c13-05315144317a,Credit Guarantee Fund Trust for MSMEs,Ministry of MSME,"The Credit Guarantee Fund Trust for MSMEs is a signature government initiative designed to revolutionize the Business sector by providing targeted support to citizens across the nation. This comprehensive scheme is built on the pillars of accessibility, transparency, and impact, ensuring that the benefits reach every eligible individual at the last mile. 
 
Historically, individuals in the Business domain have faced significant systemic hurdles, ranging from high costs of entry to limited resources for growth. The Credit Guarantee Fund Trust for MSMEs addresses these root causes by offering a multi-faceted approach. Whether it's through direct financial transfers, subsidized services, or infrastructure support, the scheme creates a robust safety net that empowers beneficiaries to achieve their potential.
 
At its core, the Credit Guarantee Fund Trust for MSMEs is about providing collateral-free credit to the micro and small enterprise sector. This means not just providing a one-time relief, but building a sustainable ecosystem where individuals can thrive. Empowering entrepreneurs and startups, this program drives economic growth and industrial innovation. The scheme's Business orientation ensures that it is tailored to the specific local needs of diverse demographic groups.
 
Furthermore, the implementation of Credit Guarantee Fund Trust for MSMEs leverages state-of-the-art digital infrastructure, such as the Direct Benefit Transfer (DBT) mechanism and Aadhaar-linked verific",Business,Loan,Central,"[""Collateral-free low-interest working capital and term loans."",""Interest subvention benefits for prompt repayment cycles."",""Capital subsidy on project establishment costs.""]","[""Artisans, micro-business owners, startups, or SC/ST/Women entrepreneurs."",""Requires a viable business project report and proof of activity."",""Age limit: 18 to 65 years at the time of application.""]","[""GST Certificate"",""Pancard"",""Project Report""]",1000000,"₹10,00,000 Support",,,,,,[],,,,,All,18,65,,"[""General"",""OBC"",""SC"",""ST""]",Both,Ongoing,Active,,"[""business"",""msme"",""entrepreneur"",""startup""]",0,85f6557b-2155-44a7-ac7e-bcb45a5f5bf3,2026-07-25 08:34:57.837,2026-07-25T08:53:09.508210
5a84dd9e-5662-4536-8f3a-fb4aa863a797,Paramparagat Krishi Vikas Yojana,Ministry of Agriculture and Farmers Welfare,"The Paramparagat Krishi Vikas Yojana is a signature government initiative designed to revolutionize the Agriculture sector by providing targeted support to citizens across the nation. This comprehensive scheme is built on the pillars of accessibility, transparency, and impact, ensuring that the benefits reach every eligible individual at the last mile. 
 
Historically, individuals in the Agriculture domain have faced significant systemic hurdles, ranging from high costs of entry to limited resources for growth. The Paramparagat Krishi Vikas Yojana addresses these root causes by offering a multi-faceted approach. Whether it's through direct financial transfers, subsidized services, or infrastructure support, the scheme creates a robust safety net that empowers beneficiaries to achieve their potential.
 
At its core, the Paramparagat Krishi Vikas Yojana is about promoting organic farming through cluster-based approaches. This means not just providing a one-time relief, but building a sustainable ecosystem where individuals can thrive. Supporting the backbone of our economy, this scheme targets farmers, crop yields, and rural sustainability. The scheme's Agriculture orientation ensures that it is tailored to the specific local needs of diverse demographic groups.
 
Furthermore, the implementation of Paramparagat Krishi Vikas Yojana leverages state-of-the-art digital infrastructure, such as the Direct Benefit Transfer (DBT) mechanism and Aadhaar-linked verification, to eliminate ",Agriculture,Scheme,Central,"[""Direct financial assistance transferred directly to bank accounts."",""Subsidies on seeds, fertilizers, and agricultural equipment."",""Crop insurance coverage against natural disasters or failure.""]","[""Must own cultivable agricultural land under their name."",""Small and marginal farmers holding less than 2 hectares of land."",""Requires Aadhaar-linked land record verification.""]","[""Land Documents"",""Aadhar Card"",""Bank Account Details""]",6000,"₹6,000 Subsidy",,,,,,[],,,,,All,18,60,,"[""General"",""OBC"",""SC"",""ST""]",Rural,Ongoing,Active,,"[""agriculture"",""farmer"",""subsidy""]",0,85f6557b-2155-44a7-ac7e-bcb45a5f5bf3,2026-07-25 08:34:57.837,2026-07-25T08:53:09.508227
5b00e8d9-6aa6-4c64-b84a-87ed8fc51d55,National Family Benefit Scheme,Ministry of Social Justice and Empowerment,"The National Family Benefit Scheme is a signature government initiative designed to revolutionize the Social Welfare sector by providing targeted support to citizens across the nation. This comprehensive scheme is built on the pillars of accessibility, transparency, and impact, ensuring that the benefits reach every eligible individual at the last mile. 
 
Historically, individuals in the Social Welfare domain have faced significant systemic hurdles, ranging from high costs of entry to limited resources for growth. The National Family Benefit Scheme addresses these root causes by offering a multi-faceted approach. Whether it's through direct financial transfers, subsidized services, or infrastructure support, the scheme creates a robust safety net that empowers beneficiaries to achieve their potential.
 
At its core, the National Family Benefit Scheme is about providing a lump sum grant to BPL households on the death of a primary breadwinner. This means not just providing a one-time relief, but building a sustainable ecosystem where individuals can thrive. Serving the most vulnerable, this program ensures social justice, pensions, and basic safety nets. The scheme's Social Welfare orientation ensures that it is tailored to the specific local needs of diverse demographic groups.
 
Furthermore, the implementation of National Family Benefit Scheme leverages state-of-the-art digital infrastructure, such as the Direct Benefit Transfer (DBT) mechanism and Aadhaar-linked verificatio",Social Welfare,Scheme,Central,"[""Direct financial support, food security, and social protection""]","[""BPL families, senior citizens, widows, and persons with disabilities""]","[""BPL Card"",""Aadhar Card"",""Disability/Death Certificate""]",2000,"₹2,000 Support",,,,,,[],,,,,All,0,100,100000,"[""OBC""]",Both,Ongoing,Active,,"[""social"",""welfare"",""pension"",""poor""]",0,85f6557b-2155-44a7-ac7e-bcb45a5f5bf3,2026-07-25 08:34:57.837,2026-07-25T08:53:09.508242
5b8fee40-17bf-4581-86af-a22963d2cb52,National AI Mission,Ministry of Electronics and IT,"The National AI Mission is a signature government initiative designed to revolutionize the Technology sector by providing targeted support to citizens across the nation. This comprehensive scheme is built on the pillars of accessibility, transparency, and impact, ensuring that the benefits reach every eligible individual at the last mile. 
 
Historically, individuals in the Technology domain have faced significant systemic hurdles, ranging from high costs of entry to limited resources for growth. The National AI Mission addresses these root causes by offering a multi-faceted approach. Whether it's through direct financial transfers, subsidized services, or infrastructure support, the scheme creates a robust safety net that empowers beneficiaries to achieve their potential.
 
At its core, the National AI Mission is about promoting the development and adoption of artificial intelligence across sectors. This means not just providing a one-time relief, but building a sustainable ecosystem where individuals can thrive. Driving the Digital India vision, this scheme fosters high-tech R&D and digital infrastructure. The scheme's Technology orientation ensures that it is tailored to the specific local needs of diverse demographic groups.
 
Furthermore, the implementation of National AI Mission leverages state-of-the-art digital infrastructure, such as the Direct Benefit Transfer (DBT) mechanism and Aadhaar-linked verification, to eliminate leakages and minimize bureaucratic delays. Ap",Technology,Scheme,Central,"[""Infrastructure support, design incentives, and R&D grants""]","[""Researchers, tech startups, and electronics manufacturing units""]","[""Project Proposal"",""Company Registration"",""Technical Certifications""]",5000000,"₹50,00,000 Support",,,,,,[],,,,,All,18,60,,"[""General"",""OBC"",""SC"",""ST""]",Both,Ongoing,Active,,"[""technology"",""digital"",""innovation"",""it""]",0,85f6557b-2155-44a7-ac7e-bcb45a5f5bf3,2026-07-25 08:34:57.837,2026-07-25T08:53:09.508276
5c125848-d5a8-4c46-bcbd-dca8fad5da94,ASPIRE Scheme,Ministry of MSME,"The ASPIRE Scheme is a signature government initiative designed to revolutionize the Business sector by providing targeted support to citizens across the nation. This comprehensive scheme is built on the pillars of accessibility, transparency, and impact, ensuring that the benefits reach every eligible individual at the last mile. 
 
Historically, individuals in the Business domain have faced significant systemic hurdles, ranging from high costs of entry to limited resources for growth. The ASPIRE Scheme addresses these root causes by offering a multi-faceted approach. Whether it's through direct financial transfers, subsidized services, or infrastructure support, the scheme creates a robust safety net that empowers beneficiaries to achieve their potential.
 
At its core, the ASPIRE Scheme is about promoting innovation, entrepreneurship, and agro-industry incubation. This means not just providing a one-time relief, but building a sustainable ecosystem where individuals can thrive. Empowering entrepreneurs and startups, this program drives economic growth and industrial innovation. The scheme's Business orientation ensures that it is tailored to the specific local needs of diverse demographic groups.
 
Furthermore, the implementation of ASPIRE Scheme leverages state-of-the-art digital infrastructure, such as the Direct Benefit Transfer (DBT) mechanism and Aadhaar-linked verification, to eliminate leakages and minimize bureaucratic delays. Applicants can track their status in r",Business,Scheme,Central,"[""Collateral-free low-interest working capital and term loans."",""Interest subvention benefits for prompt repayment cycles."",""Capital subsidy on project establishment costs.""]","[""Artisans, micro-business owners, startups, or SC/ST/Women entrepreneurs."",""Requires a viable business project report and proof of activity."",""Age limit: 18 to 65 years at the time of application.""]","[""GST Certificate"",""Pancard"",""Project Report""]",1000000,"₹10,00,000 Support",,,,,,[],,,,,All,18,65,,"[""General"",""OBC"",""SC"",""ST""]",Both,Ongoing,Active,,"[""business"",""msme"",""entrepreneur"",""startup""]",0,85f6557b-2155-44a7-ac7e-bcb45a5f5bf3,2026-07-25 08:34:57.837,2026-07-25T08:53:09.508306
5fbd5c3d-eac9-47e0-aad9-7dd837bc8c1f,PM Vishwakarma Scheme,Ministry of MSME,"The PM Vishwakarma Scheme is a signature government initiative designed to revolutionize the Business sector by providing targeted support to citizens across the nation. This comprehensive scheme is built on the pillars of accessibility, transparency, and impact, ensuring that the benefits reach every eligible individual at the last mile. 
 
Historically, individuals in the Business domain have faced significant systemic hurdles, ranging from high costs of entry to limited resources for growth. The PM Vishwakarma Scheme addresses these root causes by offering a multi-faceted approach. Whether it's through direct financial transfers, subsidized services, or infrastructure support, the scheme creates a robust safety net that empowers beneficiaries to achieve their potential.
 
At its core, the PM Vishwakarma Scheme is about supporting traditional artisans and craftspeople through skill and financial aid. This means not just providing a one-time relief, but building a sustainable ecosystem where individuals can thrive. Empowering entrepreneurs and startups, this program drives economic growth and industrial innovation. The scheme's Business orientation ensures that it is tailored to the specific local needs of diverse demographic groups.
 
Furthermore, the implementation of PM Vishwakarma Scheme leverages state-of-the-art digital infrastructure, such as the Direct Benefit Transfer (DBT) mechanism and Aadhaar-linked verification, to eliminate leakages and minimize bureaucratic de",Business,Scheme,Central,"[""Collateral-free low-interest working capital and term loans."",""Interest subvention benefits for prompt repayment cycles."",""Capital subsidy on project establishment costs.""]","[""Artisans, micro-business owners, startups, or SC/ST/Women entrepreneurs."",""Requires a viable business project report and proof of activity."",""Age limit: 18 to 65 years at the time of application.""]","[""GST Certificate"",""Pancard"",""Project Report""]",1000000,"₹10,00,000 Support",,,,,,[],,,,,All,18,65,,"[""General"",""OBC"",""ST""]",Both,Ongoing,Active,,"[""business"",""msme"",""entrepreneur"",""startup""]",0,85f6557b-2155-44a7-ac7e-bcb45a5f5bf3,2026-07-25 08:34:57.837,2026-07-25T08:53:09.508325
612e6c69-4546-49af-bbb1-649df3294588,Export Promotion Capital Goods Scheme,Ministry of MSME,"The Export Promotion Capital Goods Scheme is a signature government initiative designed to revolutionize the Business sector by providing targeted support to citizens across the nation. This comprehensive scheme is built on the pillars of accessibility, transparency, and impact, ensuring that the benefits reach every eligible individual at the last mile. 
 
Historically, individuals in the Business domain have faced significant systemic hurdles, ranging from high costs of entry to limited resources for growth. The Export Promotion Capital Goods Scheme addresses these root causes by offering a multi-faceted approach. Whether it's through direct financial transfers, subsidized services, or infrastructure support, the scheme creates a robust safety net that empowers beneficiaries to achieve their potential.
 
At its core, the Export Promotion Capital Goods Scheme is about allowing import of capital goods for pre-production at zero custom duty. This means not just providing a one-time relief, but building a sustainable ecosystem where individuals can thrive. Empowering entrepreneurs and startups, this program drives economic growth and industrial innovation. The scheme's Business orientation ensures that it is tailored to the specific local needs of diverse demographic groups.
 
Furthermore, the implementation of Export Promotion Capital Goods Scheme leverages state-of-the-art digital infrastructure, such as the Direct Benefit Transfer (DBT) mechanism and Aadhaar-linked verificat",Business,Scheme,Central,"[""Collateral-free low-interest working capital and term loans."",""Interest subvention benefits for prompt repayment cycles."",""Capital subsidy on project establishment costs.""]","[""Artisans, micro-business owners, startups, or SC/ST/Women entrepreneurs."",""Requires a viable business project report and proof of activity."",""Age limit: 18 to 65 years at the time of application.""]","[""GST Certificate"",""Pancard"",""Project Report""]",1000000,"₹10,00,000 Support",,,,,,[],,,,,All,18,65,,"[""General""]",Both,Ongoing,Active,,"[""business"",""msme"",""entrepreneur"",""startup""]",0,85f6557b-2155-44a7-ac7e-bcb45a5f5bf3,2026-07-25 08:34:57.837,2026-07-25T08:53:09.508343
6391e199-ea6c-4960-b588-719c6bf664db,Stand Up India,Ministry of MSME,"The Stand Up India is a signature government initiative designed to revolutionize the Business sector by providing targeted support to citizens across the nation. This comprehensive scheme is built on the pillars of accessibility, transparency, and impact, ensuring that the benefits reach every eligible individual at the last mile. 
 
Historically, individuals in the Business domain have faced significant systemic hurdles, ranging from high costs of entry to limited resources for growth. The Stand Up India addresses these root causes by offering a multi-faceted approach. Whether it's through direct financial transfers, subsidized services, or infrastructure support, the scheme creates a robust safety net that empowers beneficiaries to achieve their potential.
 
At its core, the Stand Up India is about facilitating bank loans for SC, ST, and women entrepreneurs for greenfield projects. This means not just providing a one-time relief, but building a sustainable ecosystem where individuals can thrive. Empowering entrepreneurs and startups, this program drives economic growth and industrial innovation. The scheme's Business orientation ensures that it is tailored to the specific local needs of diverse demographic groups.
 
Furthermore, the implementation of Stand Up India leverages state-of-the-art digital infrastructure, such as the Direct Benefit Transfer (DBT) mechanism and Aadhaar-linked verification, to eliminate leakages and minimize bureaucratic delays. Applicants can trac",Business,Loan,Central,"[""Collateral-free low-interest working capital and term loans."",""Interest subvention benefits for prompt repayment cycles."",""Capital subsidy on project establishment costs.""]","[""Artisans, micro-business owners, startups, or SC/ST/Women entrepreneurs."",""Requires a viable business project report and proof of activity."",""Age limit: 18 to 65 years at the time of application.""]","[""GST Certificate"",""Pancard"",""Project Report""]",1000000,"₹10,00,000 Support",,,,,,[],,,,,All,18,65,,"[""OBC""]",Both,Ongoing,Active,,"[""business"",""msme"",""entrepreneur"",""startup""]",0,85f6557b-2155-44a7-ac7e-bcb45a5f5bf3,2026-07-25 08:34:57.837,2026-07-25T08:53:09.508358
6605281c-da18-40be-b9e3-8878b00edf20,National Savings Certificate,Ministry of Finance,"The National Savings Certificate is a signature government initiative designed to revolutionize the Finance sector by providing targeted support to citizens across the nation. This comprehensive scheme is built on the pillars of accessibility, transparency, and impact, ensuring that the benefits reach every eligible individual at the last mile. 
 
Historically, individuals in the Finance domain have faced significant systemic hurdles, ranging from high costs of entry to limited resources for growth. The National Savings Certificate addresses these root causes by offering a multi-faceted approach. Whether it's through direct financial transfers, subsidized services, or infrastructure support, the scheme creates a robust safety net that empowers beneficiaries to achieve their potential.
 
At its core, the National Savings Certificate is about a fixed income post office savings scheme for middle-income investors. This means not just providing a one-time relief, but building a sustainable ecosystem where individuals can thrive. Enhancing financial inclusion, this scheme provides savings, insurance, and long-term fiscal security. The scheme's Finance orientation ensures that it is tailored to the specific local needs of diverse demographic groups.
 
Furthermore, the implementation of National Savings Certificate leverages state-of-the-art digital infrastructure, such as the Direct Benefit Transfer (DBT) mechanism and Aadhaar-linked verification, to eliminate leakages and minimize ",Finance,Scheme,Central,"[""High interest rates, insurance cover, and financial security in old age""]","[""All Indian citizens meeting the specific age and investment criteria""]","[""Aadhar Card"",""Pancard"",""Bank Passbook""]",100000,"₹1,00,000 Support",,,,,,[],,,,,All,0,100,,"[""OBC"",""SC"",""ST""]",Both,Ongoing,Active,,"[""finance"",""savings"",""insurance"",""pension""]",0,85f6557b-2155-44a7-ac7e-bcb45a5f5bf3,2026-07-25 08:34:57.837,2026-07-25T08:53:09.508375
6a69f8a1-bd43-4e8c-b874-7971920fc616,PM e-Bus Sewa Scheme,Ministry of MSME,"The PM e-Bus Sewa Scheme is a signature government initiative designed to revolutionize the Business sector by providing targeted support to citizens across the nation. This comprehensive scheme is built on the pillars of accessibility, transparency, and impact, ensuring that the benefits reach every eligible individual at the last mile. 
 
Historically, individuals in the Business domain have faced significant systemic hurdles, ranging from high costs of entry to limited resources for growth. The PM e-Bus Sewa Scheme addresses these root causes by offering a multi-faceted approach. Whether it's through direct financial transfers, subsidized services, or infrastructure support, the scheme creates a robust safety net that empowers beneficiaries to achieve their potential.
 
At its core, the PM e-Bus Sewa Scheme is about promoting electric bus manufacturing and green urban transport. This means not just providing a one-time relief, but building a sustainable ecosystem where individuals can thrive. Empowering entrepreneurs and startups, this program drives economic growth and industrial innovation. The scheme's Business orientation ensures that it is tailored to the specific local needs of diverse demographic groups.
 
Furthermore, the implementation of PM e-Bus Sewa Scheme leverages state-of-the-art digital infrastructure, such as the Direct Benefit Transfer (DBT) mechanism and Aadhaar-linked verification, to eliminate leakages and minimize bureaucratic delays. Applicants can t",Business,Scheme,Central,"[""Collateral-free low-interest working capital and term loans."",""Interest subvention benefits for prompt repayment cycles."",""Capital subsidy on project establishment costs.""]","[""Artisans, micro-business owners, startups, or SC/ST/Women entrepreneurs."",""Requires a viable business project report and proof of activity."",""Age limit: 18 to 65 years at the time of application.""]","[""GST Certificate"",""Pancard"",""Project Report""]",1000000,"₹10,00,000 Support",,,,,,[],,,,,All,18,65,,"[""General"",""OBC"",""SC"",""ST""]",Both,Ongoing,Active,,"[""business"",""msme"",""entrepreneur"",""startup""]",0,85f6557b-2155-44a7-ac7e-bcb45a5f5bf3,2026-07-25 08:34:57.837,2026-07-25T08:53:09.508392
711c8a55-490c-44b6-baa9-51ae83099e07,Biju Pucca Ghar Yojana,Ministry of Housing and Urban Affairs,"The Biju Pucca Ghar Yojana is a signature government initiative designed to revolutionize the Housing sector by providing targeted support to citizens across the nation. This comprehensive scheme is built on the pillars of accessibility, transparency, and impact, ensuring that the benefits reach every eligible individual at the last mile. 
 
Historically, individuals in the Housing domain have faced significant systemic hurdles, ranging from high costs of entry to limited resources for growth. The Biju Pucca Ghar Yojana addresses these root causes by offering a multi-faceted approach. Whether it's through direct financial transfers, subsidized services, or infrastructure support, the scheme creates a robust safety net that empowers beneficiaries to achieve their potential.
 
At its core, the Biju Pucca Ghar Yojana is about converting kutcha houses to pucca houses in rural areas of Odisha. This means not just providing a one-time relief, but building a sustainable ecosystem where individuals can thrive. Aimed at providing dignity through shelter, this project focuses on affordable residential development. The scheme's Housing orientation ensures that it is tailored to the specific local needs of diverse demographic groups.
 
Furthermore, the implementation of Biju Pucca Ghar Yojana leverages state-of-the-art digital infrastructure, such as the Direct Benefit Transfer (DBT) mechanism and Aadhaar-linked verification, to eliminate leakages and minimize bureaucratic delays. Applic",Housing,Subsidy,Central,"[""Financial grant for building or renovating a pucca house."",""Interest subsidy on housing bank loans under credit-linked schemes."",""Sanitation grant for building household toilets.""]","[""Must not own any pucca house in India under any family member's name."",""Belongs to Economically Weaker Section (EWS) or Low Income Group (LIG)."",""Geographic target: Eligible rural and urban municipal areas.""]","[""Income Certificate"",""Land Registry"",""Aadhar Card""]",250000,"₹2,50,000 Subsidy",,,,,,[],,,,,All,18,70,600000,"[""SC"",""ST""]",Both,Ongoing,Active,,"[""housing"",""home"",""subsidy"",""construction""]",0,85f6557b-2155-44a7-ac7e-bcb45a5f5bf3,2026-07-25 08:34:57.837,2026-07-25T08:53:09.508410
727b88f9-e6a3-44b3-a907-3a63f8e96ed4,Chief Minister's Scholarship Scheme (Punjab),Ministry of Education,"The Chief Minister's Scholarship Scheme (Punjab) is a signature government initiative designed to revolutionize the Education sector by providing targeted support to citizens across the nation. This comprehensive scheme is built on the pillars of accessibility, transparency, and impact, ensuring that the benefits reach every eligible individual at the last mile. 
 
Historically, individuals in the Education domain have faced significant systemic hurdles, ranging from high costs of entry to limited resources for growth. The Chief Minister's Scholarship Scheme (Punjab) addresses these root causes by offering a multi-faceted approach. Whether it's through direct financial transfers, subsidized services, or infrastructure support, the scheme creates a robust safety net that empowers beneficiaries to achieve their potential.
 
At its core, the Chief Minister's Scholarship Scheme (Punjab) is about providing fee waivers to students in government colleges across Punjab. This means not just providing a one-time relief, but building a sustainable ecosystem where individuals can thrive. The focus remains on academic excellence, student empowerment, and the removal of financial barriers to learning. The scheme's Education orientation ensures that it is tailored to the specific local needs of diverse demographic groups.
 
Furthermore, the implementation of Chief Minister's Scholarship Scheme (Punjab) leverages state-of-the-art digital infrastructure, such as the Direct Benefit Transfer (D",Education,Scheme,Punjab,"[""Full tuition fee waiver or academic scholarship grant."",""Monthly maintenance stipend for books, materials, and living costs."",""Additional allowances for disabled students (if applicable).""]","[""Must be an active student enrolled in a registered institution."",""Minimum academic score of 60% in the qualifying examination."",""Annual family income must be under ₹6,00,000.""]","[""Aadhar Card"",""Mark Sheets"",""Income Certificate""]",50000,"₹50,000 Scholarship/yr",,,,,,[],,,,,All,15,30,600000,"[""General"",""SC"",""ST""]",Both,Ongoing,Active,,"[""education"",""scholarship"",""student""]",0,85f6557b-2155-44a7-ac7e-bcb45a5f5bf3,2026-07-25 08:34:57.837,2026-07-25T08:53:09.508430
77727ae3-c08b-4f56-8d1f-080c9ac3e154,SIDBI SMILE Loan Fund,Ministry of MSME,"The SIDBI SMILE Loan Fund is a signature government initiative designed to revolutionize the Business sector by providing targeted support to citizens across the nation. This comprehensive scheme is built on the pillars of accessibility, transparency, and impact, ensuring that the benefits reach every eligible individual at the last mile. 
 
Historically, individuals in the Business domain have faced significant systemic hurdles, ranging from high costs of entry to limited resources for growth. The SIDBI SMILE Loan Fund addresses these root causes by offering a multi-faceted approach. Whether it's through direct financial transfers, subsidized services, or infrastructure support, the scheme creates a robust safety net that empowers beneficiaries to achieve their potential.
 
At its core, the SIDBI SMILE Loan Fund is about offering soft loans with low-interest rates to MSMEs in the manufacturing sector. This means not just providing a one-time relief, but building a sustainable ecosystem where individuals can thrive. Empowering entrepreneurs and startups, this program drives economic growth and industrial innovation. The scheme's Business orientation ensures that it is tailored to the specific local needs of diverse demographic groups.
 
Furthermore, the implementation of SIDBI SMILE Loan Fund leverages state-of-the-art digital infrastructure, such as the Direct Benefit Transfer (DBT) mechanism and Aadhaar-linked verification, to eliminate leakages and minimize bureaucratic de",Business,Scheme,Central,"[""Collateral-free low-interest working capital and term loans."",""Interest subvention benefits for prompt repayment cycles."",""Capital subsidy on project establishment costs.""]","[""Artisans, micro-business owners, startups, or SC/ST/Women entrepreneurs."",""Requires a viable business project report and proof of activity."",""Age limit: 18 to 65 years at the time of application.""]","[""GST Certificate"",""Pancard"",""Project Report""]",1000000,"₹10,00,000 Support",,,,,,[],,,,,All,18,65,,"[""ST""]",Both,Ongoing,Active,,"[""business"",""msme"",""entrepreneur"",""startup""]",0,85f6557b-2155-44a7-ac7e-bcb45a5f5bf3,2026-07-25 08:34:57.837,2026-07-25T08:53:09.508449
79f0b726-a090-4729-9037-4edbfafcf4b2,Rashtriya Kishor Swasthya Karyakram,Ministry of Health and Family Welfare,"The Rashtriya Kishor Swasthya Karyakram is a signature government initiative designed to revolutionize the Healthcare sector by providing targeted support to citizens across the nation. This comprehensive scheme is built on the pillars of accessibility, transparency, and impact, ensuring that the benefits reach every eligible individual at the last mile. 
 
Historically, individuals in the Healthcare domain have faced significant systemic hurdles, ranging from high costs of entry to limited resources for growth. The Rashtriya Kishor Swasthya Karyakram addresses these root causes by offering a multi-faceted approach. Whether it's through direct financial transfers, subsidized services, or infrastructure support, the scheme creates a robust safety net that empowers beneficiaries to achieve their potential.
 
At its core, the Rashtriya Kishor Swasthya Karyakram is about addressing the health and developmental needs of adolescents. This means not just providing a one-time relief, but building a sustainable ecosystem where individuals can thrive. This initiative prioritizes public health outcomes, medical equity, and the strengthening of clinical infrastructure. The scheme's Healthcare orientation ensures that it is tailored to the specific local needs of diverse demographic groups.
 
Furthermore, the implementation of Rashtriya Kishor Swasthya Karyakram leverages state-of-the-art digital infrastructure, such as the Direct Benefit Transfer (DBT) mechanism and Aadhaar-linked verifi",Healthcare,Scheme,Central,"[""Free diagnostic services and clinical treatments at empanelled centers."",""Coverage for secondary and tertiary hospitalization expenses."",""Subsidized post-hospitalization medication and follow-ups.""]","[""Targeted at below-poverty-line (BPL) and marginalized households."",""Requires registration under the State Health Insurance registry."",""Open to all age groups and demographics meeting income limits.""]","[""Aadhar Card"",""Ration Card"",""Medical Reports""]",5000,"₹5,000 Support",,,,,,[],,,,,All,0,100,250000,"[""General"",""OBC"",""SC"",""ST""]",Both,Ongoing,Active,,"[""health"",""medical"",""insurance""]",0,85f6557b-2155-44a7-ac7e-bcb45a5f5bf3,2026-07-25 08:34:57.837,2026-07-25T08:53:09.508467
7f9c1e07-e06d-4f5a-9d44-45d22fb17e69,Startup India Seed Fund Scheme,Ministry of MSME,"The Startup India Seed Fund Scheme is a signature government initiative designed to revolutionize the Business sector by providing targeted support to citizens across the nation. This comprehensive scheme is built on the pillars of accessibility, transparency, and impact, ensuring that the benefits reach every eligible individual at the last mile. 
 
Historically, individuals in the Business domain have faced significant systemic hurdles, ranging from high costs of entry to limited resources for growth. The Startup India Seed Fund Scheme addresses these root causes by offering a multi-faceted approach. Whether it's through direct financial transfers, subsidized services, or infrastructure support, the scheme creates a robust safety net that empowers beneficiaries to achieve their potential.
 
At its core, the Startup India Seed Fund Scheme is about providing financial assistance to startups for proof of concept and prototype development. This means not just providing a one-time relief, but building a sustainable ecosystem where individuals can thrive. Empowering entrepreneurs and startups, this program drives economic growth and industrial innovation. The scheme's Business orientation ensures that it is tailored to the specific local needs of diverse demographic groups.
 
Furthermore, the implementation of Startup India Seed Fund Scheme leverages state-of-the-art digital infrastructure, such as the Direct Benefit Transfer (DBT) mechanism and Aadhaar-linked verification, to el",Business,Scheme,Central,"[""Collateral-free low-interest working capital and term loans."",""Interest subvention benefits for prompt repayment cycles."",""Capital subsidy on project establishment costs.""]","[""Artisans, micro-business owners, startups, or SC/ST/Women entrepreneurs."",""Requires a viable business project report and proof of activity."",""Age limit: 18 to 65 years at the time of application.""]","[""GST Certificate"",""Pancard"",""Project Report""]",1000000,"₹10,00,000 Support",,,,,,[],,,,,All,18,65,,"[""General"",""ST""]",Both,Ongoing,Active,,"[""business"",""msme"",""entrepreneur"",""startup""]",0,85f6557b-2155-44a7-ac7e-bcb45a5f5bf3,2026-07-25 08:34:57.837,2026-07-25T08:53:09.508484
8238eacd-5828-49f5-b653-2c6e71ffe849,Inspire Fellowship for Research,Ministry of Education,"The Inspire Fellowship for Research is a signature government initiative designed to revolutionize the Education sector by providing targeted support to citizens across the nation. This comprehensive scheme is built on the pillars of accessibility, transparency, and impact, ensuring that the benefits reach every eligible individual at the last mile. 
 
Historically, individuals in the Education domain have faced significant systemic hurdles, ranging from high costs of entry to limited resources for growth. The Inspire Fellowship for Research addresses these root causes by offering a multi-faceted approach. Whether it's through direct financial transfers, subsidized services, or infrastructure support, the scheme creates a robust safety net that empowers beneficiaries to achieve their potential.
 
At its core, the Inspire Fellowship for Research is about inviting top rankers to pursue research in basic and applied sciences. This means not just providing a one-time relief, but building a sustainable ecosystem where individuals can thrive. The focus remains on academic excellence, student empowerment, and the removal of financial barriers to learning. The scheme's Education orientation ensures that it is tailored to the specific local needs of diverse demographic groups.
 
Furthermore, the implementation of Inspire Fellowship for Research leverages state-of-the-art digital infrastructure, such as the Direct Benefit Transfer (DBT) mechanism and Aadhaar-linked verification, to eli",Education,Scheme,Central,"[""Full tuition fee waiver or academic scholarship grant."",""Monthly maintenance stipend for books, materials, and living costs."",""Additional allowances for disabled students (if applicable).""]","[""Must be an active student enrolled in a registered institution."",""Minimum academic score of 60% in the qualifying examination."",""Annual family income must be under ₹6,00,000.""]","[""Aadhar Card"",""Mark Sheets"",""Income Certificate""]",50000,"₹50,000 Scholarship/yr",,,,,,[],,,,,All,15,30,600000,"[""General"",""OBC"",""SC"",""ST""]",Both,Ongoing,Active,,"[""education"",""scholarship"",""student""]",0,85f6557b-2155-44a7-ac7e-bcb45a5f5bf3,2026-07-25 08:34:57.837,2026-07-25T08:53:09.508504
83498926-af43-4d68-9258-421322301bb0,Design Linked Incentive (DLI) Scheme,Ministry of Electronics and IT,"The Design Linked Incentive (DLI) Scheme is a signature government initiative designed to revolutionize the Technology sector by providing targeted support to citizens across the nation. This comprehensive scheme is built on the pillars of accessibility, transparency, and impact, ensuring that the benefits reach every eligible individual at the last mile. 
 
Historically, individuals in the Technology domain have faced significant systemic hurdles, ranging from high costs of entry to limited resources for growth. The Design Linked Incentive (DLI) Scheme addresses these root causes by offering a multi-faceted approach. Whether it's through direct financial transfers, subsidized services, or infrastructure support, the scheme creates a robust safety net that empowers beneficiaries to achieve their potential.
 
At its core, the Design Linked Incentive (DLI) Scheme is about offering financial and infrastructure support for semiconductor design. This means not just providing a one-time relief, but building a sustainable ecosystem where individuals can thrive. Driving the Digital India vision, this scheme fosters high-tech R&D and digital infrastructure. The scheme's Technology orientation ensures that it is tailored to the specific local needs of diverse demographic groups.
 
Furthermore, the implementation of Design Linked Incentive (DLI) Scheme leverages state-of-the-art digital infrastructure, such as the Direct Benefit Transfer (DBT) mechanism and Aadhaar-linked verification, ",Technology,Scheme,Central,"[""Infrastructure support, design incentives, and R&D grants""]","[""Researchers, tech startups, and electronics manufacturing units""]","[""Project Proposal"",""Company Registration"",""Technical Certifications""]",5000000,"₹50,00,000 Support",,,,,,[],,,,,All,18,60,,"[""ST""]",Both,Ongoing,Active,,"[""technology"",""digital"",""innovation"",""it""]",0,85f6557b-2155-44a7-ac7e-bcb45a5f5bf3,2026-07-25 08:34:57.837,2026-07-25T08:53:09.508519
86525553-fa3b-45b7-b39e-97e01197f2bc,PM Swasthya Suraksha Yojana,Ministry of Health and Family Welfare,"The PM Swasthya Suraksha Yojana is a signature government initiative designed to revolutionize the Healthcare sector by providing targeted support to citizens across the nation. This comprehensive scheme is built on the pillars of accessibility, transparency, and impact, ensuring that the benefits reach every eligible individual at the last mile. 
 
Historically, individuals in the Healthcare domain have faced significant systemic hurdles, ranging from high costs of entry to limited resources for growth. The PM Swasthya Suraksha Yojana addresses these root causes by offering a multi-faceted approach. Whether it's through direct financial transfers, subsidized services, or infrastructure support, the scheme creates a robust safety net that empowers beneficiaries to achieve their potential.
 
At its core, the PM Swasthya Suraksha Yojana is about correcting regional imbalances in the availability of tertiary healthcare. This means not just providing a one-time relief, but building a sustainable ecosystem where individuals can thrive. This initiative prioritizes public health outcomes, medical equity, and the strengthening of clinical infrastructure. The scheme's Healthcare orientation ensures that it is tailored to the specific local needs of diverse demographic groups.
 
Furthermore, the implementation of PM Swasthya Suraksha Yojana leverages state-of-the-art digital infrastructure, such as the Direct Benefit Transfer (DBT) mechanism and Aadhaar-linked verification, to eliminat",Healthcare,Scheme,Central,"[""Free diagnostic services and clinical treatments at empanelled centers."",""Coverage for secondary and tertiary hospitalization expenses."",""Subsidized post-hospitalization medication and follow-ups.""]","[""Targeted at below-poverty-line (BPL) and marginalized households."",""Requires registration under the State Health Insurance registry."",""Open to all age groups and demographics meeting income limits.""]","[""Aadhar Card"",""Ration Card"",""Medical Reports""]",5000,"₹5,000 Support",,,,,,[],,,,,All,0,100,250000,"[""General"",""OBC"",""SC"",""ST""]",Both,Ongoing,Active,,"[""health"",""medical"",""insurance""]",0,85f6557b-2155-44a7-ac7e-bcb45a5f5bf3,2026-07-25 08:34:57.837,2026-07-25T08:53:09.508541
889b024b-5b57-4bff-9da8-6c0bca70eecc,PM National Dialysis Program,Ministry of Health and Family Welfare,"The PM National Dialysis Program is a signature government initiative designed to revolutionize the Healthcare sector by providing targeted support to citizens across the nation. This comprehensive scheme is built on the pillars of accessibility, transparency, and impact, ensuring that the benefits reach every eligible individual at the last mile. 
 
Historically, individuals in the Healthcare domain have faced significant systemic hurdles, ranging from high costs of entry to limited resources for growth. The PM National Dialysis Program addresses these root causes by offering a multi-faceted approach. Whether it's through direct financial transfers, subsidized services, or infrastructure support, the scheme creates a robust safety net that empowers beneficiaries to achieve their potential.
 
At its core, the PM National Dialysis Program is about offering free dialysis services to renal failure patients. This means not just providing a one-time relief, but building a sustainable ecosystem where individuals can thrive. This initiative prioritizes public health outcomes, medical equity, and the strengthening of clinical infrastructure. The scheme's Healthcare orientation ensures that it is tailored to the specific local needs of diverse demographic groups.
 
Furthermore, the implementation of PM National Dialysis Program leverages state-of-the-art digital infrastructure, such as the Direct Benefit Transfer (DBT) mechanism and Aadhaar-linked verification, to eliminate leakages a",Healthcare,Scheme,Central,"[""Free diagnostic services and clinical treatments at empanelled centers."",""Coverage for secondary and tertiary hospitalization expenses."",""Subsidized post-hospitalization medication and follow-ups.""]","[""Targeted at below-poverty-line (BPL) and marginalized households."",""Requires registration under the State Health Insurance registry."",""Open to all age groups and demographics meeting income limits.""]","[""Aadhar Card"",""Ration Card"",""Medical Reports""]",5000,"₹5,000 Support",,,,,,[],,,,,All,0,100,250000,"[""SC""]",Both,Ongoing,Active,,"[""health"",""medical"",""insurance""]",0,85f6557b-2155-44a7-ac7e-bcb45a5f5bf3,2026-07-25 08:34:57.837,2026-07-25T08:53:09.508559
8b559da9-33bb-41b8-996b-cfef47d74c38,PM Jeevan Jyoti Bima Yojana,Ministry of Finance,"The PM Jeevan Jyoti Bima Yojana is a signature government initiative designed to revolutionize the Finance sector by providing targeted support to citizens across the nation. This comprehensive scheme is built on the pillars of accessibility, transparency, and impact, ensuring that the benefits reach every eligible individual at the last mile. 
 
Historically, individuals in the Finance domain have faced significant systemic hurdles, ranging from high costs of entry to limited resources for growth. The PM Jeevan Jyoti Bima Yojana addresses these root causes by offering a multi-faceted approach. Whether it's through direct financial transfers, subsidized services, or infrastructure support, the scheme creates a robust safety net that empowers beneficiaries to achieve their potential.
 
At its core, the PM Jeevan Jyoti Bima Yojana is about offering a one-year life insurance cover renewable from year to year. This means not just providing a one-time relief, but building a sustainable ecosystem where individuals can thrive. Enhancing financial inclusion, this scheme provides savings, insurance, and long-term fiscal security. The scheme's Finance orientation ensures that it is tailored to the specific local needs of diverse demographic groups.
 
Furthermore, the implementation of PM Jeevan Jyoti Bima Yojana leverages state-of-the-art digital infrastructure, such as the Direct Benefit Transfer (DBT) mechanism and Aadhaar-linked verification, to eliminate leakages and minimize burea",Finance,Scheme,Central,"[""High interest rates, insurance cover, and financial security in old age""]","[""All Indian citizens meeting the specific age and investment criteria""]","[""Aadhar Card"",""Pancard"",""Bank Passbook""]",100000,"₹1,00,000 Support",,,,,,[],,,,,All,0,100,,"[""General"",""OBC"",""SC"",""ST""]",Both,Ongoing,Active,,"[""finance"",""savings"",""insurance"",""pension""]",0,85f6557b-2155-44a7-ac7e-bcb45a5f5bf3,2026-07-25 08:34:57.837,2026-07-25T08:53:09.508574
8d74efa4-bbb2-4197-b162-8d65d034bb34,Top Class Education Scheme for SC Students,Ministry of Education,"The Top Class Education Scheme for SC Students is a signature government initiative designed to revolutionize the Education sector by providing targeted support to citizens across the nation. This comprehensive scheme is built on the pillars of accessibility, transparency, and impact, ensuring that the benefits reach every eligible individual at the last mile. 
 
Historically, individuals in the Education domain have faced significant systemic hurdles, ranging from high costs of entry to limited resources for growth. The Top Class Education Scheme for SC Students addresses these root causes by offering a multi-faceted approach. Whether it's through direct financial transfers, subsidized services, or infrastructure support, the scheme creates a robust safety net that empowers beneficiaries to achieve their potential.
 
At its core, the Top Class Education Scheme for SC Students is about covering full fees for SC students admitted to premier institutes like IITs and IIMs. This means not just providing a one-time relief, but building a sustainable ecosystem where individuals can thrive. The focus remains on academic excellence, student empowerment, and the removal of financial barriers to learning. The scheme's Education orientation ensures that it is tailored to the specific local needs of diverse demographic groups.
 
Furthermore, the implementation of Top Class Education Scheme for SC Students leverages state-of-the-art digital infrastructure, such as the Direct Benefit Trans",Education,Scheme,Central,"[""Full tuition fee waiver or academic scholarship grant."",""Monthly maintenance stipend for books, materials, and living costs."",""Additional allowances for disabled students (if applicable).""]","[""Must be an active student enrolled in a registered institution."",""Minimum academic score of 60% in the qualifying examination."",""Annual family income must be under ₹6,00,000.""]","[""Aadhar Card"",""Mark Sheets"",""Income Certificate""]",50000,"₹50,000 Scholarship/yr",,,,,,[],,,,,All,15,30,600000,"[""General"",""OBC"",""SC"",""ST""]",Both,Ongoing,Active,,"[""education"",""scholarship"",""student""]",0,85f6557b-2155-44a7-ac7e-bcb45a5f5bf3,2026-07-25 08:34:57.837,2026-07-25T08:53:09.508592
8db9afe6-e042-49fe-a303-001f3fd935c4,Swami Vivekananda Merit Cum Means Scholarship,Ministry of Education,"The Swami Vivekananda Merit Cum Means Scholarship is a signature government initiative designed to revolutionize the Education sector by providing targeted support to citizens across the nation. This comprehensive scheme is built on the pillars of accessibility, transparency, and impact, ensuring that the benefits reach every eligible individual at the last mile. 
 
Historically, individuals in the Education domain have faced significant systemic hurdles, ranging from high costs of entry to limited resources for growth. The Swami Vivekananda Merit Cum Means Scholarship addresses these root causes by offering a multi-faceted approach. Whether it's through direct financial transfers, subsidized services, or infrastructure support, the scheme creates a robust safety net that empowers beneficiaries to achieve their potential.
 
At its core, the Swami Vivekananda Merit Cum Means Scholarship is about a West Bengal flagship program supporting students from low-income families. This means not just providing a one-time relief, but building a sustainable ecosystem where individuals can thrive. The focus remains on academic excellence, student empowerment, and the removal of financial barriers to learning. The scheme's Education orientation ensures that it is tailored to the specific local needs of diverse demographic groups.
 
Furthermore, the implementation of Swami Vivekananda Merit Cum Means Scholarship leverages state-of-the-art digital infrastructure, such as the Direct Benefit Tr",Education,Scheme,Central,"[""Full tuition fee waiver or academic scholarship grant."",""Monthly maintenance stipend for books, materials, and living costs."",""Additional allowances for disabled students (if applicable).""]","[""Must be an active student enrolled in a registered institution."",""Minimum academic score of 60% in the qualifying examination."",""Annual family income must be under ₹6,00,000.""]","[""Aadhar Card"",""Mark Sheets"",""Income Certificate""]",50000,"₹50,000 Scholarship/yr",,,,,,[],,,,,All,15,30,600000,"[""General"",""OBC"",""SC"",""ST""]",Both,Ongoing,Active,,"[""education"",""scholarship"",""student""]",0,85f6557b-2155-44a7-ac7e-bcb45a5f5bf3,2026-07-25 08:34:57.837,2026-07-25T08:53:09.508610
8ebc5363-a040-4c50-952d-5dc88debd189,Free Coaching Scheme for SC and OBC Students,Ministry of Education,"The Free Coaching Scheme for SC and OBC Students is a signature government initiative designed to revolutionize the Education sector by providing targeted support to citizens across the nation. This comprehensive scheme is built on the pillars of accessibility, transparency, and impact, ensuring that the benefits reach every eligible individual at the last mile. 
 
Historically, individuals in the Education domain have faced significant systemic hurdles, ranging from high costs of entry to limited resources for growth. The Free Coaching Scheme for SC and OBC Students addresses these root causes by offering a multi-faceted approach. Whether it's through direct financial transfers, subsidized services, or infrastructure support, the scheme creates a robust safety net that empowers beneficiaries to achieve their potential.
 
At its core, the Free Coaching Scheme for SC and OBC Students is about offering free high-quality coaching for competitive exams like UPSC, JEE, and NEET. This means not just providing a one-time relief, but building a sustainable ecosystem where individuals can thrive. The focus remains on academic excellence, student empowerment, and the removal of financial barriers to learning. The scheme's Education orientation ensures that it is tailored to the specific local needs of diverse demographic groups.
 
Furthermore, the implementation of Free Coaching Scheme for SC and OBC Students leverages state-of-the-art digital infrastructure, such as the Direct Benefit",Education,Scheme,Central,"[""Full tuition fee waiver or academic scholarship grant."",""Monthly maintenance stipend for books, materials, and living costs."",""Additional allowances for disabled students (if applicable).""]","[""Must be an active student enrolled in a registered institution."",""Minimum academic score of 60% in the qualifying examination."",""Annual family income must be under ₹6,00,000.""]","[""Aadhar Card"",""Mark Sheets"",""Income Certificate""]",50000,"₹50,000 Scholarship/yr",,,,,,[],,,,,All,15,30,600000,"[""SC"",""ST""]",Both,Ongoing,Active,,"[""education"",""scholarship"",""student""]",0,85f6557b-2155-44a7-ac7e-bcb45a5f5bf3,2026-07-25 08:34:57.837,2026-07-25T08:53:09.508628
90dd92bc-9e5e-4cb6-b4cf-c6e46a77daea,National Means-cum-Merit Scholarship,Ministry of Education,"The National Means-cum-Merit Scholarship is a signature government initiative designed to revolutionize the Education sector by providing targeted support to citizens across the nation. This comprehensive scheme is built on the pillars of accessibility, transparency, and impact, ensuring that the benefits reach every eligible individual at the last mile. 
 
Historically, individuals in the Education domain have faced significant systemic hurdles, ranging from high costs of entry to limited resources for growth. The National Means-cum-Merit Scholarship addresses these root causes by offering a multi-faceted approach. Whether it's through direct financial transfers, subsidized services, or infrastructure support, the scheme creates a robust safety net that empowers beneficiaries to achieve their potential.
 
At its core, the National Means-cum-Merit Scholarship is about reducing school dropouts by providing merit scholarships to class 9-12 students. This means not just providing a one-time relief, but building a sustainable ecosystem where individuals can thrive. The focus remains on academic excellence, student empowerment, and the removal of financial barriers to learning. The scheme's Education orientation ensures that it is tailored to the specific local needs of diverse demographic groups.
 
Furthermore, the implementation of National Means-cum-Merit Scholarship leverages state-of-the-art digital infrastructure, such as the Direct Benefit Transfer (DBT) mechanism and Aadha",Education,Scheme,Central,"[""Full tuition fee waiver or academic scholarship grant."",""Monthly maintenance stipend for books, materials, and living costs."",""Additional allowances for disabled students (if applicable).""]","[""Must be an active student enrolled in a registered institution."",""Minimum academic score of 60% in the qualifying examination."",""Annual family income must be under ₹6,00,000.""]","[""Aadhar Card"",""Mark Sheets"",""Income Certificate""]",50000,"₹50,000 Scholarship/yr",,,,,,[],,,,,All,15,30,600000,"[""General"",""OBC""]",Both,Ongoing,Active,,"[""education"",""scholarship"",""student""]",0,85f6557b-2155-44a7-ac7e-bcb45a5f5bf3,2026-07-25 08:34:57.837,2026-07-25T08:53:09.508646
91027e31-9a07-4372-8f49-7717369ae190,Swadhar Greh Scheme,Ministry of Social Justice and Empowerment,"The Swadhar Greh Scheme is a signature government initiative designed to revolutionize the Social Welfare sector by providing targeted support to citizens across the nation. This comprehensive scheme is built on the pillars of accessibility, transparency, and impact, ensuring that the benefits reach every eligible individual at the last mile. 
 
Historically, individuals in the Social Welfare domain have faced significant systemic hurdles, ranging from high costs of entry to limited resources for growth. The Swadhar Greh Scheme addresses these root causes by offering a multi-faceted approach. Whether it's through direct financial transfers, subsidized services, or infrastructure support, the scheme creates a robust safety net that empowers beneficiaries to achieve their potential.
 
At its core, the Swadhar Greh Scheme is about providing shelter and support to women in difficult circumstances. This means not just providing a one-time relief, but building a sustainable ecosystem where individuals can thrive. Serving the most vulnerable, this program ensures social justice, pensions, and basic safety nets. The scheme's Social Welfare orientation ensures that it is tailored to the specific local needs of diverse demographic groups.
 
Furthermore, the implementation of Swadhar Greh Scheme leverages state-of-the-art digital infrastructure, such as the Direct Benefit Transfer (DBT) mechanism and Aadhaar-linked verification, to eliminate leakages and minimize bureaucratic delays. Ap",Social Welfare,Scheme,Central,"[""Direct financial support, food security, and social protection""]","[""BPL families, senior citizens, widows, and persons with disabilities""]","[""BPL Card"",""Aadhar Card"",""Disability/Death Certificate""]",2000,"₹2,000 Support",,,,,,[],,,,,All,0,100,100000,"[""General""]",Both,Ongoing,Active,,"[""social"",""welfare"",""pension"",""poor""]",0,85f6557b-2155-44a7-ac7e-bcb45a5f5bf3,2026-07-25 08:34:57.837,2026-07-25T08:53:09.508662
929e5a18-27c5-4b68-89eb-128f622f4074,Vidya Lakshmi Education Loan Portal,Ministry of Education,"The Vidya Lakshmi Education Loan Portal is a signature government initiative designed to revolutionize the Education sector by providing targeted support to citizens across the nation. This comprehensive scheme is built on the pillars of accessibility, transparency, and impact, ensuring that the benefits reach every eligible individual at the last mile. 
 
Historically, individuals in the Education domain have faced significant systemic hurdles, ranging from high costs of entry to limited resources for growth. The Vidya Lakshmi Education Loan Portal addresses these root causes by offering a multi-faceted approach. Whether it's through direct financial transfers, subsidized services, or infrastructure support, the scheme creates a robust safety net that empowers beneficiaries to achieve their potential.
 
At its core, the Vidya Lakshmi Education Loan Portal is about offering a single-window portal for students to apply for bank loans and scholarships. This means not just providing a one-time relief, but building a sustainable ecosystem where individuals can thrive. The focus remains on academic excellence, student empowerment, and the removal of financial barriers to learning. The scheme's Education orientation ensures that it is tailored to the specific local needs of diverse demographic groups.
 
Furthermore, the implementation of Vidya Lakshmi Education Loan Portal leverages state-of-the-art digital infrastructure, such as the Direct Benefit Transfer (DBT) mechanism and Aad",Education,Scheme,Central,"[""Full tuition fee waiver or academic scholarship grant."",""Monthly maintenance stipend for books, materials, and living costs."",""Additional allowances for disabled students (if applicable).""]","[""Must be an active student enrolled in a registered institution."",""Minimum academic score of 60% in the qualifying examination."",""Annual family income must be under ₹6,00,000.""]","[""Aadhar Card"",""Mark Sheets"",""Income Certificate""]",50000,"₹50,000 Scholarship/yr",,,,,,[],,,,,All,15,30,600000,"[""General"",""SC""]",Both,Ongoing,Active,,"[""education"",""scholarship"",""student""]",0,85f6557b-2155-44a7-ac7e-bcb45a5f5bf3,2026-07-25 08:34:57.837,2026-07-25T08:53:09.508679
95600399-f489-433f-bfbe-731046ee27a7,National Merit Scholarship Scheme,Ministry of Education,"The National Merit Scholarship Scheme is a signature government initiative designed to revolutionize the Education sector by providing targeted support to citizens across the nation. This comprehensive scheme is built on the pillars of accessibility, transparency, and impact, ensuring that the benefits reach every eligible individual at the last mile. 
 
Historically, individuals in the Education domain have faced significant systemic hurdles, ranging from high costs of entry to limited resources for growth. The National Merit Scholarship Scheme addresses these root causes by offering a multi-faceted approach. Whether it's through direct financial transfers, subsidized services, or infrastructure support, the scheme creates a robust safety net that empowers beneficiaries to achieve their potential.
 
At its core, the National Merit Scholarship Scheme is about supporting talented students from rural secondary schools for higher studies. This means not just providing a one-time relief, but building a sustainable ecosystem where individuals can thrive. The focus remains on academic excellence, student empowerment, and the removal of financial barriers to learning. The scheme's Education orientation ensures that it is tailored to the specific local needs of diverse demographic groups.
 
Furthermore, the implementation of National Merit Scholarship Scheme leverages state-of-the-art digital infrastructure, such as the Direct Benefit Transfer (DBT) mechanism and Aadhaar-linked verif",Education,Scheme,Central,"[""Full tuition fee waiver or academic scholarship grant."",""Monthly maintenance stipend for books, materials, and living costs."",""Additional allowances for disabled students (if applicable).""]","[""Must be an active student enrolled in a registered institution."",""Minimum academic score of 60% in the qualifying examination."",""Annual family income must be under ₹6,00,000.""]","[""Aadhar Card"",""Mark Sheets"",""Income Certificate""]",50000,"₹50,000 Scholarship/yr",,,,,,[],,,,,All,15,30,600000,"[""OBC"",""SC""]",Both,Ongoing,Active,,"[""education"",""scholarship"",""student""]",0,85f6557b-2155-44a7-ac7e-bcb45a5f5bf3,2026-07-25 08:34:57.837,2026-07-25T08:53:09.508695
97b4e063-1990-4598-bde6-37da8d1e878a,SFURTI Scheme,Ministry of MSME,"The SFURTI Scheme is a signature government initiative designed to revolutionize the Business sector by providing targeted support to citizens across the nation. This comprehensive scheme is built on the pillars of accessibility, transparency, and impact, ensuring that the benefits reach every eligible individual at the last mile. 
 
Historically, individuals in the Business domain have faced significant systemic hurdles, ranging from high costs of entry to limited resources for growth. The SFURTI Scheme addresses these root causes by offering a multi-faceted approach. Whether it's through direct financial transfers, subsidized services, or infrastructure support, the scheme creates a robust safety net that empowers beneficiaries to achieve their potential.
 
At its core, the SFURTI Scheme is about organizing traditional industries into clusters for better competitiveness. This means not just providing a one-time relief, but building a sustainable ecosystem where individuals can thrive. Empowering entrepreneurs and startups, this program drives economic growth and industrial innovation. The scheme's Business orientation ensures that it is tailored to the specific local needs of diverse demographic groups.
 
Furthermore, the implementation of SFURTI Scheme leverages state-of-the-art digital infrastructure, such as the Direct Benefit Transfer (DBT) mechanism and Aadhaar-linked verification, to eliminate leakages and minimize bureaucratic delays. Applicants can track their statu",Business,Scheme,Central,"[""Collateral-free low-interest working capital and term loans."",""Interest subvention benefits for prompt repayment cycles."",""Capital subsidy on project establishment costs.""]","[""Artisans, micro-business owners, startups, or SC/ST/Women entrepreneurs."",""Requires a viable business project report and proof of activity."",""Age limit: 18 to 65 years at the time of application.""]","[""GST Certificate"",""Pancard"",""Project Report""]",1000000,"₹10,00,000 Support",,,,,,[],,,,,All,18,65,,"[""SC""]",Both,Ongoing,Active,,"[""business"",""msme"",""entrepreneur"",""startup""]",0,85f6557b-2155-44a7-ac7e-bcb45a5f5bf3,2026-07-25 08:34:57.837,2026-07-25T08:53:09.508712
a0407539-d516-4dbc-b595-2fd4f5bfb2d1,Credit Linked Capital Subsidy for Tech Upgradation,Ministry of MSME,"The Credit Linked Capital Subsidy for Tech Upgradation is a signature government initiative designed to revolutionize the Business sector by providing targeted support to citizens across the nation. This comprehensive scheme is built on the pillars of accessibility, transparency, and impact, ensuring that the benefits reach every eligible individual at the last mile. 
 
Historically, individuals in the Business domain have faced significant systemic hurdles, ranging from high costs of entry to limited resources for growth. The Credit Linked Capital Subsidy for Tech Upgradation addresses these root causes by offering a multi-faceted approach. Whether it's through direct financial transfers, subsidized services, or infrastructure support, the scheme creates a robust safety net that empowers beneficiaries to achieve their potential.
 
At its core, the Credit Linked Capital Subsidy for Tech Upgradation is about helping MSMEs upgrade their technology with capital subsidies. This means not just providing a one-time relief, but building a sustainable ecosystem where individuals can thrive. Empowering entrepreneurs and startups, this program drives economic growth and industrial innovation. The scheme's Business orientation ensures that it is tailored to the specific local needs of diverse demographic groups.
 
Furthermore, the implementation of Credit Linked Capital Subsidy for Tech Upgradation leverages state-of-the-art digital infrastructure, such as the Direct Benefit Transfer (D",Business,Loan,Central,"[""Collateral-free low-interest working capital and term loans."",""Interest subvention benefits for prompt repayment cycles."",""Capital subsidy on project establishment costs.""]","[""Artisans, micro-business owners, startups, or SC/ST/Women entrepreneurs."",""Requires a viable business project report and proof of activity."",""Age limit: 18 to 65 years at the time of application.""]","[""GST Certificate"",""Pancard"",""Project Report""]",1000000,"₹10,00,000 Support",,,,,,[],,,,,All,18,65,,"[""General"",""OBC"",""SC"",""ST""]",Both,Ongoing,Active,,"[""business"",""msme"",""entrepreneur"",""startup""]",0,85f6557b-2155-44a7-ac7e-bcb45a5f5bf3,2026-07-25 08:34:57.837,2026-07-25T08:53:09.508728
ace9af06-ff19-452e-8402-abc5fc5500a3,Ayushman Bharat PM-JAY,Ministry of Health and Family Welfare,"The Ayushman Bharat PM-JAY is a signature government initiative designed to revolutionize the Healthcare sector by providing targeted support to citizens across the nation. This comprehensive scheme is built on the pillars of accessibility, transparency, and impact, ensuring that the benefits reach every eligible individual at the last mile. 
 
Historically, individuals in the Healthcare domain have faced significant systemic hurdles, ranging from high costs of entry to limited resources for growth. The Ayushman Bharat PM-JAY addresses these root causes by offering a multi-faceted approach. Whether it's through direct financial transfers, subsidized services, or infrastructure support, the scheme creates a robust safety net that empowers beneficiaries to achieve their potential.
 
At its core, the Ayushman Bharat PM-JAY is about providing health insurance coverage up to ₹5 Lakhs per family per year for secondary and tertiary care. This means not just providing a one-time relief, but building a sustainable ecosystem where individuals can thrive. This initiative prioritizes public health outcomes, medical equity, and the strengthening of clinical infrastructure. The scheme's Healthcare orientation ensures that it is tailored to the specific local needs of diverse demographic groups.
 
Furthermore, the implementation of Ayushman Bharat PM-JAY leverages state-of-the-art digital infrastructure, such as the Direct Benefit Transfer (DBT) mechanism and Aadhaar-linked verification, to",Healthcare,Scheme,Central,"[""Free diagnostic services and clinical treatments at empanelled centers."",""Coverage for secondary and tertiary hospitalization expenses."",""Subsidized post-hospitalization medication and follow-ups.""]","[""Targeted at below-poverty-line (BPL) and marginalized households."",""Requires registration under the State Health Insurance registry."",""Open to all age groups and demographics meeting income limits.""]","[""Aadhar Card"",""Ration Card"",""Medical Reports""]",5000,"₹5,000 Support",,,,,,[],,,,,All,0,100,250000,"[""General"",""OBC"",""SC"",""ST""]",Both,Ongoing,Active,,"[""health"",""medical"",""insurance""]",0,85f6557b-2155-44a7-ac7e-bcb45a5f5bf3,2026-07-25 08:34:57.837,2026-07-25T08:53:09.508745
ad065e5a-6068-4c0f-a251-c99009cbe8a4,Ayushman Bharat Digital Mission,Ministry of Health and Family Welfare,"The Ayushman Bharat Digital Mission is a signature government initiative designed to revolutionize the Healthcare sector by providing targeted support to citizens across the nation. This comprehensive scheme is built on the pillars of accessibility, transparency, and impact, ensuring that the benefits reach every eligible individual at the last mile. 
 
Historically, individuals in the Healthcare domain have faced significant systemic hurdles, ranging from high costs of entry to limited resources for growth. The Ayushman Bharat Digital Mission addresses these root causes by offering a multi-faceted approach. Whether it's through direct financial transfers, subsidized services, or infrastructure support, the scheme creates a robust safety net that empowers beneficiaries to achieve their potential.
 
At its core, the Ayushman Bharat Digital Mission is about creating a seamless digital health ecosystem for Indian citizens. This means not just providing a one-time relief, but building a sustainable ecosystem where individuals can thrive. This initiative prioritizes public health outcomes, medical equity, and the strengthening of clinical infrastructure. The scheme's Healthcare orientation ensures that it is tailored to the specific local needs of diverse demographic groups.
 
Furthermore, the implementation of Ayushman Bharat Digital Mission leverages state-of-the-art digital infrastructure, such as the Direct Benefit Transfer (DBT) mechanism and Aadhaar-linked verification, to e",Healthcare,Scheme,Central,"[""Free diagnostic services and clinical treatments at empanelled centers."",""Coverage for secondary and tertiary hospitalization expenses."",""Subsidized post-hospitalization medication and follow-ups.""]","[""Targeted at below-poverty-line (BPL) and marginalized households."",""Requires registration under the State Health Insurance registry."",""Open to all age groups and demographics meeting income limits.""]","[""Aadhar Card"",""Ration Card"",""Medical Reports""]",5000,"₹5,000 Support",,,,,,[],,,,,All,0,100,250000,"[""General"",""OBC"",""SC"",""ST""]",Both,Ongoing,Active,,"[""health"",""medical"",""insurance""]",0,85f6557b-2155-44a7-ac7e-bcb45a5f5bf3,2026-07-25 08:34:57.837,2026-07-25T08:53:09.508762
ae255f02-d2c8-4d7e-a59b-cbf76d9199ff,Cyber Surakshit Bharat,Ministry of Electronics and IT,"The Cyber Surakshit Bharat is a signature government initiative designed to revolutionize the Technology sector by providing targeted support to citizens across the nation. This comprehensive scheme is built on the pillars of accessibility, transparency, and impact, ensuring that the benefits reach every eligible individual at the last mile. 
 
Historically, individuals in the Technology domain have faced significant systemic hurdles, ranging from high costs of entry to limited resources for growth. The Cyber Surakshit Bharat addresses these root causes by offering a multi-faceted approach. Whether it's through direct financial transfers, subsidized services, or infrastructure support, the scheme creates a robust safety net that empowers beneficiaries to achieve their potential.
 
At its core, the Cyber Surakshit Bharat is about strengthening the cyber security ecosystem for government departments. This means not just providing a one-time relief, but building a sustainable ecosystem where individuals can thrive. Driving the Digital India vision, this scheme fosters high-tech R&D and digital infrastructure. The scheme's Technology orientation ensures that it is tailored to the specific local needs of diverse demographic groups.
 
Furthermore, the implementation of Cyber Surakshit Bharat leverages state-of-the-art digital infrastructure, such as the Direct Benefit Transfer (DBT) mechanism and Aadhaar-linked verification, to eliminate leakages and minimize bureaucratic delays. A",Technology,Scheme,Central,"[""Infrastructure support, design incentives, and R&D grants""]","[""Researchers, tech startups, and electronics manufacturing units""]","[""Project Proposal"",""Company Registration"",""Technical Certifications""]",5000000,"₹50,00,000 Support",,,,,,[],,,,,All,18,60,,"[""OBC"",""ST""]",Both,Ongoing,Active,,"[""technology"",""digital"",""innovation"",""it""]",0,85f6557b-2155-44a7-ac7e-bcb45a5f5bf3,2026-07-25 08:34:57.837,2026-07-25T08:53:09.508776
afb8240c-c907-45d0-9619-51b1fb69310d,Atal Pension Yojana,Ministry of Finance,"The Atal Pension Yojana is a signature government initiative designed to revolutionize the Finance sector by providing targeted support to citizens across the nation. This comprehensive scheme is built on the pillars of accessibility, transparency, and impact, ensuring that the benefits reach every eligible individual at the last mile. 
 
Historically, individuals in the Finance domain have faced significant systemic hurdles, ranging from high costs of entry to limited resources for growth. The Atal Pension Yojana addresses these root causes by offering a multi-faceted approach. Whether it's through direct financial transfers, subsidized services, or infrastructure support, the scheme creates a robust safety net that empowers beneficiaries to achieve their potential.
 
At its core, the Atal Pension Yojana is about providing a guaranteed pension for workers in the unorganized sector. This means not just providing a one-time relief, but building a sustainable ecosystem where individuals can thrive. Enhancing financial inclusion, this scheme provides savings, insurance, and long-term fiscal security. The scheme's Finance orientation ensures that it is tailored to the specific local needs of diverse demographic groups.
 
Furthermore, the implementation of Atal Pension Yojana leverages state-of-the-art digital infrastructure, such as the Direct Benefit Transfer (DBT) mechanism and Aadhaar-linked verification, to eliminate leakages and minimize bureaucratic delays. Applicants can t",Finance,Scheme,Central,"[""High interest rates, insurance cover, and financial security in old age""]","[""All Indian citizens meeting the specific age and investment criteria""]","[""Aadhar Card"",""Pancard"",""Bank Passbook""]",100000,"₹1,00,000 Support",,,,,,[],,,,,All,0,100,,"[""General"",""OBC"",""SC"",""ST""]",Both,Ongoing,Active,https://www.npscra.nsdl.co.in/ or https://www.pfrda.org.in/,"[""finance"",""savings"",""insurance"",""pension""]",0,85f6557b-2155-44a7-ac7e-bcb45a5f5bf3,2026-07-25 08:34:57.837,2026-08-16T16:33:47.863845
b05e269d-b435-4e98-882c-630949a9b2c4,National Safai Karamcharis Finance Corp,Ministry of Social Justice and Empowerment,"The National Safai Karamcharis Finance Corp is a signature government initiative designed to revolutionize the Social Welfare sector by providing targeted support to citizens across the nation. This comprehensive scheme is built on the pillars of accessibility, transparency, and impact, ensuring that the benefits reach every eligible individual at the last mile. 
 
Historically, individuals in the Social Welfare domain have faced significant systemic hurdles, ranging from high costs of entry to limited resources for growth. The National Safai Karamcharis Finance Corp addresses these root causes by offering a multi-faceted approach. Whether it's through direct financial transfers, subsidized services, or infrastructure support, the scheme creates a robust safety net that empowers beneficiaries to achieve their potential.
 
At its core, the National Safai Karamcharis Finance Corp is about providing low-interest loans for the socio-economic upliftment of safai karamcharis. This means not just providing a one-time relief, but building a sustainable ecosystem where individuals can thrive. Serving the most vulnerable, this program ensures social justice, pensions, and basic safety nets. The scheme's Social Welfare orientation ensures that it is tailored to the specific local needs of diverse demographic groups.
 
Furthermore, the implementation of National Safai Karamcharis Finance Corp leverages state-of-the-art digital infrastructure, such as the Direct Benefit Transfer (DBT) mec",Social Welfare,Scheme,Central,"[""Direct financial support, food security, and social protection""]","[""BPL families, senior citizens, widows, and persons with disabilities""]","[""BPL Card"",""Aadhar Card"",""Disability/Death Certificate""]",2000,"₹2,000 Support",,,,,,[],,,,,All,0,100,100000,"[""General"",""OBC"",""ST""]",Both,Ongoing,Active,,"[""social"",""welfare"",""pension"",""poor""]",0,85f6557b-2155-44a7-ac7e-bcb45a5f5bf3,2026-07-25 08:34:57.837,2026-07-25T08:53:09.508810
b2a783d4-f9a5-4ece-b170-c4117e5cbc1f,Karnataka Housing Board Scheme,Ministry of Housing and Urban Affairs,"The Karnataka Housing Board Scheme is a signature government initiative designed to revolutionize the Housing sector by providing targeted support to citizens across the nation. This comprehensive scheme is built on the pillars of accessibility, transparency, and impact, ensuring that the benefits reach every eligible individual at the last mile. 
 
Historically, individuals in the Housing domain have faced significant systemic hurdles, ranging from high costs of entry to limited resources for growth. The Karnataka Housing Board Scheme addresses these root causes by offering a multi-faceted approach. Whether it's through direct financial transfers, subsidized services, or infrastructure support, the scheme creates a robust safety net that empowers beneficiaries to achieve their potential.
 
At its core, the Karnataka Housing Board Scheme is about offering residential sites and houses to citizens of Karnataka. This means not just providing a one-time relief, but building a sustainable ecosystem where individuals can thrive. Aimed at providing dignity through shelter, this project focuses on affordable residential development. The scheme's Housing orientation ensures that it is tailored to the specific local needs of diverse demographic groups.
 
Furthermore, the implementation of Karnataka Housing Board Scheme leverages state-of-the-art digital infrastructure, such as the Direct Benefit Transfer (DBT) mechanism and Aadhaar-linked verification, to eliminate leakages and minimiz",Housing,Subsidy,Karnataka,"[""Financial grant for building or renovating a pucca house."",""Interest subsidy on housing bank loans under credit-linked schemes."",""Sanitation grant for building household toilets.""]","[""Must not own any pucca house in India under any family member's name."",""Belongs to Economically Weaker Section (EWS) or Low Income Group (LIG)."",""Geographic target: Eligible rural and urban municipal areas.""]","[""Income Certificate"",""Land Registry"",""Aadhar Card""]",250000,"₹2,50,000 Subsidy",,,,,,[],,,,,All,18,70,600000,"[""General"",""OBC"",""SC"",""ST""]",Both,Ongoing,Active,,"[""housing"",""home"",""subsidy"",""construction""]",0,85f6557b-2155-44a7-ac7e-bcb45a5f5bf3,2026-07-25 08:34:57.837,2026-07-25T08:53:09.508830
b31b1d4b-e395-4718-bc93-667a80019e2f,Public Provident Fund (PPF),Ministry of Finance,"The Public Provident Fund (PPF) is a signature government initiative designed to revolutionize the Finance sector by providing targeted support to citizens across the nation. This comprehensive scheme is built on the pillars of accessibility, transparency, and impact, ensuring that the benefits reach every eligible individual at the last mile. 
 
Historically, individuals in the Finance domain have faced significant systemic hurdles, ranging from high costs of entry to limited resources for growth. The Public Provident Fund (PPF) addresses these root causes by offering a multi-faceted approach. Whether it's through direct financial transfers, subsidized services, or infrastructure support, the scheme creates a robust safety net that empowers beneficiaries to achieve their potential.
 
At its core, the Public Provident Fund (PPF) is about a popular long-term savings-cum-tax-saving instrument in India. This means not just providing a one-time relief, but building a sustainable ecosystem where individuals can thrive. Enhancing financial inclusion, this scheme provides savings, insurance, and long-term fiscal security. The scheme's Finance orientation ensures that it is tailored to the specific local needs of diverse demographic groups.
 
Furthermore, the implementation of Public Provident Fund (PPF) leverages state-of-the-art digital infrastructure, such as the Direct Benefit Transfer (DBT) mechanism and Aadhaar-linked verification, to eliminate leakages and minimize bureaucrati",Finance,Scheme,Central,"[""High interest rates, insurance cover, and financial security in old age""]","[""All Indian citizens meeting the specific age and investment criteria""]","[""Aadhar Card"",""Pancard"",""Bank Passbook""]",100000,"₹1,00,000 Support",,,,,,[],,,,,All,0,100,,"[""OBC"",""SC""]",Both,Ongoing,Active,,"[""finance"",""savings"",""insurance"",""pension""]",0,85f6557b-2155-44a7-ac7e-bcb45a5f5bf3,2026-07-25 08:34:57.837,2026-07-25T08:53:09.508846
b54062dc-2d27-4de2-8d9c-47fc89d40f9a,Raising and Accelerating MSME Performance (RAMP),Ministry of MSME,"The Raising and Accelerating MSME Performance (RAMP) is a signature government initiative designed to revolutionize the Business sector by providing targeted support to citizens across the nation. This comprehensive scheme is built on the pillars of accessibility, transparency, and impact, ensuring that the benefits reach every eligible individual at the last mile. 
 
Historically, individuals in the Business domain have faced significant systemic hurdles, ranging from high costs of entry to limited resources for growth. The Raising and Accelerating MSME Performance (RAMP) addresses these root causes by offering a multi-faceted approach. Whether it's through direct financial transfers, subsidized services, or infrastructure support, the scheme creates a robust safety net that empowers beneficiaries to achieve their potential.
 
At its core, the Raising and Accelerating MSME Performance (RAMP) is about strengthening MSME institutions and governance across states. This means not just providing a one-time relief, but building a sustainable ecosystem where individuals can thrive. Empowering entrepreneurs and startups, this program drives economic growth and industrial innovation. The scheme's Business orientation ensures that it is tailored to the specific local needs of diverse demographic groups.
 
Furthermore, the implementation of Raising and Accelerating MSME Performance (RAMP) leverages state-of-the-art digital infrastructure, such as the Direct Benefit Transfer (DBT) mecha",Business,Scheme,Central,"[""Collateral-free low-interest working capital and term loans."",""Interest subvention benefits for prompt repayment cycles."",""Capital subsidy on project establishment costs.""]","[""Artisans, micro-business owners, startups, or SC/ST/Women entrepreneurs."",""Requires a viable business project report and proof of activity."",""Age limit: 18 to 65 years at the time of application.""]","[""GST Certificate"",""Pancard"",""Project Report""]",1000000,"₹10,00,000 Support",,,,,,[],,,,,All,18,65,,"[""SC"",""ST""]",Both,Ongoing,Active,,"[""business"",""msme"",""entrepreneur"",""startup""]",0,85f6557b-2155-44a7-ac7e-bcb45a5f5bf3,2026-07-25 08:34:57.837,2026-07-25T08:53:09.508862
b547febe-d0f7-4660-89e8-1103b55ab7fe,Indira Gandhi National Old Age Pension,Ministry of Social Justice and Empowerment,"The Indira Gandhi National Old Age Pension is a signature government initiative designed to revolutionize the Social Welfare sector by providing targeted support to citizens across the nation. This comprehensive scheme is built on the pillars of accessibility, transparency, and impact, ensuring that the benefits reach every eligible individual at the last mile. 
 
Historically, individuals in the Social Welfare domain have faced significant systemic hurdles, ranging from high costs of entry to limited resources for growth. The Indira Gandhi National Old Age Pension addresses these root causes by offering a multi-faceted approach. Whether it's through direct financial transfers, subsidized services, or infrastructure support, the scheme creates a robust safety net that empowers beneficiaries to achieve their potential.
 
At its core, the Indira Gandhi National Old Age Pension is about granting monthly pension to senior citizens from BPL households. This means not just providing a one-time relief, but building a sustainable ecosystem where individuals can thrive. Serving the most vulnerable, this program ensures social justice, pensions, and basic safety nets. The scheme's Social Welfare orientation ensures that it is tailored to the specific local needs of diverse demographic groups.
 
Furthermore, the implementation of Indira Gandhi National Old Age Pension leverages state-of-the-art digital infrastructure, such as the Direct Benefit Transfer (DBT) mechanism and Aadhaar-linke",Social Welfare,Scheme,Central,"[""Direct financial support, food security, and social protection""]","[""BPL families, senior citizens, widows, and persons with disabilities""]","[""BPL Card"",""Aadhar Card"",""Disability/Death Certificate""]",2000,"₹2,000 Support",,,,,,[],,,,,All,0,100,100000,"[""General"",""SC"",""ST""]",Both,Ongoing,Active,,"[""social"",""welfare"",""pension"",""poor""]",0,85f6557b-2155-44a7-ac7e-bcb45a5f5bf3,2026-07-25 08:34:57.837,2026-07-25T08:53:09.508878
b5e8c07f-30d2-484c-b403-c89d42d93bbe,MHADA Lottery Scheme,Ministry of Housing and Urban Affairs,"The MHADA Lottery Scheme is a signature government initiative designed to revolutionize the Housing sector by providing targeted support to citizens across the nation. This comprehensive scheme is built on the pillars of accessibility, transparency, and impact, ensuring that the benefits reach every eligible individual at the last mile. 
 
Historically, individuals in the Housing domain have faced significant systemic hurdles, ranging from high costs of entry to limited resources for growth. The MHADA Lottery Scheme addresses these root causes by offering a multi-faceted approach. Whether it's through direct financial transfers, subsidized services, or infrastructure support, the scheme creates a robust safety net that empowers beneficiaries to achieve their potential.
 
At its core, the MHADA Lottery Scheme is about providing low-cost housing options for various income groups in Maharashtra. This means not just providing a one-time relief, but building a sustainable ecosystem where individuals can thrive. Aimed at providing dignity through shelter, this project focuses on affordable residential development. The scheme's Housing orientation ensures that it is tailored to the specific local needs of diverse demographic groups.
 
Furthermore, the implementation of MHADA Lottery Scheme leverages state-of-the-art digital infrastructure, such as the Direct Benefit Transfer (DBT) mechanism and Aadhaar-linked verification, to eliminate leakages and minimize bureaucratic delays. Appl",Housing,Subsidy,Maharashtra,"[""Financial grant for building or renovating a pucca house."",""Interest subsidy on housing bank loans under credit-linked schemes."",""Sanitation grant for building household toilets.""]","[""Must not own any pucca house in India under any family member's name."",""Belongs to Economically Weaker Section (EWS) or Low Income Group (LIG)."",""Geographic target: Eligible rural and urban municipal areas.""]","[""Income Certificate"",""Land Registry"",""Aadhar Card""]",250000,"₹2,50,000 Subsidy",,,,,,[],,,,,All,18,70,600000,"[""General"",""OBC"",""SC"",""ST""]",Both,Ongoing,Active,,"[""housing"",""home"",""subsidy"",""construction""]",0,85f6557b-2155-44a7-ac7e-bcb45a5f5bf3,2026-07-25 08:34:57.837,2026-07-25T08:53:09.508894
ba382743-3fbb-42f4-bb43-624da5816129,NTR Housing Scheme,Ministry of Housing and Urban Affairs,"The NTR Housing Scheme is a signature government initiative designed to revolutionize the Housing sector by providing targeted support to citizens across the nation. This comprehensive scheme is built on the pillars of accessibility, transparency, and impact, ensuring that the benefits reach every eligible individual at the last mile. 
 
Historically, individuals in the Housing domain have faced significant systemic hurdles, ranging from high costs of entry to limited resources for growth. The NTR Housing Scheme addresses these root causes by offering a multi-faceted approach. Whether it's through direct financial transfers, subsidized services, or infrastructure support, the scheme creates a robust safety net that empowers beneficiaries to achieve their potential.
 
At its core, the NTR Housing Scheme is about providing permanent houses to homeless people in Andhra Pradesh. This means not just providing a one-time relief, but building a sustainable ecosystem where individuals can thrive. Aimed at providing dignity through shelter, this project focuses on affordable residential development. The scheme's Housing orientation ensures that it is tailored to the specific local needs of diverse demographic groups.
 
Furthermore, the implementation of NTR Housing Scheme leverages state-of-the-art digital infrastructure, such as the Direct Benefit Transfer (DBT) mechanism and Aadhaar-linked verification, to eliminate leakages and minimize bureaucratic delays. Applicants can track the",Housing,Subsidy,Andhra Pradesh,"[""Financial grant for building or renovating a pucca house."",""Interest subsidy on housing bank loans under credit-linked schemes."",""Sanitation grant for building household toilets.""]","[""Must not own any pucca house in India under any family member's name."",""Belongs to Economically Weaker Section (EWS) or Low Income Group (LIG)."",""Geographic target: Eligible rural and urban municipal areas.""]","[""Income Certificate"",""Land Registry"",""Aadhar Card""]",250000,"₹2,50,000 Subsidy",,,,,,[],,,,,All,18,70,600000,"[""General"",""OBC"",""SC"",""ST""]",Both,Ongoing,Active,,"[""housing"",""home"",""subsidy"",""construction""]",0,85f6557b-2155-44a7-ac7e-bcb45a5f5bf3,2026-07-25 08:34:57.837,2026-07-25T08:53:09.508910
beb81507-5e8c-4176-b714-6458b0e575ab,Rajasthan Housing Board Scheme,Ministry of Housing and Urban Affairs,"The Rajasthan Housing Board Scheme is a signature government initiative designed to revolutionize the Housing sector by providing targeted support to citizens across the nation. This comprehensive scheme is built on the pillars of accessibility, transparency, and impact, ensuring that the benefits reach every eligible individual at the last mile. 
 
Historically, individuals in the Housing domain have faced significant systemic hurdles, ranging from high costs of entry to limited resources for growth. The Rajasthan Housing Board Scheme addresses these root causes by offering a multi-faceted approach. Whether it's through direct financial transfers, subsidized services, or infrastructure support, the scheme creates a robust safety net that empowers beneficiaries to achieve their potential.
 
At its core, the Rajasthan Housing Board Scheme is about offering affordable homes to residents of Rajasthan under various categories. This means not just providing a one-time relief, but building a sustainable ecosystem where individuals can thrive. Aimed at providing dignity through shelter, this project focuses on affordable residential development. The scheme's Housing orientation ensures that it is tailored to the specific local needs of diverse demographic groups.
 
Furthermore, the implementation of Rajasthan Housing Board Scheme leverages state-of-the-art digital infrastructure, such as the Direct Benefit Transfer (DBT) mechanism and Aadhaar-linked verification, to eliminate leakag",Housing,Subsidy,Rajasthan,"[""Financial grant for building or renovating a pucca house."",""Interest subsidy on housing bank loans under credit-linked schemes."",""Sanitation grant for building household toilets.""]","[""Must not own any pucca house in India under any family member's name."",""Belongs to Economically Weaker Section (EWS) or Low Income Group (LIG)."",""Geographic target: Eligible rural and urban municipal areas.""]","[""Income Certificate"",""Land Registry"",""Aadhar Card""]",250000,"₹2,50,000 Subsidy",,,,,,[],,,,,All,18,70,600000,"[""General""]",Both,Ongoing,Active,,"[""housing"",""home"",""subsidy"",""construction""]",0,85f6557b-2155-44a7-ac7e-bcb45a5f5bf3,2026-07-25 08:34:57.837,2026-07-25T08:53:09.508927
bec4edcc-00a3-4608-8b08-30ca017a3da7,Jan Aushadhi Yojana,Ministry of Health and Family Welfare,"The Jan Aushadhi Yojana is a signature government initiative designed to revolutionize the Healthcare sector by providing targeted support to citizens across the nation. This comprehensive scheme is built on the pillars of accessibility, transparency, and impact, ensuring that the benefits reach every eligible individual at the last mile. 
 
Historically, individuals in the Healthcare domain have faced significant systemic hurdles, ranging from high costs of entry to limited resources for growth. The Jan Aushadhi Yojana addresses these root causes by offering a multi-faceted approach. Whether it's through direct financial transfers, subsidized services, or infrastructure support, the scheme creates a robust safety net that empowers beneficiaries to achieve their potential.
 
At its core, the Jan Aushadhi Yojana is about making quality generic medicines available at affordable prices to all. This means not just providing a one-time relief, but building a sustainable ecosystem where individuals can thrive. This initiative prioritizes public health outcomes, medical equity, and the strengthening of clinical infrastructure. The scheme's Healthcare orientation ensures that it is tailored to the specific local needs of diverse demographic groups.
 
Furthermore, the implementation of Jan Aushadhi Yojana leverages state-of-the-art digital infrastructure, such as the Direct Benefit Transfer (DBT) mechanism and Aadhaar-linked verification, to eliminate leakages and minimize bureaucrati",Healthcare,Scheme,Central,"[""Free diagnostic services and clinical treatments at empanelled centers."",""Coverage for secondary and tertiary hospitalization expenses."",""Subsidized post-hospitalization medication and follow-ups.""]","[""Targeted at below-poverty-line (BPL) and marginalized households."",""Requires registration under the State Health Insurance registry."",""Open to all age groups and demographics meeting income limits.""]","[""Aadhar Card"",""Ration Card"",""Medical Reports""]",5000,"₹5,000 Support",,,,,,[],,,,,All,0,100,250000,"[""General"",""OBC"",""SC"",""ST""]",Both,Ongoing,Active,,"[""health"",""medical"",""insurance""]",0,85f6557b-2155-44a7-ac7e-bcb45a5f5bf3,2026-07-25 08:34:57.837,2026-07-25T08:53:09.508943
c07bde40-5ad3-46de-b0ce-04218ad45c45,Semicon India Program,Ministry of Electronics and IT,"The Semicon India Program is a signature government initiative designed to revolutionize the Technology sector by providing targeted support to citizens across the nation. This comprehensive scheme is built on the pillars of accessibility, transparency, and impact, ensuring that the benefits reach every eligible individual at the last mile. 
 
Historically, individuals in the Technology domain have faced significant systemic hurdles, ranging from high costs of entry to limited resources for growth. The Semicon India Program addresses these root causes by offering a multi-faceted approach. Whether it's through direct financial transfers, subsidized services, or infrastructure support, the scheme creates a robust safety net that empowers beneficiaries to achieve their potential.
 
At its core, the Semicon India Program is about developing the semiconductor and display manufacturing ecosystem in India. This means not just providing a one-time relief, but building a sustainable ecosystem where individuals can thrive. Driving the Digital India vision, this scheme fosters high-tech R&D and digital infrastructure. The scheme's Technology orientation ensures that it is tailored to the specific local needs of diverse demographic groups.
 
Furthermore, the implementation of Semicon India Program leverages state-of-the-art digital infrastructure, such as the Direct Benefit Transfer (DBT) mechanism and Aadhaar-linked verification, to eliminate leakages and minimize bureaucratic delays. A",Technology,Scheme,Central,"[""Infrastructure support, design incentives, and R&D grants""]","[""Researchers, tech startups, and electronics manufacturing units""]","[""Project Proposal"",""Company Registration"",""Technical Certifications""]",5000000,"₹50,00,000 Support",,,,,,[],,,,,All,18,60,,"[""General"",""OBC"",""SC"",""ST""]",Both,Ongoing,Active,,"[""technology"",""digital"",""innovation"",""it""]",0,85f6557b-2155-44a7-ac7e-bcb45a5f5bf3,2026-07-25 08:34:57.837,2026-07-25T08:53:09.508960
c13d8309-fa2f-4f20-aba1-8e6f9b57269a,Chief Minister Comprehensive Health Insurance (TN),Ministry of Health and Family Welfare,"The Chief Minister Comprehensive Health Insurance (TN) is a signature government initiative designed to revolutionize the Healthcare sector by providing targeted support to citizens across the nation. This comprehensive scheme is built on the pillars of accessibility, transparency, and impact, ensuring that the benefits reach every eligible individual at the last mile. 
 
Historically, individuals in the Healthcare domain have faced significant systemic hurdles, ranging from high costs of entry to limited resources for growth. The Chief Minister Comprehensive Health Insurance (TN) addresses these root causes by offering a multi-faceted approach. Whether it's through direct financial transfers, subsidized services, or infrastructure support, the scheme creates a robust safety net that empowers beneficiaries to achieve their potential.
 
At its core, the Chief Minister Comprehensive Health Insurance (TN) is about state-level insurance for catastrophic health expenses in Tamil Nadu. This means not just providing a one-time relief, but building a sustainable ecosystem where individuals can thrive. This initiative prioritizes public health outcomes, medical equity, and the strengthening of clinical infrastructure. The scheme's Healthcare orientation ensures that it is tailored to the specific local needs of diverse demographic groups.
 
Furthermore, the implementation of Chief Minister Comprehensive Health Insurance (TN) leverages state-of-the-art digital infrastructure, such as t",Healthcare,Scheme,Central,"[""Free diagnostic services and clinical treatments at empanelled centers."",""Coverage for secondary and tertiary hospitalization expenses."",""Subsidized post-hospitalization medication and follow-ups.""]","[""Targeted at below-poverty-line (BPL) and marginalized households."",""Requires registration under the State Health Insurance registry."",""Open to all age groups and demographics meeting income limits.""]","[""Aadhar Card"",""Ration Card"",""Medical Reports""]",5000,"₹5,000 Support",,,,,,[],,,,,All,0,100,250000,"[""General"",""OBC"",""SC"",""ST""]",Both,Ongoing,Active,,"[""health"",""medical"",""insurance""]",0,85f6557b-2155-44a7-ac7e-bcb45a5f5bf3,2026-07-25 08:34:57.837,2026-07-25T08:53:09.508976
c197d571-20fd-41e3-bafc-3c77f1589bc3,Senior Citizens Savings Scheme,Ministry of Finance,"The Senior Citizens Savings Scheme is a signature government initiative designed to revolutionize the Finance sector by providing targeted support to citizens across the nation. This comprehensive scheme is built on the pillars of accessibility, transparency, and impact, ensuring that the benefits reach every eligible individual at the last mile. 
 
Historically, individuals in the Finance domain have faced significant systemic hurdles, ranging from high costs of entry to limited resources for growth. The Senior Citizens Savings Scheme addresses these root causes by offering a multi-faceted approach. Whether it's through direct financial transfers, subsidized services, or infrastructure support, the scheme creates a robust safety net that empowers beneficiaries to achieve their potential.
 
At its core, the Senior Citizens Savings Scheme is about offering high interest rates for citizens aged 60 years and above. This means not just providing a one-time relief, but building a sustainable ecosystem where individuals can thrive. Enhancing financial inclusion, this scheme provides savings, insurance, and long-term fiscal security. The scheme's Finance orientation ensures that it is tailored to the specific local needs of diverse demographic groups.
 
Furthermore, the implementation of Senior Citizens Savings Scheme leverages state-of-the-art digital infrastructure, such as the Direct Benefit Transfer (DBT) mechanism and Aadhaar-linked verification, to eliminate leakages and minim",Finance,Scheme,Central,"[""High interest rates, insurance cover, and financial security in old age""]","[""All Indian citizens meeting the specific age and investment criteria""]","[""Aadhar Card"",""Pancard"",""Bank Passbook""]",100000,"₹1,00,000 Support",,,,,,[],,,,,All,0,100,,"[""General"",""OBC"",""ST""]",Both,Ongoing,Active,,"[""finance"",""savings"",""insurance"",""pension""]",0,85f6557b-2155-44a7-ac7e-bcb45a5f5bf3,2026-07-25 08:34:57.837,2026-07-25T08:53:09.508992
c26913db-3a77-4a74-a7b8-22a7c2ee70fc,Digital India Mission,Ministry of Electronics and IT,"The Digital India Mission is a signature government initiative designed to revolutionize the Technology sector by providing targeted support to citizens across the nation. This comprehensive scheme is built on the pillars of accessibility, transparency, and impact, ensuring that the benefits reach every eligible individual at the last mile. 
 
Historically, individuals in the Technology domain have faced significant systemic hurdles, ranging from high costs of entry to limited resources for growth. The Digital India Mission addresses these root causes by offering a multi-faceted approach. Whether it's through direct financial transfers, subsidized services, or infrastructure support, the scheme creates a robust safety net that empowers beneficiaries to achieve their potential.
 
At its core, the Digital India Mission is about transforming India into a digitally empowered society and knowledge economy. This means not just providing a one-time relief, but building a sustainable ecosystem where individuals can thrive. Driving the Digital India vision, this scheme fosters high-tech R&D and digital infrastructure. The scheme's Technology orientation ensures that it is tailored to the specific local needs of diverse demographic groups.
 
Furthermore, the implementation of Digital India Mission leverages state-of-the-art digital infrastructure, such as the Direct Benefit Transfer (DBT) mechanism and Aadhaar-linked verification, to eliminate leakages and minimize bureaucratic delays.",Technology,Scheme,Central,"[""Infrastructure support, design incentives, and R&D grants""]","[""Researchers, tech startups, and electronics manufacturing units""]","[""Project Proposal"",""Company Registration"",""Technical Certifications""]",5000000,"₹50,00,000 Support",,,,,,[],,,,,All,18,60,,"[""OBC""]",Both,Ongoing,Active,https://www.digitalindia.gov.in/,"[""technology"",""digital"",""innovation"",""it""]",0,85f6557b-2155-44a7-ac7e-bcb45a5f5bf3,2026-07-25 08:34:57.837,2026-08-16T16:33:47.863855
c52d2a52-2ae0-45dd-b2ad-263195fe7f4c,Post Matric Scholarship for Minorities,Ministry of Education,"The Post Matric Scholarship for Minorities is a signature government initiative designed to revolutionize the Education sector by providing targeted support to citizens across the nation. This comprehensive scheme is built on the pillars of accessibility, transparency, and impact, ensuring that the benefits reach every eligible individual at the last mile. 
 
Historically, individuals in the Education domain have faced significant systemic hurdles, ranging from high costs of entry to limited resources for growth. The Post Matric Scholarship for Minorities addresses these root causes by offering a multi-faceted approach. Whether it's through direct financial transfers, subsidized services, or infrastructure support, the scheme creates a robust safety net that empowers beneficiaries to achieve their potential.
 
At its core, the Post Matric Scholarship for Minorities is about supporting students from minority communities for higher education after matriculation. This means not just providing a one-time relief, but building a sustainable ecosystem where individuals can thrive. The focus remains on academic excellence, student empowerment, and the removal of financial barriers to learning. The scheme's Education orientation ensures that it is tailored to the specific local needs of diverse demographic groups.
 
Furthermore, the implementation of Post Matric Scholarship for Minorities leverages state-of-the-art digital infrastructure, such as the Direct Benefit Transfer (DBT) mech",Education,Scheme,Central,"[""Full tuition fee waiver or academic scholarship grant."",""Monthly maintenance stipend for books, materials, and living costs."",""Additional allowances for disabled students (if applicable).""]","[""Must be an active student enrolled in a registered institution."",""Minimum academic score of 60% in the qualifying examination."",""Annual family income must be under ₹6,00,000.""]","[""Aadhar Card"",""Mark Sheets"",""Income Certificate""]",50000,"₹50,000 Scholarship/yr",,,,,,[],,,,,All,15,30,600000,"[""SC""]",Both,Ongoing,Active,,"[""education"",""scholarship"",""student""]",0,85f6557b-2155-44a7-ac7e-bcb45a5f5bf3,2026-07-25 08:34:57.836,2026-07-25T08:53:09.509024
c5728994-a413-4e7d-93d8-ffd686aa3cec,PM-KISAN,Ministry of Agriculture and Farmers Welfare,"The PM-KISAN is a signature government initiative designed to revolutionize the Agriculture sector by providing targeted support to citizens across the nation. This comprehensive scheme is built on the pillars of accessibility, transparency, and impact, ensuring that the benefits reach every eligible individual at the last mile. 
 
Historically, individuals in the Agriculture domain have faced significant systemic hurdles, ranging from high costs of entry to limited resources for growth. The PM-KISAN addresses these root causes by offering a multi-faceted approach. Whether it's through direct financial transfers, subsidized services, or infrastructure support, the scheme creates a robust safety net that empowers beneficiaries to achieve their potential.
 
At its core, the PM-KISAN is about transferring ₹6,000 annually in three installments directly to farmers' bank accounts. This means not just providing a one-time relief, but building a sustainable ecosystem where individuals can thrive. Supporting the backbone of our economy, this scheme targets farmers, crop yields, and rural sustainability. The scheme's Agriculture orientation ensures that it is tailored to the specific local needs of diverse demographic groups.
 
Furthermore, the implementation of PM-KISAN leverages state-of-the-art digital infrastructure, such as the Direct Benefit Transfer (DBT) mechanism and Aadhaar-linked verification, to eliminate leakages and minimize bureaucratic delays. Applicants can track their",Agriculture,Scheme,Central,"[""Direct financial assistance transferred directly to bank accounts."",""Subsidies on seeds, fertilizers, and agricultural equipment."",""Crop insurance coverage against natural disasters or failure.""]","[""Must own cultivable agricultural land under their name."",""Small and marginal farmers holding less than 2 hectares of land."",""Requires Aadhaar-linked land record verification.""]","[""Land Documents"",""Aadhar Card"",""Bank Account Details""]",6000,"₹6,000 Subsidy",,,,,,[],,,,,All,18,60,,"[""General"",""OBC"",""ST""]",Rural,Ongoing,Active,https://pmkisan.gov.in/,"[""agriculture"",""farmer"",""subsidy""]",0,85f6557b-2155-44a7-ac7e-bcb45a5f5bf3,2026-07-25 08:34:57.837,2026-08-16T16:33:47.863858
c7855599-341e-45d0-a74f-2f44a7d98f98,UP Awas Vikas Yojana,Ministry of Housing and Urban Affairs,"The UP Awas Vikas Yojana is a signature government initiative designed to revolutionize the Housing sector by providing targeted support to citizens across the nation. This comprehensive scheme is built on the pillars of accessibility, transparency, and impact, ensuring that the benefits reach every eligible individual at the last mile. 
 
Historically, individuals in the Housing domain have faced significant systemic hurdles, ranging from high costs of entry to limited resources for growth. The UP Awas Vikas Yojana addresses these root causes by offering a multi-faceted approach. Whether it's through direct financial transfers, subsidized services, or infrastructure support, the scheme creates a robust safety net that empowers beneficiaries to achieve their potential.
 
At its core, the UP Awas Vikas Yojana is about developing modern townships and affordable housing projects in Uttar Pradesh. This means not just providing a one-time relief, but building a sustainable ecosystem where individuals can thrive. Aimed at providing dignity through shelter, this project focuses on affordable residential development. The scheme's Housing orientation ensures that it is tailored to the specific local needs of diverse demographic groups.
 
Furthermore, the implementation of UP Awas Vikas Yojana leverages state-of-the-art digital infrastructure, such as the Direct Benefit Transfer (DBT) mechanism and Aadhaar-linked verification, to eliminate leakages and minimize bureaucratic delays. App",Housing,Subsidy,Central,"[""Financial grant for building or renovating a pucca house."",""Interest subsidy on housing bank loans under credit-linked schemes."",""Sanitation grant for building household toilets.""]","[""Must not own any pucca house in India under any family member's name."",""Belongs to Economically Weaker Section (EWS) or Low Income Group (LIG)."",""Geographic target: Eligible rural and urban municipal areas.""]","[""Income Certificate"",""Land Registry"",""Aadhar Card""]",250000,"₹2,50,000 Subsidy",,,,,,[],,,,,All,18,70,600000,"[""General"",""OBC"",""SC"",""ST""]",Both,Ongoing,Active,,"[""housing"",""home"",""subsidy"",""construction""]",0,85f6557b-2155-44a7-ac7e-bcb45a5f5bf3,2026-07-25 08:34:57.837,2026-07-25T08:53:09.509069
cc98dedc-02d1-4935-8c4f-32d77d522009,National Leprosy Eradication Programme,Ministry of Health and Family Welfare,"The National Leprosy Eradication Programme is a signature government initiative designed to revolutionize the Healthcare sector by providing targeted support to citizens across the nation. This comprehensive scheme is built on the pillars of accessibility, transparency, and impact, ensuring that the benefits reach every eligible individual at the last mile. 
 
Historically, individuals in the Healthcare domain have faced significant systemic hurdles, ranging from high costs of entry to limited resources for growth. The National Leprosy Eradication Programme addresses these root causes by offering a multi-faceted approach. Whether it's through direct financial transfers, subsidized services, or infrastructure support, the scheme creates a robust safety net that empowers beneficiaries to achieve their potential.
 
At its core, the National Leprosy Eradication Programme is about identifying and treating leprosy early to prevent disabilities. This means not just providing a one-time relief, but building a sustainable ecosystem where individuals can thrive. This initiative prioritizes public health outcomes, medical equity, and the strengthening of clinical infrastructure. The scheme's Healthcare orientation ensures that it is tailored to the specific local needs of diverse demographic groups.
 
Furthermore, the implementation of National Leprosy Eradication Programme leverages state-of-the-art digital infrastructure, such as the Direct Benefit Transfer (DBT) mechanism and Aadhaar",Healthcare,Scheme,Central,"[""Free diagnostic services and clinical treatments at empanelled centers."",""Coverage for secondary and tertiary hospitalization expenses."",""Subsidized post-hospitalization medication and follow-ups.""]","[""Targeted at below-poverty-line (BPL) and marginalized households."",""Requires registration under the State Health Insurance registry."",""Open to all age groups and demographics meeting income limits.""]","[""Aadhar Card"",""Ration Card"",""Medical Reports""]",5000,"₹5,000 Support",,,,,,[],,,,,All,0,100,250000,"[""OBC"",""SC""]",Both,Ongoing,Active,,"[""health"",""medical"",""insurance""]",0,85f6557b-2155-44a7-ac7e-bcb45a5f5bf3,2026-07-25 08:34:57.837,2026-07-25T08:53:09.509085
cf5ad4d9-be73-42a0-b3aa-e906516d7ffa,PM Jan Dhan Yojana,Ministry of Finance,"The PM Jan Dhan Yojana is a signature government initiative designed to revolutionize the Finance sector by providing targeted support to citizens across the nation. This comprehensive scheme is built on the pillars of accessibility, transparency, and impact, ensuring that the benefits reach every eligible individual at the last mile. 
 
Historically, individuals in the Finance domain have faced significant systemic hurdles, ranging from high costs of entry to limited resources for growth. The PM Jan Dhan Yojana addresses these root causes by offering a multi-faceted approach. Whether it's through direct financial transfers, subsidized services, or infrastructure support, the scheme creates a robust safety net that empowers beneficiaries to achieve their potential.
 
At its core, the PM Jan Dhan Yojana is about ensuring access to financial services like savings accounts, credit, and insurance. This means not just providing a one-time relief, but building a sustainable ecosystem where individuals can thrive. Enhancing financial inclusion, this scheme provides savings, insurance, and long-term fiscal security. The scheme's Finance orientation ensures that it is tailored to the specific local needs of diverse demographic groups.
 
Furthermore, the implementation of PM Jan Dhan Yojana leverages state-of-the-art digital infrastructure, such as the Direct Benefit Transfer (DBT) mechanism and Aadhaar-linked verification, to eliminate leakages and minimize bureaucratic delays. Applic",Finance,Scheme,Central,"[""High interest rates, insurance cover, and financial security in old age""]","[""All Indian citizens meeting the specific age and investment criteria""]","[""Aadhar Card"",""Pancard"",""Bank Passbook""]",100000,"₹1,00,000 Support",,,,,,[],,,,,All,0,100,,"[""General"",""OBC"",""SC"",""ST""]",Both,Ongoing,Active,,"[""finance"",""savings"",""insurance"",""pension""]",0,85f6557b-2155-44a7-ac7e-bcb45a5f5bf3,2026-07-25 08:34:57.837,2026-07-25T08:53:09.509100
d6e961c8-3528-4024-aed6-f12b61756b59,Support for International Patent Protection,Ministry of MSME,"The Support for International Patent Protection is a signature government initiative designed to revolutionize the Business sector by providing targeted support to citizens across the nation. This comprehensive scheme is built on the pillars of accessibility, transparency, and impact, ensuring that the benefits reach every eligible individual at the last mile. 
 
Historically, individuals in the Business domain have faced significant systemic hurdles, ranging from high costs of entry to limited resources for growth. The Support for International Patent Protection addresses these root causes by offering a multi-faceted approach. Whether it's through direct financial transfers, subsidized services, or infrastructure support, the scheme creates a robust safety net that empowers beneficiaries to achieve their potential.
 
At its core, the Support for International Patent Protection is about reimbursing expenses for international patent filing for Indian MSMEs. This means not just providing a one-time relief, but building a sustainable ecosystem where individuals can thrive. Empowering entrepreneurs and startups, this program drives economic growth and industrial innovation. The scheme's Business orientation ensures that it is tailored to the specific local needs of diverse demographic groups.
 
Furthermore, the implementation of Support for International Patent Protection leverages state-of-the-art digital infrastructure, such as the Direct Benefit Transfer (DBT) mechanism and Aa",Business,Scheme,Central,"[""Collateral-free low-interest working capital and term loans."",""Interest subvention benefits for prompt repayment cycles."",""Capital subsidy on project establishment costs.""]","[""Artisans, micro-business owners, startups, or SC/ST/Women entrepreneurs."",""Requires a viable business project report and proof of activity."",""Age limit: 18 to 65 years at the time of application.""]","[""GST Certificate"",""Pancard"",""Project Report""]",1000000,"₹10,00,000 Support",,,,,,[],,,,,All,18,65,,"[""General"",""OBC"",""SC"",""ST""]",Both,Ongoing,Active,,"[""business"",""msme"",""entrepreneur"",""startup""]",0,85f6557b-2155-44a7-ac7e-bcb45a5f5bf3,2026-07-25 08:34:57.837,2026-07-25T08:53:09.509117
db8c6a20-65e8-444a-b8fd-58c969b1eef6,PM Krishi Sinchai Yojana,Ministry of Agriculture and Farmers Welfare,"The PM Krishi Sinchai Yojana is a signature government initiative designed to revolutionize the Agriculture sector by providing targeted support to citizens across the nation. This comprehensive scheme is built on the pillars of accessibility, transparency, and impact, ensuring that the benefits reach every eligible individual at the last mile. 
 
Historically, individuals in the Agriculture domain have faced significant systemic hurdles, ranging from high costs of entry to limited resources for growth. The PM Krishi Sinchai Yojana addresses these root causes by offering a multi-faceted approach. Whether it's through direct financial transfers, subsidized services, or infrastructure support, the scheme creates a robust safety net that empowers beneficiaries to achieve their potential.
 
At its core, the PM Krishi Sinchai Yojana is about improving water use efficiency through 'Per Drop More Crop' initiatives. This means not just providing a one-time relief, but building a sustainable ecosystem where individuals can thrive. Supporting the backbone of our economy, this scheme targets farmers, crop yields, and rural sustainability. The scheme's Agriculture orientation ensures that it is tailored to the specific local needs of diverse demographic groups.
 
Furthermore, the implementation of PM Krishi Sinchai Yojana leverages state-of-the-art digital infrastructure, such as the Direct Benefit Transfer (DBT) mechanism and Aadhaar-linked verification, to eliminate leakages and minimi",Agriculture,Subsidy,Central,"[""Up to 55% subsidy on micro-irrigation systems for small/marginal farmers."",""Up to 45% subsidy on systems for other general farmers."",""Direct Benefit Transfer (DBT) payment to Aadhaar-seeded bank accounts.""]","[""Farmers owning cultivable land with access to water sources."",""Must purchase systems from empanelled solar and irrigation vendors."",""Requires copy of land registry, Aadhaar, and electricity bills.""]","[""Land Documents"",""Aadhar Card"",""Bank Account Details""]",6000,Up to 55% Drip Irrigation Subsidy,,,,,,[],55,50000,true,true,All,18,60,,"[""OBC"",""SC"",""ST""]",Rural,Ongoing,Active,,"[""agriculture"",""farmer"",""subsidy""]",0,85f6557b-2155-44a7-ac7e-bcb45a5f5bf3,2026-07-25 08:34:57.837,2026-07-25T08:53:09.509137
dbe2807a-c8c5-4d28-91a4-eba74827f59a,PM Kisan Sampada Yojana,Ministry of MSME,"The PM Kisan Sampada Yojana is a signature government initiative designed to revolutionize the Business sector by providing targeted support to citizens across the nation. This comprehensive scheme is built on the pillars of accessibility, transparency, and impact, ensuring that the benefits reach every eligible individual at the last mile. 
 
Historically, individuals in the Business domain have faced significant systemic hurdles, ranging from high costs of entry to limited resources for growth. The PM Kisan Sampada Yojana addresses these root causes by offering a multi-faceted approach. Whether it's through direct financial transfers, subsidized services, or infrastructure support, the scheme creates a robust safety net that empowers beneficiaries to achieve their potential.
 
At its core, the PM Kisan Sampada Yojana is about creating modern infrastructure for food processing and supply chain management. This means not just providing a one-time relief, but building a sustainable ecosystem where individuals can thrive. Empowering entrepreneurs and startups, this program drives economic growth and industrial innovation. The scheme's Business orientation ensures that it is tailored to the specific local needs of diverse demographic groups.
 
Furthermore, the implementation of PM Kisan Sampada Yojana leverages state-of-the-art digital infrastructure, such as the Direct Benefit Transfer (DBT) mechanism and Aadhaar-linked verification, to eliminate leakages and minimize bureaucra",Business,Scheme,Central,"[""Collateral-free low-interest working capital and term loans."",""Interest subvention benefits for prompt repayment cycles."",""Capital subsidy on project establishment costs.""]","[""Artisans, micro-business owners, startups, or SC/ST/Women entrepreneurs."",""Requires a viable business project report and proof of activity."",""Age limit: 18 to 65 years at the time of application.""]","[""GST Certificate"",""Pancard"",""Project Report""]",1000000,"₹10,00,000 Support",,,,,,[],,,,,All,18,65,,"[""General"",""OBC"",""SC"",""ST""]",Both,Ongoing,Active,,"[""business"",""msme"",""entrepreneur"",""startup""]",0,85f6557b-2155-44a7-ac7e-bcb45a5f5bf3,2026-07-25 08:34:57.837,2026-07-25T08:53:09.509155
dee34f4f-d500-4204-b84f-34d1298438c2,PM Bhartiya Janaushadhi Pariyojana,Ministry of Health and Family Welfare,"The PM Bhartiya Janaushadhi Pariyojana is a signature government initiative designed to revolutionize the Healthcare sector by providing targeted support to citizens across the nation. This comprehensive scheme is built on the pillars of accessibility, transparency, and impact, ensuring that the benefits reach every eligible individual at the last mile. 
 
Historically, individuals in the Healthcare domain have faced significant systemic hurdles, ranging from high costs of entry to limited resources for growth. The PM Bhartiya Janaushadhi Pariyojana addresses these root causes by offering a multi-faceted approach. Whether it's through direct financial transfers, subsidized services, or infrastructure support, the scheme creates a robust safety net that empowers beneficiaries to achieve their potential.
 
At its core, the PM Bhartiya Janaushadhi Pariyojana is about providing affordable generic medicine through dedicated outlets. This means not just providing a one-time relief, but building a sustainable ecosystem where individuals can thrive. This initiative prioritizes public health outcomes, medical equity, and the strengthening of clinical infrastructure. The scheme's Healthcare orientation ensures that it is tailored to the specific local needs of diverse demographic groups.
 
Furthermore, the implementation of PM Bhartiya Janaushadhi Pariyojana leverages state-of-the-art digital infrastructure, such as the Direct Benefit Transfer (DBT) mechanism and Aadhaar-linked verific",Healthcare,Scheme,Central,"[""Free diagnostic services and clinical treatments at empanelled centers."",""Coverage for secondary and tertiary hospitalization expenses."",""Subsidized post-hospitalization medication and follow-ups.""]","[""Targeted at below-poverty-line (BPL) and marginalized households."",""Requires registration under the State Health Insurance registry."",""Open to all age groups and demographics meeting income limits.""]","[""Aadhar Card"",""Ration Card"",""Medical Reports""]",5000,"₹5,000 Support",,,,,,[],,,,,All,0,100,250000,"[""General"",""OBC"",""ST""]",Both,Ongoing,Active,,"[""health"",""medical"",""insurance""]",0,85f6557b-2155-44a7-ac7e-bcb45a5f5bf3,2026-07-25 08:34:57.837,2026-07-25T08:53:09.509171
dffe02e6-07f4-4d9f-a7ef-50f3bf4ee404,Kalpana Chawla Chatravriti Yojna,Ministry of Education,"The Kalpana Chawla Chatravriti Yojna is a signature government initiative designed to revolutionize the Education sector by providing targeted support to citizens across the nation. This comprehensive scheme is built on the pillars of accessibility, transparency, and impact, ensuring that the benefits reach every eligible individual at the last mile. 
 
Historically, individuals in the Education domain have faced significant systemic hurdles, ranging from high costs of entry to limited resources for growth. The Kalpana Chawla Chatravriti Yojna addresses these root causes by offering a multi-faceted approach. Whether it's through direct financial transfers, subsidized services, or infrastructure support, the scheme creates a robust safety net that empowers beneficiaries to achieve their potential.
 
At its core, the Kalpana Chawla Chatravriti Yojna is about rewarding meritorious girls in the science stream in Himachal Pradesh. This means not just providing a one-time relief, but building a sustainable ecosystem where individuals can thrive. The focus remains on academic excellence, student empowerment, and the removal of financial barriers to learning. The scheme's Education orientation ensures that it is tailored to the specific local needs of diverse demographic groups.
 
Furthermore, the implementation of Kalpana Chawla Chatravriti Yojna leverages state-of-the-art digital infrastructure, such as the Direct Benefit Transfer (DBT) mechanism and Aadhaar-linked verification, to",Education,Scheme,Himachal Pradesh,"[""Full tuition fee waiver or academic scholarship grant."",""Monthly maintenance stipend for books, materials, and living costs."",""Additional allowances for disabled students (if applicable).""]","[""Must be an active student enrolled in a registered institution."",""Minimum academic score of 60% in the qualifying examination."",""Annual family income must be under ₹6,00,000.""]","[""Aadhar Card"",""Mark Sheets"",""Income Certificate""]",50000,"₹50,000 Scholarship/yr",,,,,,[],,,,,All,15,30,600000,"[""General"",""OBC"",""SC"",""ST""]",Both,Ongoing,Active,,"[""education"",""scholarship"",""student""]",0,85f6557b-2155-44a7-ac7e-bcb45a5f5bf3,2026-07-25 08:34:57.837,2026-07-25T08:53:09.509190
e11a3a31-f64f-4e16-a2ac-4eaf7fc02c42,Rashtriya Bal Swasthya Karyakram,Ministry of Health and Family Welfare,"The Rashtriya Bal Swasthya Karyakram is a signature government initiative designed to revolutionize the Healthcare sector by providing targeted support to citizens across the nation. This comprehensive scheme is built on the pillars of accessibility, transparency, and impact, ensuring that the benefits reach every eligible individual at the last mile. 
 
Historically, individuals in the Healthcare domain have faced significant systemic hurdles, ranging from high costs of entry to limited resources for growth. The Rashtriya Bal Swasthya Karyakram addresses these root causes by offering a multi-faceted approach. Whether it's through direct financial transfers, subsidized services, or infrastructure support, the scheme creates a robust safety net that empowers beneficiaries to achieve their potential.
 
At its core, the Rashtriya Bal Swasthya Karyakram is about early identification and intervention for children from birth to 18 years. This means not just providing a one-time relief, but building a sustainable ecosystem where individuals can thrive. This initiative prioritizes public health outcomes, medical equity, and the strengthening of clinical infrastructure. The scheme's Healthcare orientation ensures that it is tailored to the specific local needs of diverse demographic groups.
 
Furthermore, the implementation of Rashtriya Bal Swasthya Karyakram leverages state-of-the-art digital infrastructure, such as the Direct Benefit Transfer (DBT) mechanism and Aadhaar-linked verif",Healthcare,Scheme,Central,"[""Free diagnostic services and clinical treatments at empanelled centers."",""Coverage for secondary and tertiary hospitalization expenses."",""Subsidized post-hospitalization medication and follow-ups.""]","[""Targeted at below-poverty-line (BPL) and marginalized households."",""Requires registration under the State Health Insurance registry."",""Open to all age groups and demographics meeting income limits.""]","[""Aadhar Card"",""Ration Card"",""Medical Reports""]",5000,"₹5,000 Support",,,,,,[],,,,,All,0,100,250000,"[""SC"",""ST""]",Both,Ongoing,Active,,"[""health"",""medical"",""insurance""]",0,85f6557b-2155-44a7-ac7e-bcb45a5f5bf3,2026-07-25 08:34:57.837,2026-07-25T08:53:09.509209
e2707c92-6126-4283-af92-a7b4e9ee9d88,PM Daksh Yojana,Ministry of Social Justice and Empowerment,"The PM Daksh Yojana is a signature government initiative designed to revolutionize the Social Welfare sector by providing targeted support to citizens across the nation. This comprehensive scheme is built on the pillars of accessibility, transparency, and impact, ensuring that the benefits reach every eligible individual at the last mile. 
 
Historically, individuals in the Social Welfare domain have faced significant systemic hurdles, ranging from high costs of entry to limited resources for growth. The PM Daksh Yojana addresses these root causes by offering a multi-faceted approach. Whether it's through direct financial transfers, subsidized services, or infrastructure support, the scheme creates a robust safety net that empowers beneficiaries to achieve their potential.
 
At its core, the PM Daksh Yojana is about providing skill development training to marginalized social groups. This means not just providing a one-time relief, but building a sustainable ecosystem where individuals can thrive. Serving the most vulnerable, this program ensures social justice, pensions, and basic safety nets. The scheme's Social Welfare orientation ensures that it is tailored to the specific local needs of diverse demographic groups.
 
Furthermore, the implementation of PM Daksh Yojana leverages state-of-the-art digital infrastructure, such as the Direct Benefit Transfer (DBT) mechanism and Aadhaar-linked verification, to eliminate leakages and minimize bureaucratic delays. Applicants can tr",Social Welfare,Scheme,Central,"[""Direct financial support, food security, and social protection""]","[""BPL families, senior citizens, widows, and persons with disabilities""]","[""BPL Card"",""Aadhar Card"",""Disability/Death Certificate""]",2000,"₹2,000 Support",,,,,,[],,,,,All,0,100,100000,"[""ST""]",Both,Ongoing,Active,,"[""social"",""welfare"",""pension"",""poor""]",0,85f6557b-2155-44a7-ac7e-bcb45a5f5bf3,2026-07-25 08:34:57.837,2026-07-25T08:53:09.509226
e29b3ea1-3aa1-4b7c-b57c-f28224eace73,Swarna Jayanti Fellowships for Young Scientists,Ministry of Education,"The Swarna Jayanti Fellowships for Young Scientists is a signature government initiative designed to revolutionize the Education sector by providing targeted support to citizens across the nation. This comprehensive scheme is built on the pillars of accessibility, transparency, and impact, ensuring that the benefits reach every eligible individual at the last mile. 
 
Historically, individuals in the Education domain have faced significant systemic hurdles, ranging from high costs of entry to limited resources for growth. The Swarna Jayanti Fellowships for Young Scientists addresses these root causes by offering a multi-faceted approach. Whether it's through direct financial transfers, subsidized services, or infrastructure support, the scheme creates a robust safety net that empowers beneficiaries to achieve their potential.
 
At its core, the Swarna Jayanti Fellowships for Young Scientists is about funding frontier research by outstanding young scientists in India. This means not just providing a one-time relief, but building a sustainable ecosystem where individuals can thrive. The focus remains on academic excellence, student empowerment, and the removal of financial barriers to learning. The scheme's Education orientation ensures that it is tailored to the specific local needs of diverse demographic groups.
 
Furthermore, the implementation of Swarna Jayanti Fellowships for Young Scientists leverages state-of-the-art digital infrastructure, such as the Direct Benefit Tra",Education,Scheme,Central,"[""Full tuition fee waiver or academic scholarship grant."",""Monthly maintenance stipend for books, materials, and living costs."",""Additional allowances for disabled students (if applicable).""]","[""Must be an active student enrolled in a registered institution."",""Minimum academic score of 60% in the qualifying examination."",""Annual family income must be under ₹6,00,000.""]","[""Aadhar Card"",""Mark Sheets"",""Income Certificate""]",50000,"₹50,000 Scholarship/yr",,,,,,[],,,,,All,15,30,600000,"[""General"",""OBC"",""SC"",""ST""]",Both,Ongoing,Active,,"[""education"",""scholarship"",""student""]",0,85f6557b-2155-44a7-ac7e-bcb45a5f5bf3,2026-07-25 08:34:57.837,2026-07-25T08:53:09.509244
e3a274b7-af06-400d-b941-e2d3f19059b3,National Program for Health Care of Elderly,Ministry of Health and Family Welfare,"The National Program for Health Care of Elderly is a signature government initiative designed to revolutionize the Healthcare sector by providing targeted support to citizens across the nation. This comprehensive scheme is built on the pillars of accessibility, transparency, and impact, ensuring that the benefits reach every eligible individual at the last mile. 
 
Historically, individuals in the Healthcare domain have faced significant systemic hurdles, ranging from high costs of entry to limited resources for growth. The National Program for Health Care of Elderly addresses these root causes by offering a multi-faceted approach. Whether it's through direct financial transfers, subsidized services, or infrastructure support, the scheme creates a robust safety net that empowers beneficiaries to achieve their potential.
 
At its core, the National Program for Health Care of Elderly is about providing dedicated healthcare facilities for senior citizens. This means not just providing a one-time relief, but building a sustainable ecosystem where individuals can thrive. This initiative prioritizes public health outcomes, medical equity, and the strengthening of clinical infrastructure. The scheme's Healthcare orientation ensures that it is tailored to the specific local needs of diverse demographic groups.
 
Furthermore, the implementation of National Program for Health Care of Elderly leverages state-of-the-art digital infrastructure, such as the Direct Benefit Transfer (DBT) me",Healthcare,Scheme,Central,"[""Free diagnostic services and clinical treatments at empanelled centers."",""Coverage for secondary and tertiary hospitalization expenses."",""Subsidized post-hospitalization medication and follow-ups.""]","[""Targeted at below-poverty-line (BPL) and marginalized households."",""Requires registration under the State Health Insurance registry."",""Open to all age groups and demographics meeting income limits.""]","[""Aadhar Card"",""Ration Card"",""Medical Reports""]",5000,"₹5,000 Support",,,,,,[],,,,,All,0,100,250000,"[""General"",""OBC"",""SC""]",Both,Ongoing,Active,,"[""health"",""medical"",""insurance""]",0,85f6557b-2155-44a7-ac7e-bcb45a5f5bf3,2026-07-25 08:34:57.837,2026-07-25T08:53:09.509278
e4429321-b6df-4d05-a853-0d1dde5be79d,PM Mudra Yojana,Ministry of MSME,"The PM Mudra Yojana is a signature government initiative designed to revolutionize the Business sector by providing targeted support to citizens across the nation. This comprehensive scheme is built on the pillars of accessibility, transparency, and impact, ensuring that the benefits reach every eligible individual at the last mile. 
 
Historically, individuals in the Business domain have faced significant systemic hurdles, ranging from high costs of entry to limited resources for growth. The PM Mudra Yojana addresses these root causes by offering a multi-faceted approach. Whether it's through direct financial transfers, subsidized services, or infrastructure support, the scheme creates a robust safety net that empowers beneficiaries to achieve their potential.
 
At its core, the PM Mudra Yojana is about providing loans up to ₹10 Lakhs to non-corporate, non-farm small/micro enterprises. This means not just providing a one-time relief, but building a sustainable ecosystem where individuals can thrive. Empowering entrepreneurs and startups, this program drives economic growth and industrial innovation. The scheme's Business orientation ensures that it is tailored to the specific local needs of diverse demographic groups.
 
Furthermore, the implementation of PM Mudra Yojana leverages state-of-the-art digital infrastructure, such as the Direct Benefit Transfer (DBT) mechanism and Aadhaar-linked verification, to eliminate leakages and minimize bureaucratic delays. Applicants can t",Business,Loan,Central,"[""Collateral-free working capital and term loans up to ₹10 Lakhs."",""No processing fee for Shishu category loans (up to ₹50,000)."",""Flexible repayment cycles tailored to business cashflows.""]","[""Indian citizens owning non-corporate, non-farm micro enterprises."",""Business must be engaged in manufacturing, trading, or services."",""Requires business project report and active registration proof.""]","[""GST Certificate"",""Pancard"",""Project Report""]",1000000,Collateral-Free Loan up to ₹10 Lakhs,8.5,60,false,6,2,"[""State Bank of India"",""HDFC Bank"",""ICICI Bank"",""Punjab National Bank""]",,,,,All,18,65,,"[""OBC"",""SC"",""ST""]",Both,Ongoing,Active,,"[""business"",""msme"",""entrepreneur"",""startup""]",0,85f6557b-2155-44a7-ac7e-bcb45a5f5bf3,2026-07-25 08:34:57.837,2026-07-25T08:53:09.509347
e6bc381c-644c-4ad6-9600-8c4be4e574f8,PM Matru Vandana Yojana,Ministry of Health and Family Welfare,"The PM Matru Vandana Yojana is a signature government initiative designed to revolutionize the Healthcare sector by providing targeted support to citizens across the nation. This comprehensive scheme is built on the pillars of accessibility, transparency, and impact, ensuring that the benefits reach every eligible individual at the last mile. 
 
Historically, individuals in the Healthcare domain have faced significant systemic hurdles, ranging from high costs of entry to limited resources for growth. The PM Matru Vandana Yojana addresses these root causes by offering a multi-faceted approach. Whether it's through direct financial transfers, subsidized services, or infrastructure support, the scheme creates a robust safety net that empowers beneficiaries to achieve their potential.
 
At its core, the PM Matru Vandana Yojana is about providing cash incentives for pregnant women and lactating mothers. This means not just providing a one-time relief, but building a sustainable ecosystem where individuals can thrive. This initiative prioritizes public health outcomes, medical equity, and the strengthening of clinical infrastructure. The scheme's Healthcare orientation ensures that it is tailored to the specific local needs of diverse demographic groups.
 
Furthermore, the implementation of PM Matru Vandana Yojana leverages state-of-the-art digital infrastructure, such as the Direct Benefit Transfer (DBT) mechanism and Aadhaar-linked verification, to eliminate leakages and minimize",Healthcare,Scheme,Central,"[""Free diagnostic services and clinical treatments at empanelled centers."",""Coverage for secondary and tertiary hospitalization expenses."",""Subsidized post-hospitalization medication and follow-ups.""]","[""Targeted at below-poverty-line (BPL) and marginalized households."",""Requires registration under the State Health Insurance registry."",""Open to all age groups and demographics meeting income limits.""]","[""Aadhar Card"",""Ration Card"",""Medical Reports""]",5000,"₹5,000 Support",,,,,,[],,,,,All,0,100,250000,"[""General"",""OBC"",""SC"",""ST""]",Both,Ongoing,Active,,"[""health"",""medical"",""insurance""]",0,85f6557b-2155-44a7-ac7e-bcb45a5f5bf3,2026-07-25 08:34:57.837,2026-07-25T08:53:09.509374
e8dd788d-8462-4152-a884-5fa281fdf15e,National Quantum Mission,Ministry of Electronics and IT,"The National Quantum Mission is a signature government initiative designed to revolutionize the Technology sector by providing targeted support to citizens across the nation. This comprehensive scheme is built on the pillars of accessibility, transparency, and impact, ensuring that the benefits reach every eligible individual at the last mile. 
 
Historically, individuals in the Technology domain have faced significant systemic hurdles, ranging from high costs of entry to limited resources for growth. The National Quantum Mission addresses these root causes by offering a multi-faceted approach. Whether it's through direct financial transfers, subsidized services, or infrastructure support, the scheme creates a robust safety net that empowers beneficiaries to achieve their potential.
 
At its core, the National Quantum Mission is about accelerating quantum technology-led economic growth in India. This means not just providing a one-time relief, but building a sustainable ecosystem where individuals can thrive. Driving the Digital India vision, this scheme fosters high-tech R&D and digital infrastructure. The scheme's Technology orientation ensures that it is tailored to the specific local needs of diverse demographic groups.
 
Furthermore, the implementation of National Quantum Mission leverages state-of-the-art digital infrastructure, such as the Direct Benefit Transfer (DBT) mechanism and Aadhaar-linked verification, to eliminate leakages and minimize bureaucratic delays. Ap",Technology,Scheme,Central,"[""Infrastructure support, design incentives, and R&D grants""]","[""Researchers, tech startups, and electronics manufacturing units""]","[""Project Proposal"",""Company Registration"",""Technical Certifications""]",5000000,"₹50,00,000 Support",,,,,,[],,,,,All,18,60,,"[""General"",""OBC"",""SC"",""ST""]",Both,Ongoing,Active,,"[""technology"",""digital"",""innovation"",""it""]",0,85f6557b-2155-44a7-ac7e-bcb45a5f5bf3,2026-07-25 08:34:57.837,2026-07-25T08:53:09.509390
ea497576-c773-43de-8d5d-4fee9a38822e,PM SVANidhi,Ministry of MSME,"The PM SVANidhi is a signature government initiative designed to revolutionize the Business sector by providing targeted support to citizens across the nation. This comprehensive scheme is built on the pillars of accessibility, transparency, and impact, ensuring that the benefits reach every eligible individual at the last mile. 
 
Historically, individuals in the Business domain have faced significant systemic hurdles, ranging from high costs of entry to limited resources for growth. The PM SVANidhi addresses these root causes by offering a multi-faceted approach. Whether it's through direct financial transfers, subsidized services, or infrastructure support, the scheme creates a robust safety net that empowers beneficiaries to achieve their potential.
 
At its core, the PM SVANidhi is about offering working capital loans to street vendors to resume their livelihoods. This means not just providing a one-time relief, but building a sustainable ecosystem where individuals can thrive. Empowering entrepreneurs and startups, this program drives economic growth and industrial innovation. The scheme's Business orientation ensures that it is tailored to the specific local needs of diverse demographic groups.
 
Furthermore, the implementation of PM SVANidhi leverages state-of-the-art digital infrastructure, such as the Direct Benefit Transfer (DBT) mechanism and Aadhaar-linked verification, to eliminate leakages and minimize bureaucratic delays. Applicants can track their status in r",Business,Loan,Central,"[""Collateral-free low-interest working capital and term loans."",""Interest subvention benefits for prompt repayment cycles."",""Capital subsidy on project establishment costs.""]","[""Artisans, micro-business owners, startups, or SC/ST/Women entrepreneurs."",""Requires a viable business project report and proof of activity."",""Age limit: 18 to 65 years at the time of application.""]","[""GST Certificate"",""Pancard"",""Project Report""]",1000000,"₹10,00,000 Support",,,,,,[],,,,,All,18,65,,"[""General"",""OBC"",""SC"",""ST""]",Both,Ongoing,Active,https://pmsvanidhi.mohua.gov.in/,"[""business"",""msme"",""entrepreneur"",""startup""]",0,85f6557b-2155-44a7-ac7e-bcb45a5f5bf3,2026-07-25 08:34:57.837,2026-08-16T16:33:47.863868
ec3d0990-e36d-4520-b110-fe70f2880829,National Tuberculosis Elimination Program,Ministry of Health and Family Welfare,"The National Tuberculosis Elimination Program is a signature government initiative designed to revolutionize the Healthcare sector by providing targeted support to citizens across the nation. This comprehensive scheme is built on the pillars of accessibility, transparency, and impact, ensuring that the benefits reach every eligible individual at the last mile. 
 
Historically, individuals in the Healthcare domain have faced significant systemic hurdles, ranging from high costs of entry to limited resources for growth. The National Tuberculosis Elimination Program addresses these root causes by offering a multi-faceted approach. Whether it's through direct financial transfers, subsidized services, or infrastructure support, the scheme creates a robust safety net that empowers beneficiaries to achieve their potential.
 
At its core, the National Tuberculosis Elimination Program is about striving to end TB in India through free diagnosis and treatment. This means not just providing a one-time relief, but building a sustainable ecosystem where individuals can thrive. This initiative prioritizes public health outcomes, medical equity, and the strengthening of clinical infrastructure. The scheme's Healthcare orientation ensures that it is tailored to the specific local needs of diverse demographic groups.
 
Furthermore, the implementation of National Tuberculosis Elimination Program leverages state-of-the-art digital infrastructure, such as the Direct Benefit Transfer (DBT) mechani",Healthcare,Scheme,Central,"[""Free diagnostic services and clinical treatments at empanelled centers."",""Coverage for secondary and tertiary hospitalization expenses."",""Subsidized post-hospitalization medication and follow-ups.""]","[""Targeted at below-poverty-line (BPL) and marginalized households."",""Requires registration under the State Health Insurance registry."",""Open to all age groups and demographics meeting income limits.""]","[""Aadhar Card"",""Ration Card"",""Medical Reports""]",5000,"₹5,000 Support",,,,,,[],,,,,All,0,100,250000,"[""General"",""OBC"",""SC"",""ST""]",Both,Ongoing,Active,,"[""health"",""medical"",""insurance""]",0,85f6557b-2155-44a7-ac7e-bcb45a5f5bf3,2026-07-25 08:34:57.837,2026-07-25T08:53:09.509425
ec9c84c0-4ceb-437f-ae4d-a3b404fd28f3,HUDA Affordable Housing,Ministry of Housing and Urban Affairs,"The HUDA Affordable Housing is a signature government initiative designed to revolutionize the Housing sector by providing targeted support to citizens across the nation. This comprehensive scheme is built on the pillars of accessibility, transparency, and impact, ensuring that the benefits reach every eligible individual at the last mile. 
 
Historically, individuals in the Housing domain have faced significant systemic hurdles, ranging from high costs of entry to limited resources for growth. The HUDA Affordable Housing addresses these root causes by offering a multi-faceted approach. Whether it's through direct financial transfers, subsidized services, or infrastructure support, the scheme creates a robust safety net that empowers beneficiaries to achieve their potential.
 
At its core, the HUDA Affordable Housing is about facilitating residential plots and flats in Haryana at controlled prices. This means not just providing a one-time relief, but building a sustainable ecosystem where individuals can thrive. Aimed at providing dignity through shelter, this project focuses on affordable residential development. The scheme's Housing orientation ensures that it is tailored to the specific local needs of diverse demographic groups.
 
Furthermore, the implementation of HUDA Affordable Housing leverages state-of-the-art digital infrastructure, such as the Direct Benefit Transfer (DBT) mechanism and Aadhaar-linked verification, to eliminate leakages and minimize bureaucratic del",Housing,Subsidy,Haryana,"[""Financial grant for building or renovating a pucca house."",""Interest subsidy on housing bank loans under credit-linked schemes."",""Sanitation grant for building household toilets.""]","[""Must not own any pucca house in India under any family member's name."",""Belongs to Economically Weaker Section (EWS) or Low Income Group (LIG)."",""Geographic target: Eligible rural and urban municipal areas.""]","[""Income Certificate"",""Land Registry"",""Aadhar Card""]",250000,"₹2,50,000 Subsidy",,,,,,[],,,,,All,18,70,600000,"[""General"",""OBC"",""SC"",""ST""]",Both,Ongoing,Active,,"[""housing"",""home"",""subsidy"",""construction""]",0,85f6557b-2155-44a7-ac7e-bcb45a5f5bf3,2026-07-25 08:34:57.837,2026-07-25T08:53:09.509442
ed328734-840f-4170-9c48-3f2d66ea5d4e,National Disability Pension Scheme,Ministry of Social Justice and Empowerment,"The National Disability Pension Scheme is a signature government initiative designed to revolutionize the Social Welfare sector by providing targeted support to citizens across the nation. This comprehensive scheme is built on the pillars of accessibility, transparency, and impact, ensuring that the benefits reach every eligible individual at the last mile. 
 
Historically, individuals in the Social Welfare domain have faced significant systemic hurdles, ranging from high costs of entry to limited resources for growth. The National Disability Pension Scheme addresses these root causes by offering a multi-faceted approach. Whether it's through direct financial transfers, subsidized services, or infrastructure support, the scheme creates a robust safety net that empowers beneficiaries to achieve their potential.
 
At its core, the National Disability Pension Scheme is about offering monthly financial support to persons with severe disabilities. This means not just providing a one-time relief, but building a sustainable ecosystem where individuals can thrive. Serving the most vulnerable, this program ensures social justice, pensions, and basic safety nets. The scheme's Social Welfare orientation ensures that it is tailored to the specific local needs of diverse demographic groups.
 
Furthermore, the implementation of National Disability Pension Scheme leverages state-of-the-art digital infrastructure, such as the Direct Benefit Transfer (DBT) mechanism and Aadhaar-linked verific",Social Welfare,Scheme,Central,"[""Direct financial support, food security, and social protection""]","[""BPL families, senior citizens, widows, and persons with disabilities""]","[""BPL Card"",""Aadhar Card"",""Disability/Death Certificate""]",2000,"₹2,000 Support",,,,,,[],,,,,All,0,100,100000,"[""General"",""OBC"",""SC"",""ST""]",Both,Ongoing,Active,,"[""social"",""welfare"",""pension"",""poor""]",0,85f6557b-2155-44a7-ac7e-bcb45a5f5bf3,2026-07-25 08:34:57.837,2026-07-25T08:53:09.509460
f33f4244-4ecf-4069-895e-8bb989258615,Prime Minister's Research Fellowship (PMRF),Ministry of Education,"The Prime Minister's Research Fellowship (PMRF) is a signature government initiative designed to revolutionize the Education sector by providing targeted support to citizens across the nation. This comprehensive scheme is built on the pillars of accessibility, transparency, and impact, ensuring that the benefits reach every eligible individual at the last mile. 
 
Historically, individuals in the Education domain have faced significant systemic hurdles, ranging from high costs of entry to limited resources for growth. The Prime Minister's Research Fellowship (PMRF) addresses these root causes by offering a multi-faceted approach. Whether it's through direct financial transfers, subsidized services, or infrastructure support, the scheme creates a robust safety net that empowers beneficiaries to achieve their potential.
 
At its core, the Prime Minister's Research Fellowship (PMRF) is about attracting high-quality researchers to doctoral programs with massive stipends. This means not just providing a one-time relief, but building a sustainable ecosystem where individuals can thrive. The focus remains on academic excellence, student empowerment, and the removal of financial barriers to learning. The scheme's Education orientation ensures that it is tailored to the specific local needs of diverse demographic groups.
 
Furthermore, the implementation of Prime Minister's Research Fellowship (PMRF) leverages state-of-the-art digital infrastructure, such as the Direct Benefit Transfe",Education,Scheme,Central,"[""Full tuition fee waiver or academic scholarship grant."",""Monthly maintenance stipend for books, materials, and living costs."",""Additional allowances for disabled students (if applicable).""]","[""Must be an active student enrolled in a registered institution."",""Minimum academic score of 60% in the qualifying examination."",""Annual family income must be under ₹6,00,000.""]","[""Aadhar Card"",""Mark Sheets"",""Income Certificate""]",50000,"₹50,000 Scholarship/yr",,,,,,[],,,,,All,15,30,600000,"[""OBC"",""SC"",""ST""]",Both,Ongoing,Active,,"[""education"",""scholarship"",""student""]",0,85f6557b-2155-44a7-ac7e-bcb45a5f5bf3,2026-07-25 08:34:57.837,2026-07-25T08:53:09.509477
f9d6d9f8-0cb6-497a-9040-0f550f055f03,Mission Indradhanush,Ministry of Health and Family Welfare,"The Mission Indradhanush is a signature government initiative designed to revolutionize the Healthcare sector by providing targeted support to citizens across the nation. This comprehensive scheme is built on the pillars of accessibility, transparency, and impact, ensuring that the benefits reach every eligible individual at the last mile. 
 
Historically, individuals in the Healthcare domain have faced significant systemic hurdles, ranging from high costs of entry to limited resources for growth. The Mission Indradhanush addresses these root causes by offering a multi-faceted approach. Whether it's through direct financial transfers, subsidized services, or infrastructure support, the scheme creates a robust safety net that empowers beneficiaries to achieve their potential.
 
At its core, the Mission Indradhanush is about ensuring full immunization coverage for children and pregnant women. This means not just providing a one-time relief, but building a sustainable ecosystem where individuals can thrive. This initiative prioritizes public health outcomes, medical equity, and the strengthening of clinical infrastructure. The scheme's Healthcare orientation ensures that it is tailored to the specific local needs of diverse demographic groups.
 
Furthermore, the implementation of Mission Indradhanush leverages state-of-the-art digital infrastructure, such as the Direct Benefit Transfer (DBT) mechanism and Aadhaar-linked verification, to eliminate leakages and minimize bureaucrat",Healthcare,Scheme,Central,"[""Free diagnostic services and clinical treatments at empanelled centers."",""Coverage for secondary and tertiary hospitalization expenses."",""Subsidized post-hospitalization medication and follow-ups.""]","[""Targeted at below-poverty-line (BPL) and marginalized households."",""Requires registration under the State Health Insurance registry."",""Open to all age groups and demographics meeting income limits.""]","[""Aadhar Card"",""Ration Card"",""Medical Reports""]",5000,"₹5,000 Support",,,,,,[],,,,,All,0,100,250000,"[""ST""]",Both,Ongoing,Active,https://nhm.gov.in/,"[""health"",""medical"",""insurance""]",0,85f6557b-2155-44a7-ac7e-bcb45a5f5bf3,2026-07-25 08:34:57.837,2026-08-16T16:33:47.863873
fa7af062-325f-4cb7-a0a3-95face5395e8,Antyodaya Anna Yojana,Ministry of Social Justice and Empowerment,"The Antyodaya Anna Yojana is a signature government initiative designed to revolutionize the Social Welfare sector by providing targeted support to citizens across the nation. This comprehensive scheme is built on the pillars of accessibility, transparency, and impact, ensuring that the benefits reach every eligible individual at the last mile. 
 
Historically, individuals in the Social Welfare domain have faced significant systemic hurdles, ranging from high costs of entry to limited resources for growth. The Antyodaya Anna Yojana addresses these root causes by offering a multi-faceted approach. Whether it's through direct financial transfers, subsidized services, or infrastructure support, the scheme creates a robust safety net that empowers beneficiaries to achieve their potential.
 
At its core, the Antyodaya Anna Yojana is about providing highly subsidized food grains to the poorest of the poor. This means not just providing a one-time relief, but building a sustainable ecosystem where individuals can thrive. Serving the most vulnerable, this program ensures social justice, pensions, and basic safety nets. The scheme's Social Welfare orientation ensures that it is tailored to the specific local needs of diverse demographic groups.
 
Furthermore, the implementation of Antyodaya Anna Yojana leverages state-of-the-art digital infrastructure, such as the Direct Benefit Transfer (DBT) mechanism and Aadhaar-linked verification, to eliminate leakages and minimize bureaucratic d",Social Welfare,Scheme,Central,"[""Direct financial support, food security, and social protection""]","[""BPL families, senior citizens, widows, and persons with disabilities""]","[""BPL Card"",""Aadhar Card"",""Disability/Death Certificate""]",2000,"₹2,000 Support",,,,,,[],,,,,All,0,100,100000,"[""OBC"",""ST""]",Both,Ongoing,Active,https://nfsa.gov.in/,"[""social"",""welfare"",""pension"",""poor""]",0,85f6557b-2155-44a7-ac7e-bcb45a5f5bf3,2026-07-25 08:34:57.837,2026-08-16T16:33:47.863875
faaf514c-574e-4745-8ae8-76d78e3e5ef3,One Nation One Ration Card,Ministry of Social Justice and Empowerment,"The One Nation One Ration Card is a signature government initiative designed to revolutionize the Social Welfare sector by providing targeted support to citizens across the nation. This comprehensive scheme is built on the pillars of accessibility, transparency, and impact, ensuring that the benefits reach every eligible individual at the last mile. 
 
Historically, individuals in the Social Welfare domain have faced significant systemic hurdles, ranging from high costs of entry to limited resources for growth. The One Nation One Ration Card addresses these root causes by offering a multi-faceted approach. Whether it's through direct financial transfers, subsidized services, or infrastructure support, the scheme creates a robust safety net that empowers beneficiaries to achieve their potential.
 
At its core, the One Nation One Ration Card is about allowing migrants to claim food grains from any fair price shop in India. This means not just providing a one-time relief, but building a sustainable ecosystem where individuals can thrive. Serving the most vulnerable, this program ensures social justice, pensions, and basic safety nets. The scheme's Social Welfare orientation ensures that it is tailored to the specific local needs of diverse demographic groups.
 
Furthermore, the implementation of One Nation One Ration Card leverages state-of-the-art digital infrastructure, such as the Direct Benefit Transfer (DBT) mechanism and Aadhaar-linked verification, to eliminate leakages a",Social Welfare,Scheme,Central,"[""Direct financial support, food security, and social protection""]","[""BPL families, senior citizens, widows, and persons with disabilities""]","[""BPL Card"",""Aadhar Card"",""Disability/Death Certificate""]",2000,"₹2,000 Support",,,,,,[],,,,,All,0,100,100000,"[""General"",""OBC"",""SC""]",Both,Ongoing,Active,https://nfsa.gov.in/,"[""social"",""welfare"",""pension"",""poor""]",0,85f6557b-2155-44a7-ac7e-bcb45a5f5bf3,2026-07-25 08:34:57.837,2026-08-16T16:33:47.863878
fbef9545-8067-422a-80b3-0612745cef23,National Health Mission,Ministry of Health and Family Welfare,"The National Health Mission is a signature government initiative designed to revolutionize the Healthcare sector by providing targeted support to citizens across the nation. This comprehensive scheme is built on the pillars of accessibility, transparency, and impact, ensuring that the benefits reach every eligible individual at the last mile. 
 
Historically, individuals in the Healthcare domain have faced significant systemic hurdles, ranging from high costs of entry to limited resources for growth. The National Health Mission addresses these root causes by offering a multi-faceted approach. Whether it's through direct financial transfers, subsidized services, or infrastructure support, the scheme creates a robust safety net that empowers beneficiaries to achieve their potential.
 
At its core, the National Health Mission is about strengthening rural and urban health systems across India. This means not just providing a one-time relief, but building a sustainable ecosystem where individuals can thrive. This initiative prioritizes public health outcomes, medical equity, and the strengthening of clinical infrastructure. The scheme's Healthcare orientation ensures that it is tailored to the specific local needs of diverse demographic groups.
 
Furthermore, the implementation of National Health Mission leverages state-of-the-art digital infrastructure, such as the Direct Benefit Transfer (DBT) mechanism and Aadhaar-linked verification, to eliminate leakages and minimize bureaucr",Healthcare,Scheme,Central,"[""Free diagnostic services and clinical treatments at empanelled centers."",""Coverage for secondary and tertiary hospitalization expenses."",""Subsidized post-hospitalization medication and follow-ups.""]","[""Targeted at below-poverty-line (BPL) and marginalized households."",""Requires registration under the State Health Insurance registry."",""Open to all age groups and demographics meeting income limits.""]","[""Aadhar Card"",""Ration Card"",""Medical Reports""]",5000,"₹5,000 Support",,,,,,[],,,,,All,0,100,250000,"[""General"",""OBC"",""SC"",""ST""]",Both,Ongoing,Active,https://nhm.gov.in/,"[""health"",""medical"",""insurance""]",0,85f6557b-2155-44a7-ac7e-bcb45a5f5bf3,2026-07-25 08:34:57.837,2026-08-16T16:33:47.863880
fe3e6170-fbdc-45be-91d4-179bcd898a23,Kishore Vaigyanik Protsahan Yojana (KVPY),Ministry of Education,"The Kishore Vaigyanik Protsahan Yojana (KVPY) is a signature government initiative designed to revolutionize the Education sector by providing targeted support to citizens across the nation. This comprehensive scheme is built on the pillars of accessibility, transparency, and impact, ensuring that the benefits reach every eligible individual at the last mile. 
 
Historically, individuals in the Education domain have faced significant systemic hurdles, ranging from high costs of entry to limited resources for growth. The Kishore Vaigyanik Protsahan Yojana (KVPY) addresses these root causes by offering a multi-faceted approach. Whether it's through direct financial transfers, subsidized services, or infrastructure support, the scheme creates a robust safety net that empowers beneficiaries to achieve their potential.
 
At its core, the Kishore Vaigyanik Protsahan Yojana (KVPY) is about identifying and nurturing early scientific talent through fellowships. This means not just providing a one-time relief, but building a sustainable ecosystem where individuals can thrive. The focus remains on academic excellence, student empowerment, and the removal of financial barriers to learning. The scheme's Education orientation ensures that it is tailored to the specific local needs of diverse demographic groups.
 
Furthermore, the implementation of Kishore Vaigyanik Protsahan Yojana (KVPY) leverages state-of-the-art digital infrastructure, such as the Direct Benefit Transfer (DBT) mechanism",Education,Scheme,Central,"[""Full tuition fee waiver or academic scholarship grant."",""Monthly maintenance stipend for books, materials, and living costs."",""Additional allowances for disabled students (if applicable).""]","[""Must be an active student enrolled in a registered institution."",""Minimum academic score of 60% in the qualifying examination."",""Annual family income must be under ₹6,00,000.""]","[""Aadhar Card"",""Mark Sheets"",""Income Certificate""]",50000,"₹50,000 Scholarship/yr",,,,,,[],,,,,All,15,30,600000,"[""General"",""OBC"",""SC"",""ST""]",Both,Ongoing,Active,https://www.kvpy.iisc.ac.in/ (now integrated with INSPIRE),"[""education"",""scholarship"",""student""]",0,85f6557b-2155-44a7-ac7e-bcb45a5f5bf3,2026-07-25 08:34:57.837,2026-08-16T16:33:47.863882
e0a8d775-de3c-4cac-bb16-5a47c88e6738,Pradhan Mantri Mudra Yojana (PMMY),Ministry of Finance / SIDBI,"Pradhan Mantri Mudra Yojana provides collateral-free loans up to ₹10 lakh to non-corporate, non-farm small and micro enterprises. Loans are classified as Shishu (up to ₹50,000), Kishore (₹50,001 to ₹5 lakh) and Tarun (₹5 lakh to ₹10 lakh). The scheme aims to fund the unfunded and promote entrepreneurship among youth, women and weaker sections.",Business,Loan,Central,"[""Collateral-free loans up to ₹10 lakh"",""Three categories: Shishu, Kishore, Tarun"",""Support for working capital and term loan needs"",""No processing fee in many cases for small loans"",""Helps build formal credit history""]","[""Any Indian citizen with a viable business plan for non-farm income generating activity"",""Existing or new micro/small enterprise"",""Age generally 18 years and above"",""Must not be a defaulter of any bank or financial institution"",""Who is NOT eligible: Corporate entities and large enterprises""]","[""Aadhaar Card"",""PAN Card"",""Business plan / project report"",""Proof of identity and address"",""Bank account details"",""Passport size photographs""]",1000000,Up to ₹10 Lakh Collateral-Free Loan,8.5,60,false,6,0.0,"[""State Bank of India"",""Punjab National Bank"",""Bank of Baroda"",""HDFC Bank"",""ICICI Bank"",""All Public & Private Sector Banks""]",,,,,All,18,65,,"[""General"",""OBC"",""SC"",""ST""]",Both,Ongoing,Active,https://www.mudra.org.in/,"[""mudra"",""loan"",""micro enterprise"",""shishu"",""kishore"",""tarun"",""collateral free""]",0,,2026-07-25T08:53:09.509651,2026-07-25T08:53:09.509653
1370f374-51a4-4ef5-a417-4ad90b70e564,Stand-Up India Scheme,Ministry of Finance / Department of Financial Services,"Stand-Up India Scheme facilitates bank loans between ₹10 lakh and ₹1 crore to at least one Scheduled Caste (SC) or Scheduled Tribe (ST) borrower and at least one woman borrower per bank branch for setting up a greenfield enterprise in manufacturing, services or trading sector. The scheme aims to promote entrepreneurship among SC/ST and women.",Business,Loan,Central,"[""Bank loans from ₹10 lakh to ₹1 crore"",""Composite loan (term loan + working capital)"",""Margin money support up to 25% through eligible schemes"",""Handholding support for project preparation and documentation"",""Credit guarantee cover available""]","[""SC or ST entrepreneur or Woman entrepreneur (18 years and above)"",""Greenfield project only (first time venture)"",""Enterprise in manufacturing, services or trading"",""Borrower should not be in default to any bank/financial institution"",""Who is NOT eligible: Existing enterprises and non-SC/ST/non-women borrowers for the reserved category""]","[""Aadhaar Card"",""Caste Certificate (for SC/ST)"",""Project report"",""Proof of identity and address"",""Bank statements"",""Business registration documents if any""]",10000000,₹10 Lakh to ₹1 Crore Loan for SC/ST/Women,9.0,84,false,12,0.0,"[""All Scheduled Commercial Banks""]",,,,,All,18,65,,"[""SC"",""ST""]",Both,Ongoing,Active,https://www.standupmitra.in/,"[""stand up india"",""sc st women"",""loan"",""greenfield"",""entrepreneurship""]",0,,2026-07-25T08:53:09.509676,2026-07-25T08:53:09.509677
ab300a84-2432-49f9-af93-db46be93ceae,PM Street Vendor's AtmaNirbhar Nidhi (PM SVANidhi),Ministry of Housing and Urban Affairs,PM SVANidhi is a micro-credit scheme for street vendors to provide affordable working capital loans. It offers collateral-free loans in three tranches with interest subsidy on timely repayment and incentives for digital transactions. The scheme aims to formalize street vendors and help them resume livelihoods.,Business,Loan,Central,"[""1st tranche up to ₹10,000, 2nd up to ₹20,000, 3rd up to ₹50,000"",""Interest subsidy of 7% per annum on timely repayment"",""Cashback up to ₹1,200 per year for digital transactions"",""No collateral required"",""Credit history building""]","[""Street vendors operating in urban areas including Census Towns"",""Vendors identified in ULB survey or possessing Certificate of Vending"",""Age 18 years and above"",""Must have been vending on or before 24 March 2020 or identified under Street Vendors Act"",""Who is NOT eligible: Vendors in pure rural areas outside Census Towns (in most cases)""]","[""Aadhaar Card"",""Vending Certificate or ULB Identity Card"",""Bank Account details"",""Passport size photograph""]",50000,"Up to ₹50,000 Collateral-Free + 7% Interest Subsidy",12.0,24,false,0,7.0,"[""Scheduled Commercial Banks"",""Regional Rural Banks"",""Cooperative Banks"",""NBFCs"",""MFIs""]",,,,,All,18,,,"[""General"",""OBC"",""SC"",""ST""]",Urban,Ongoing,Active,https://pmsvanidhi.mohua.gov.in/,"[""pm svanidhi"",""street vendor"",""micro credit"",""interest subsidy"",""urban""]",0,,2026-07-25T08:53:09.509697,2026-07-25T08:53:09.509698
11261498-531e-4a04-9192-7a1e791f52df,Prime Minister's Employment Generation Programme (PMEGP),"Ministry of Micro, Small and Medium Enterprises",PMEGP is a credit-linked subsidy scheme for generating self-employment opportunities through establishment of micro-enterprises in the non-farm sector. It provides margin money subsidy on bank loans for new projects in manufacturing and service sectors.,Business,Loan,Central,"[""Margin money subsidy 15-35% of project cost"",""Higher subsidy for special categories and rural/NE areas"",""Bank loan for remaining project cost"",""Project cost up to ₹50 lakh (manufacturing) / ₹20 lakh (service)"",""EDP training support""]","[""Any individual above 18 years"",""For higher project cost, minimum 8th standard pass"",""Only new units eligible"",""Institutions, cooperative societies and trusts also eligible under conditions"",""Who is NOT eligible: Existing units and those already availing other government subsidies for the same purpose""]","[""Aadhaar Card"",""PAN Card"",""Project Report"",""Caste Certificate if applicable"",""Educational certificate"",""Bank Account details""]",5000000,15-35% Margin Money Subsidy + Bank Loan,11.0,84,false,12,0.0,"[""All Public Sector Banks"",""Regional Rural Banks"",""Cooperative Banks""]",,,,,All,18,,,"[""General"",""OBC"",""SC"",""ST""]",Both,Ongoing,Active,https://www.kviconline.gov.in/pmegpeportal/,"[""pmegp"",""margin money"",""subsidy"",""micro enterprise"",""self employment""]",0,,2026-07-25T08:53:09.509711,2026-07-25T08:53:09.509712
14745812-104d-4be3-8542-4df6c069c622,PM Surya Ghar: Muft Bijli Yojana,Ministry of New and Renewable Energy,PM Surya Ghar Muft Bijli Yojana aims to provide free electricity to households by promoting installation of rooftop solar panels. The government provides substantial subsidy for solar rooftop systems so that households can generate their own electricity and reduce electricity bills.,Energy,Subsidy,Central,"[""Subsidy up to 60% for systems up to 2 kW and 40% for additional capacity up to 3 kW"",""Free electricity up to certain units after installation"",""Reduced electricity bills"",""Additional income possible through surplus power sale"",""Environmental benefits and energy independence""]","[""Residential households with suitable rooftop space"",""Must have a valid electricity connection"",""Applicant should own the house or have consent"",""System must be installed by empanelled vendors"",""Who is NOT eligible: Commercial and industrial consumers for the household subsidy component""]","[""Aadhaar Card"",""Electricity bill"",""Proof of ownership / consent letter"",""Bank Account details"",""Photograph of rooftop""]",78000,Up to 60% Subsidy on Rooftop Solar,,,,,,[],60.0,78000,true,true,All,18,,,"[""General"",""OBC"",""SC"",""ST""]",Both,Ongoing,Active,https://pmsuryaghar.gov.in/,"[""solar"",""rooftop"",""pm surya ghar"",""muft bijli"",""subsidy"",""renewable""]",0,,2026-07-25T08:53:09.509725,2026-07-25T08:53:09.509726
28a53c71-61a3-40ca-bb01-f8ce7afda0ae,FAME-II Scheme (Faster Adoption and Manufacturing of Electric Vehicles),Ministry of Heavy Industries,"FAME India Scheme Phase II provides demand incentives (subsidy) for purchase of electric vehicles (2-wheelers, 3-wheelers, 4-wheelers and buses) to promote faster adoption of electric mobility and reduce dependence on fossil fuels.",Business,Subsidy,Central,"[""Demand incentive / subsidy on electric two-wheelers, three-wheelers and four-wheelers"",""Subsidy amount depends on battery capacity (₹ per kWh)"",""Support for electric buses under public transport"",""Promotion of charging infrastructure"",""Reduced upfront cost of EVs""]","[""Indian citizens purchasing eligible electric vehicles"",""Vehicle must be registered and meet FAME-II eligibility criteria (local content etc.)"",""Purchase from registered dealers"",""Who is NOT eligible: Vehicles not meeting localization and technical criteria under the scheme""]","[""Aadhaar Card"",""Vehicle invoice"",""Registration documents"",""Bank Account details for DBT if applicable""]",150000,EV Purchase Subsidy (FAME-II),,,,,,[],40.0,150000,false,true,All,18,,,"[""General"",""OBC"",""SC"",""ST""]",Both,Ongoing,Active,https://fame2.heavyindustries.gov.in/,"[""fame"",""electric vehicle"",""ev subsidy"",""two wheeler"",""four wheeler""]",0,,2026-07-25T08:53:09.509739,2026-07-25T08:53:09.509740
1977ff2f-7a5a-4f49-b735-8ce9e2f1d66b,Sub-Mission on Agricultural Mechanization (SMAM),Ministry of Agriculture and Farmers Welfare,"SMAM provides financial assistance / subsidy to farmers for procurement of agricultural machinery and equipment to increase mechanization, reduce drudgery and improve productivity, especially for small and marginal farmers.",Agriculture,Subsidy,Central,"[""Subsidy on purchase of tractors, power tillers, and other farm machinery"",""Higher subsidy rates for SC/ST, small & marginal farmers and women"",""Support for custom hiring centres and farm machinery banks"",""Training and demonstration of equipment"",""Reduced cost of mechanization for farmers""]","[""All farmers, with priority to small and marginal farmers"",""SC/ST and women farmers get higher subsidy rates"",""Must purchase from approved sources as per state guidelines"",""Who is NOT eligible: Non-farmers and those already availing similar subsidy for the same machine in recent years (state-specific)""]","[""Aadhaar Card"",""Land records / cultivation proof"",""Bank Account details"",""Quotation from supplier"",""Caste certificate if claiming higher rate""]",150000,Subsidy on Farm Machinery & Equipment,,,,,,[],50.0,150000,true,true,All,18,,,"[""General"",""OBC"",""SC"",""ST""]",Rural,Ongoing,Active,https://agrimachinery.nic.in/,"[""smam"",""farm machinery"",""tractor subsidy"",""mechanization"",""agriculture""]",0,,2026-07-25T08:53:09.509751,2026-07-25T08:53:09.509752
f2eef92c-f800-43cb-9cba-fe51e7eb6a80,Credit Linked Capital Subsidy Scheme (CLCSS) / Technology Upgradation,"Ministry of Micro, Small and Medium Enterprises","Provides capital subsidy to Micro and Small Enterprises for technology upgradation by induction of well-established and improved technologies. Helps MSEs improve productivity, quality and competitiveness.",Business,Subsidy,Central,"[""15% capital subsidy on institutional finance for plant & machinery"",""Maximum subsidy ceiling of ₹15 lakh per unit"",""Supports technology upgradation in approved sub-sectors"",""Improves competitiveness of MSEs""]","[""Existing or new Micro and Small Enterprises"",""Must avail term loan from eligible financial institutions for technology upgradation"",""Products/sub-sectors must be in the approved list"",""Who is NOT eligible: Medium and large enterprises""]","[""Udyam Registration"",""Project report / quotations"",""Term loan sanction letter"",""Aadhaar and PAN of promoters""]",1500000,15% Capital Subsidy up to ₹15 Lakh,,,,,,[],15.0,1500000,false,false,All,18,,,"[""General"",""OBC"",""SC"",""ST""]",Both,Ongoing,Active,https://www.dcmsme.gov.in/,"[""clcss"",""technology upgradation"",""capital subsidy"",""msme"",""plant machinery""]",0,,2026-07-25T08:53:09.509762,2026-07-25T08:53:09.509763
4afa0700-ed8d-4c0a-bf12-c11b3abc9107,Ayushman Bharat - Pradhan Mantri Jan Arogya Yojana (PM-JAY),Ministry of Health and Family Welfare,Ayushman Bharat PM-JAY is the world's largest health assurance scheme providing health cover of ₹5 lakh per family per year for secondary and tertiary care hospitalization to over 12 crore poor and vulnerable families.,Healthcare,Scheme,Central,"[""Health cover of ₹5 lakh per family per year"",""Cashless and paperless treatment at empaneled hospitals"",""Covers pre and post hospitalization expenses"",""No restriction on family size or age"",""Covers over 1900 procedures""]","[""Families identified as per SECC 2011 data and state-specific criteria"",""Automatically included categories such as destitute, manual scavengers etc."",""No restriction on family size, age or gender"",""Who is NOT eligible: Families not meeting SECC/state inclusion criteria and those already covered under other government schemes in some states""]","[""Aadhaar Card"",""Ration Card / SECC verification"",""PM-JAY e-Card if issued""]",500000,₹5 Lakh Health Cover per Family,,,,,,[],,,,,All,,,,"[""General"",""OBC"",""SC"",""ST""]",Both,Ongoing,Active,https://pmjay.gov.in/,"[""ayushman bharat"",""pmjay"",""health insurance"",""5 lakh"",""hospitalization""]",0,,2026-07-25T08:53:09.509776,2026-07-25T08:53:09.509777
f10704c3-dffb-47eb-b755-aed53e0208b7,National Means-cum-Merit Scholarship Scheme (NMMSS),Ministry of Education,NMMSS provides scholarships to meritorious students of economically weaker sections to prevent drop-outs at class VIII and encourage them to continue studies at secondary stage.,Education,Scheme,Central,"[""Scholarship of ₹12,000 per annum (₹1,000 per month)"",""Awarded from Class IX to XII"",""Helps meritorious poor students continue education"",""Direct Benefit Transfer to student bank account""]","[""Students studying in Class VIII in government or government-aided schools"",""Must have secured at least 55% marks (relaxable for reserved categories)"",""Parental income not exceeding ₹3.5 lakh per annum"",""Must pass the state-level selection test"",""Who is NOT eligible: Students of private unaided schools and those already receiving other scholarships""]","[""Aadhaar Card"",""Income Certificate"",""Mark sheet of Class VIII"",""Bank Account details"",""Caste certificate if applicable""]",12000,"₹12,000 per year Scholarship (Class IX-XII)",,,,,,[],,,,,All,13,18,350000,"[""General"",""OBC"",""SC"",""ST""]",Both,Ongoing,Active,https://scholarships.gov.in/,"[""nmmss"",""scholarship"",""means cum merit"",""secondary education""]",0,,2026-07-25T08:53:09.509791,2026-07-25T08:53:09.509792
49c37533-2544-4f9e-a61e-a7dffb2a81fb,Pradhan Mantri Fasal Bima Yojana (PMFBY),Ministry of Agriculture and Farmers Welfare,PMFBY is a crop insurance scheme that provides comprehensive risk coverage to farmers against crop loss due to non-preventable natural risks. It aims to stabilize farm income and encourage modern agricultural practices.,Agriculture,Scheme,Central,"[""Insurance coverage for notified crops against natural calamities, pests and diseases"",""Low premium rates for farmers (2% Kharif, 1.5% Rabi, 5% horticulture)"",""Government subsidizes the remaining premium"",""Quick claim settlement using technology"",""Coverage from pre-sowing to post-harvest in many cases""]","[""All farmers (loanee and non-loanee) growing notified crops in notified areas"",""Sharecroppers and tenant farmers also eligible"",""Must enroll before the cut-off date for the season"",""Who is NOT eligible: Farmers growing non-notified crops or outside notified areas""]","[""Aadhaar Card"",""Land records or cultivation certificate (for non-loanee)"",""Bank Account details"",""Sowing declaration""]",,Crop Insurance at Low Premium (Govt Subsidized),,,,,,[],,,,,All,18,,,"[""General"",""OBC"",""SC"",""ST""]",Rural,Seasonal cut-off dates,Active,https://pmfby.gov.in/,"[""pmfby"",""crop insurance"",""farmer"",""premium subsidy"",""risk cover""]",0,,2026-07-25T08:53:09.509802,2026-07-25T08:53:09.509803
a244bf1b-d996-4e7d-b78d-f73c926e918f,Deen Dayal Upadhyaya Grameen Kaushalya Yojana (DDU-GKY),Ministry of Rural Development,"DDU-GKY is a skill development and placement linked program for rural poor youth. It provides free training, boarding & lodging (in residential programs), and placement support in wage employment.",Social Welfare,Scheme,Central,"[""Free skill training in industry-relevant trades"",""Boarding, lodging and transport support in residential programs"",""Placement in wage employment with minimum salary guarantee"",""Post-placement support"",""Focus on rural poor youth including SC/ST and women""]","[""Rural youth from poor households (as per SECC or state criteria)"",""Age 15-35 years (relaxed for special groups)"",""Must be willing to undergo training and take up placement"",""Who is NOT eligible: Urban youth and those above income criteria""]","[""Aadhaar Card"",""Proof of rural residence"",""Age proof"",""Bank Account details"",""Caste certificate if applicable""]",,Free Skill Training + Placement for Rural Youth,,,,,,[],,,,,All,15,35,,"[""General"",""OBC"",""SC"",""ST""]",Rural,Ongoing,Active,https://ddugky.gov.in/,"[""ddu-gky"",""skill development"",""rural youth"",""placement"",""training""]",0,,2026-07-25T08:53:09.509814,2026-07-25T08:53:09.509815
9f6b7e78-4e4e-499e-a9d1-2008d4e4f927,Credit Guarantee Fund Trust for Micro and Small Enterprises (CGTMSE),"Ministry of Micro, Small and Medium Enterprises / SIDBI",CGTMSE provides credit guarantee cover to banks and financial institutions so they can extend collateral-free and third-party guarantee-free loans to Micro and Small Enterprises. The guarantee cover helps reduce the risk for lenders and improves access to formal credit for MSMEs without requiring collateral. Coverage has been enhanced in recent years.,Business,Loan,Central,"[""Collateral-free loans facilitated through credit guarantee"",""Guarantee cover typically 75-85% depending on category and amount"",""Enables banks to lend more easily to MSMEs"",""Supports both term loans and working capital"",""Available for new and existing micro and small enterprises""]","[""Micro and Small Enterprises as per MSME definition"",""Must approach a Member Lending Institution (bank/NBFC)"",""Viable business proposal required"",""Who is NOT eligible: Medium and large enterprises, and cases where collateral is already fully available""]","[""Udyam Registration"",""Project report / business plan"",""KYC documents of promoters"",""Financial statements if existing unit"",""Bank account details""]",50000000,Collateral-Free Credit Guarantee up to Rs 5 Cr+,10.0,84,false,6,0.0,"[""Member Lending Institutions under CGTMSE"",""Public and Private Sector Banks"",""NBFCs""]",,,,,All,18,,,"[""General"",""OBC"",""SC"",""ST""]",Both,Ongoing,Active,https://www.cgtmse.in/,"[""cgtmse"",""credit guarantee"",""collateral free"",""msme loan"",""sidbi""]",0,,2026-08-15T05:40:38.558545,2026-08-15T05:40:38.558562
c67983ae-fef1-4f63-a02a-94e2f69ec731,Pradhan Mantri Vidyalaxmi Scheme (PM Vidyalaxmi),Ministry of Education / Department of Financial Services,PM Vidyalaxmi Scheme provides collateral-free and guarantor-free education loans to meritorious students admitted to top Quality Higher Educational Institutions (QHEIs). It includes interest subvention for students from families with annual income up to Rs 8 lakh. The scheme aims to ensure that financial constraints do not prevent talented students from pursuing higher education in premier institutions.,Education,Loan,Central,"[""Collateral-free and guarantor-free education loans"",""Interest subvention of 3% for eligible students (family income up to Rs 8 lakh) on loans up to Rs 10 lakh"",""Moratorium during course period plus one year"",""Long repayment tenure up to 15 years"",""Covers tuition and other education-related expenses""]","[""Meritorious students admitted to notified Quality Higher Educational Institutions"",""Family income criteria for interest subvention (up to Rs 8 lakh)"",""Indian citizen"",""Who is NOT eligible: Students not admitted to QHEIs under the scheme list and those already receiving full interest subsidy under other schemes""]","[""Aadhaar Card"",""Admission letter from QHEI"",""Income Certificate"",""Mark sheets"",""Bank Account details"",""Passport size photographs""]",1000000,Collateral-Free Education Loan + 3% Interest Subvention,8.5,180,false,12,3.0,"[""Scheduled Commercial Banks"",""SBI and other major banks""]",,,,,All,17,35,800000,"[""General"",""OBC"",""SC"",""ST""]",Both,Ongoing,Active,https://www.vidyalakshmi.co.in/,"[""pm vidyalaxmi"",""education loan"",""interest subvention"",""qhei"",""collateral free""]",0,,2026-08-15T05:40:38.558594,2026-08-15T05:40:38.558595
0eefd95e-9643-4e77-9799-aab3f53d3c7d,Startup India Seed Fund Scheme (SISFS),Department for Promotion of Industry and Internal Trade (DPIIT),"Startup India Seed Fund Scheme provides financial assistance to early-stage startups for proof of concept, prototype development, product trials, market entry and commercialization. Support is provided through eligible incubators in the form of grants and debt/convertible debentures.",Business,Scheme,Central,"[""Grant up to Rs 20 lakh for validation and prototype"",""Investment support up to Rs 50 lakh as debt or convertible instruments"",""Access through approved incubators"",""Helps early-stage startups bridge the funding gap"",""Mentorship and ecosystem support""]","[""DPIIT-recognized startups"",""Incorporated not more than 2 years ago at the time of application"",""Must have a scalable business model with innovation"",""Who is NOT eligible: Startups that have already raised significant external funding beyond scheme limits""]","[""DPIIT Startup recognition"",""Company incorporation documents"",""Pitch deck / business plan"",""Incubator recommendation"",""Founder KYC""]",7000000,Up to Rs 70 Lakh (Grant + Investment) for Early Startups,,,,,,[],,,,,All,18,,,"[""General"",""OBC"",""SC"",""ST""]",Both,Ongoing,Active,https://seedfund.startupindia.gov.in/,"[""startup india"",""seed fund"",""sisfs"",""grant"",""early stage""]",0,,2026-08-15T05:40:38.558615,2026-08-15T05:40:38.558616
a91b2807-07f8-42bc-b3ff-1d7b91a16b3f,PM-KUSUM Scheme,Ministry of New and Renewable Energy,"PM-KUSUM (Pradhan Mantri Kisan Urja Suraksha evam Utthaan Mahabhiyan) aims to provide energy security to farmers by promoting solar pumps and grid-connected solar power plants. It has components for installation of standalone solar pumps, solarization of existing grid-connected pumps, and setting up of solar power plants on barren land.",Agriculture,Subsidy,Central,"[""Subsidy on solar pumps and solarization of existing pumps"",""Opportunity for farmers to sell surplus solar power to the grid"",""Reduced electricity bills and diesel costs"",""Central and state financial assistance"",""Promotes clean energy in agriculture""]","[""Individual farmers, groups of farmers, cooperatives, panchayats, FPOs"",""Suitable land or existing pump connection as per component"",""Who is NOT eligible: Non-agricultural consumers for the farmer-focused components""]","[""Aadhaar Card"",""Land records / cultivation proof"",""Electricity connection details if applicable"",""Bank Account details"",""Application through state implementing agency""]",500000,Subsidy on Solar Pumps & Solarization for Farmers,,,,,,[],60.0,500000,true,true,All,18,,,"[""General"",""OBC"",""SC"",""ST""]",Rural,Ongoing,Active,https://pmkusum.mnre.gov.in/,"[""pm kusum"",""solar pump"",""farmer"",""renewable"",""subsidy""]",0,,2026-08-15T05:40:38.558631,2026-08-15T05:40:38.558632
faf0b6e3-ae7d-47bf-b496-e8230bc0bdec,SFURTI Scheme (Scheme of Fund for Regeneration of Traditional Industries),"Ministry of Micro, Small and Medium Enterprises","SFURTI aims to organize traditional industries and artisans into clusters to make them competitive and provide sustainable employment. It supports soft interventions (training, design, marketing) and hard interventions (common facility centres, machinery) for traditional sectors such as khadi, coir, handicrafts, bamboo, etc.",Business,Subsidy,Central,"[""Financial support for cluster development up to several crores depending on size"",""Common Facility Centres and improved tools"",""Skill development, design and marketing support"",""Improved income and working conditions for artisans"",""Brand building and market linkages""]","[""Traditional industry clusters with minimum number of artisans"",""Implementing agencies such as KVIC, Coir Board, State agencies, NGOs"",""Viable cluster proposal"",""Who is NOT eligible: Non-traditional or purely modern industrial clusters""]","[""Detailed project proposal"",""Cluster profile and artisan details"",""Implementing agency registration"",""Land and infrastructure documents""]",50000000,Cluster Support & Subsidy for Traditional Artisans,,,,,,[],80.0,50000000,false,false,All,,,,"[""General"",""OBC"",""SC"",""ST""]",Both,Ongoing,Active,https://sfurti.msme.gov.in/,"[""sfurti"",""traditional industries"",""cluster"",""artisans"",""kvic""]",0,,2026-08-15T05:40:38.558645,2026-08-15T05:40:38.558646
44473725-e168-4554-926c-43d7f98a518d,Mahatma Jyotirao Phule Jan Arogya Yojana (MJPJAY),Government of Maharashtra,Mahatma Jyotirao Phule Jan Arogya Yojana is Maharashtra's flagship health assurance scheme providing cashless treatment for a wide range of tertiary and secondary care procedures to eligible families. It covers serious illnesses and surgeries through empaneled hospitals across the state.,Healthcare,Scheme,Maharashtra,"[""Cashless treatment for specified critical and tertiary care procedures"",""Coverage through empaneled government and private hospitals"",""Financial protection against high medical costs"",""Includes pre and post hospitalization components as per package""]","[""Families meeting state income or ration card criteria (Yellow/Orange ration card or as notified)"",""Residents of Maharashtra"",""Who is NOT eligible: Families already fully covered under other overlapping schemes in some cases or those above income threshold""]","[""Aadhaar Card"",""Ration Card"",""Income Certificate if required"",""MJPJAY card if issued""]",1500000,Cashless Health Cover for Critical Illnesses (Maharashtra),,,,,,[],,,,,All,,,,"[""General"",""OBC"",""SC"",""ST""]",Both,Ongoing,Active,https://www.jeevandayee.gov.in/,"[""maharashtra"",""mjpjay"",""health insurance"",""cashless"",""tertiary care""]",0,,2026-08-15T05:40:38.558682,2026-08-15T05:40:38.558684
b454c479-d8fb-487b-9fd4-dbb55d11533c,Gruha Lakshmi Scheme (Karnataka),Government of Karnataka,"Gruha Lakshmi is a flagship scheme of the Government of Karnataka that provides monthly financial assistance of Rs 2,000 to the woman head of the family belonging to eligible households. The amount is transferred directly to the bank account of the woman beneficiary to support household expenses and empower women.",Social Welfare,Scheme,Karnataka,"[""Monthly cash assistance of Rs 2,000 to eligible woman head of family"",""Direct Benefit Transfer to Aadhaar-linked bank account"",""Supports household financial security"",""Empowers women as primary recipients""]","[""Woman head of the family in eligible households as per state criteria (usually BPL or specific ration card categories)"",""Permanent resident of Karnataka"",""Must have Aadhaar-linked bank account"",""Who is NOT eligible: Households above the income/ration card threshold and government employees in some cases""]","[""Aadhaar Card"",""Ration Card"",""Bank Account details (Aadhaar seeded)"",""Residence proof of Karnataka""]",24000,"Rs 2,000 per month to Woman Head of Family (Karnataka)",,,,,,[],,,,,Female,18,,,"[""General"",""OBC"",""SC"",""ST""]",Both,Ongoing,Active,https://sevasindhu.karnataka.gov.in/,"[""gruha lakshmi"",""karnataka"",""woman"",""cash transfer"",""dbt""]",0,,2026-08-15T05:40:38.558725,2026-08-15T05:40:38.558727
748427b4-6af2-4201-b0e8-85a9e0efd84c,Mukhyamantri Mahila Udyamita Abhiyan / Similar Women Enterprise Support (Representative State Loan-Subsidy Hybrid),Various State Governments / Ministry of MSME convergence,"Several states and central schemes provide special support for women entrepreneurs through margin money subsidy, interest subvention and easier credit. This entry captures the typical structure of state-level women enterprise schemes that converge with Mudra, Stand-Up India and PMEGP, offering additional state incentives.",Business,Subsidy,Central,"[""Additional margin money or interest subsidy for women entrepreneurs"",""Priority in bank linkage under Mudra and Stand-Up India"",""Training and handholding support"",""Higher subsidy rates in many state schemes for women""]","[""Women entrepreneurs starting or expanding micro enterprises"",""Age 18 years and above"",""Viable business plan"",""Who is NOT eligible: Male-only ownership firms for the women-specific component""]","[""Aadhaar Card"",""Business plan"",""Bank Account details"",""Udyam registration if applicable""]",500000,Extra Subsidy & Support for Women Entrepreneurs,,,,,,[],25.0,500000,true,false,Female,18,65,,"[""General"",""OBC"",""SC"",""ST""]",Both,Ongoing,Active,https://www.standupmitra.in/,"[""women entrepreneur"",""subsidy"",""margin money"",""stand up india"",""mudra""]",0,,2026-08-15T05:40:38.558744,2026-08-15T05:40:38.558746
752e4783-641e-40f0-af10-341cbac19aa3,Pudhumai Penn Scheme (Tamil Nadu),Government of Tamil Nadu,Pudhumai Penn Scheme provides monthly financial assistance to girl students from government schools who pursue higher education. It aims to encourage girls to continue studies after Class 12 and reduce dropouts by providing direct financial support for educational expenses.,Education,Scheme,Tamil Nadu,"[""Monthly financial assistance to eligible girl students pursuing higher education"",""Direct transfer to bank account"",""Encourages continuation of studies after schooling"",""Supports educational expenses""]","[""Girl students who studied in government schools in Tamil Nadu"",""Pursuing higher education in recognized institutions"",""Must meet academic and attendance criteria as notified"",""Who is NOT eligible: Students from private schools (in the core scheme) and those not continuing higher education""]","[""Aadhaar Card"",""School leaving / higher secondary certificate"",""College admission proof"",""Bank Account details"",""Residence proof of Tamil Nadu""]",12000,Monthly Assistance for Girl Students in Higher Education (TN),,,,,,[],,,,,Female,17,25,,"[""General"",""OBC"",""SC"",""ST""]",Both,Ongoing,Active,https://www.tn.gov.in/,"[""pudhumai penn"",""tamil nadu"",""girl student"",""higher education"",""scholarship""]",0,,2026-08-15T05:40:38.558786,2026-08-15T05:40:38.558788
0e9572e8-74cc-47b7-ac68-246de1a3b30d,Magel Tyala Saur Krushi Pump Yojana (Maharashtra),Government of Maharashtra / Ministry of New and Renewable Energy convergence,"Magel Tyala Saur Krushi Pump Yojana is a Maharashtra state scheme that provides solar agricultural pumps to farmers at highly subsidized rates. It aims to reduce dependence on grid electricity and diesel for irrigation, lower input costs for farmers, and promote renewable energy in agriculture. Farmers receive significant state + central subsidy support for solar pump installation.",Agriculture,Subsidy,Maharashtra,"[""High subsidy on solar agricultural pumps"",""Reduced electricity and diesel costs for irrigation"",""Reliable daytime power for farming"",""Contribution from state and central schemes"",""Environment-friendly irrigation solution""]","[""Farmers in Maharashtra with agricultural land and irrigation need"",""Priority often given to small and marginal farmers and those in areas with poor power supply"",""Must have suitable site for solar pump installation"",""Who is NOT eligible: Non-farmers and those already fully covered under similar solar pump schemes without additional need""]","[""Aadhaar Card"",""7/12 extract or land records"",""Bank Account details"",""Electricity connection details if any"",""Passport size photograph""]",300000,Highly Subsidized Solar Agri Pump (Maharashtra),,,,,,,80.0,300000,true,true,All,18,,,"[""General"",""OBC"",""SC"",""ST""]",Rural,Ongoing,Active,https://www.mahadiscom.in/ or Maharashtra agriculture / renewable energy portal,"[""maharashtra"",""solar pump"",""magel tyala"",""agriculture"",""subsidy"",""kusum""]",0,,2026-08-15T05:40:58.120404,2026-08-15T05:40:58.120420
452e1aed-0ffc-453b-b484-758e0ffdab83,PM Formalisation of Micro Food Processing Enterprises (PMFME),Ministry of Food Processing Industries,"PMFME is a centrally sponsored scheme that provides financial, technical and business support for upgradation and formalisation of existing micro food processing enterprises. It offers credit-linked capital subsidy of 35% (maximum Rs 10 lakh) along with support for branding, marketing, capacity building and common infrastructure under the One District One Product (ODOP) approach.",Business,Subsidy,Central,"[""35% credit-linked capital subsidy up to Rs 10 lakh per unit"",""Support for FPOs, SHGs and cooperatives"",""Branding and marketing assistance"",""Capacity building and training"",""Common infrastructure support""]","[""Existing micro food processing units or new units under ODOP"",""Individual entrepreneurs, FPOs, SHGs, cooperatives"",""Minimum 8th standard pass and age 18+"",""One person per family"",""Who is NOT eligible: Units not engaged in food processing or those already fully subsidised under similar schemes""]","[""Aadhaar Card"",""Udyam / business registration"",""Project report"",""Bank Account details"",""Land / premises proof""]",1000000,35% Subsidy up to Rs 10 Lakh for Micro Food Units,,,,,,,35.0,1000000,true,false,All,18,,,"[""General"",""OBC"",""SC"",""ST""]",Both,Ongoing,Active,https://pmfme.mofpi.gov.in/,"[""pmfme"",""food processing"",""subsidy"",""odop"",""micro enterprise""]",0,,2026-08-16T16:29:15.406779,2026-08-16T16:29:15.406827
71e9f2a9-a189-4eb4-8b2f-db78936237d1,Agriculture Infrastructure Fund (AIF),Ministry of Agriculture and Farmers Welfare,"Agriculture Infrastructure Fund is a financing facility of Rs 1 lakh crore that provides medium to long-term debt financing for post-harvest management infrastructure and community farming assets. It offers 3% interest subvention on loans up to Rs 2 crore and credit guarantee support through CGTMSE, making loans more affordable for farmers, FPOs, cooperatives and agri-entrepreneurs.",Agriculture,Loan,Central,"[""3% interest subvention on loans up to Rs 2 crore for up to 7 years"",""Credit guarantee support via CGTMSE (collateral-free possible)"",""Supports warehouses, cold chains, sorting/grading units, etc."",""10% promoter margin"",""Long tenure with moratorium""]","[""Farmers, FPOs, cooperatives, SHGs, agri-entrepreneurs, PACS, startups, state agencies"",""Project must be for eligible post-harvest or community farming infrastructure"",""Who is NOT eligible: Pure working capital loans and non-agricultural projects""]","[""Aadhaar / entity documents"",""Project report"",""Land documents"",""Bank Account details"",""Detailed cost estimates""]",20000000,3% Interest Subvention + Credit Guarantee up to Rs 2 Cr,9.0,84,false,12,3.0,"[""Scheduled Commercial Banks"",""NBFCs"",""Cooperatives"",""RRBs""]",,,,,All,18,,,"[""General"",""OBC"",""SC"",""ST""]",Rural,Ongoing,Active,https://agriinfra.dac.gov.in/,"[""aif"",""agriculture infrastructure"",""interest subvention"",""cold chain"",""warehouse""]",0,,2026-08-16T16:29:15.406900,2026-08-16T16:29:15.406902
92469546-0bfc-41bc-8f85-e6d4c1a91ce0,Mukhyamantri Ladli Behna Yojana (Madhya Pradesh),Government of Madhya Pradesh,"Ladli Behna Yojana is a flagship scheme of Madhya Pradesh that provides monthly financial assistance directly to eligible women to promote economic empowerment, self-reliance and dignity. The amount is transferred through DBT to the woman's bank account.",Social Welfare,Scheme,Madhya Pradesh,"[""Monthly cash assistance of Rs 1,500 (as per latest revision) to eligible women"",""Direct Benefit Transfer to Aadhaar-linked bank account"",""Supports daily needs, health, nutrition and education expenses"",""Empowers women as primary recipients""]","[""Woman aged 21 to 60 years, resident of Madhya Pradesh"",""Married, widowed, divorced or deserted"",""Family annual income less than Rs 2.5 lakh"",""Family should not own more than 5 acres land or a four-wheeler"",""Who is NOT eligible: Government employees or their family members, income-tax payers, those already receiving higher pension""]","[""Aadhaar Card"",""Samagra ID / Ration Card"",""Bank Account details"",""Income and residence proof"",""Husband details if married""]",18000,"Rs 1,500 per month to Eligible Women (MP)",,,,,,,,,,,Female,21,60,250000,"[""General"",""OBC"",""SC"",""ST""]",Both,Ongoing,Active,https://cmladlibahna.mp.gov.in/,"[""ladli behna"",""madhya pradesh"",""women"",""cash transfer"",""dbt""]",0,,2026-08-16T16:29:15.406987,2026-08-16T16:29:15.406989
896c6e74-2137-4f3c-8627-1267ed024075,National Apprenticeship Promotion Scheme (NAPS),Ministry of Skill Development and Entrepreneurship,"NAPS promotes apprenticeship training by providing financial support to establishments. The government shares a portion of the stipend paid to apprentices and also supports basic training costs, helping youth gain practical skills and industry experience while reducing cost for employers.",Education,Scheme,Central,"[""Government shares 25% of stipend (up to Rs 1,500 per month per apprentice)"",""Support for basic training cost in some cases"",""Helps youth gain industry experience"",""Encourages establishments to hire apprentices"",""Certificate on successful completion""]","[""Establishments registered on apprenticeship portal"",""Apprentices aged 14-35 years (as per trade) meeting educational criteria of the trade"",""Who is NOT eligible: Apprentices already covered under other full stipend schemes in some cases""]","[""Establishment registration on apprenticeshipindia.gov.in"",""Apprentice Aadhaar and educational certificates"",""Bank details for stipend""]",1500,Stipend Support for Apprenticeship Training,,,,,,,,,,,All,14,35,,"[""General"",""OBC"",""SC"",""ST""]",Both,Ongoing,Active,https://www.apprenticeshipindia.gov.in/,"[""naps"",""apprenticeship"",""skill"",""stipend"",""msde""]",0,,2026-08-16T16:29:15.407036,2026-08-16T16:29:15.407037
1b9e0b12-04f9-415a-9931-2a77edcbad4e,Animal Husbandry Infrastructure Development Fund (AHIDF),"Ministry of Fisheries, Animal Husbandry and Dairying","AHIDF provides incentivised credit for investment in dairy, meat processing and animal feed infrastructure. It offers interest subvention to make loans cheaper for eligible entities setting up or expanding processing and infrastructure facilities.",Agriculture,Loan,Central,"[""Interest subvention on bank loans for eligible infrastructure projects"",""Supports dairy processing, meat processing, animal feed plants, breed improvement etc."",""Encourages private investment in animal husbandry value chain"",""Longer repayment periods""]","[""Individual entrepreneurs, FPOs, MLCs, Section 8 companies, private companies"",""Projects in dairy, meat, animal feed or related infrastructure"",""Who is NOT eligible: Purely trading activities without infrastructure creation""]","[""Project report"",""Entity registration documents"",""Land documents"",""Bank Account and KYC""]",50000000,Interest Subvention for Dairy & Meat Infrastructure,9.0,120,true,24,3.0,"[""Scheduled Commercial Banks"",""NABARD refinanced institutions""]",,,,,All,18,,,"[""General"",""OBC"",""SC"",""ST""]",Both,Ongoing,Active,https://ahidf.udyamimitra.in/,"[""ahidf"",""dairy"",""animal husbandry"",""infrastructure"",""interest subvention""]",0,,2026-08-16T16:29:15.407076,2026-08-16T16:29:15.407077
b32b0696-4100-4725-8959-7541758b6250,Kanya Sumangala Yojana (Uttar Pradesh),Government of Uttar Pradesh,"Kanya Sumangala Yojana is a conditional cash transfer scheme of Uttar Pradesh that provides financial assistance to girls at different stages of their life (birth, education milestones) to promote education, health and reduce child marriage. Payments are made in instalments linked to conditions such as birth registration, immunisation and school enrolment.",Social Welfare,Scheme,Uttar Pradesh,"[""Financial assistance in multiple instalments linked to life-cycle stages of the girl child"",""Encourages birth registration, immunisation and education"",""Direct transfer to bank account of parent/guardian"",""Supports girl child welfare and education""]","[""Girl child born in Uttar Pradesh after the notified date"",""Family must meet income or other state criteria"",""Must fulfil conditions for each instalment (registration, vaccination, schooling)"",""Who is NOT eligible: Families not meeting income criteria or those who do not fulfil the conditionalities""]","[""Birth certificate"",""Aadhaar of child and parents"",""Bank Account details"",""Income certificate"",""School enrolment proof for later instalments""]",15000,Conditional Cash Transfers for Girl Child (UP),,,,,,,,,,,Female,0,18,300000,"[""General"",""OBC"",""SC"",""ST""]",Both,Ongoing,Active,https://mksy.up.gov.in/,"[""kanya sumangala"",""uttar pradesh"",""girl child"",""cash transfer"",""education""]",0,,2026-08-16T16:29:15.407112,2026-08-16T16:29:15.407113
d40281c8-7583-46ca-beae-75a828a2c748,Pradhan Mantri Matsya Sampada Yojana (PMMSY) - Credit & Subsidy Components,"Ministry of Fisheries, Animal Husbandry and Dairying","PMMSY aims at sustainable development of the fisheries sector. It provides both central financial assistance (subsidy) and facilitates credit for various activities including aquaculture, fishing vessels, infrastructure, post-harvest and value chain development.",Agriculture,Subsidy,Central,"[""Capital subsidy / financial assistance for aquaculture, hatcheries, fishing crafts, cold chain etc."",""Support for both marine and inland fisheries"",""Infrastructure and post-harvest management support"",""Livelihood and income enhancement for fishers and fish farmers""]","[""Fishers, fish farmers, SHGs, FPOs, cooperatives, private entrepreneurs in fisheries"",""As per specific activity guidelines under PMMSY"",""Who is NOT eligible: Activities not covered under the approved components""]","[""Aadhaar Card"",""Fisher identity / registration if applicable"",""Project proposal"",""Bank Account details"",""Land / water body documents""]",5000000,Subsidy & Support for Fisheries and Aquaculture,,,,,,,40.0,5000000,true,false,All,18,,,"[""General"",""OBC"",""SC"",""ST""]",Both,Ongoing,Active,https://pmmsy.dof.gov.in/,"[""pmmsy"",""fisheries"",""aquaculture"",""subsidy"",""matsya sampada""]",0,,2026-08-16T16:29:15.407148,2026-08-16T16:29:15.407149
8fa2e278-d242-431a-81b6-3f2fa414bba5,Credit Guarantee Scheme for Startups (CGSS),Department for Promotion of Industry and Internal Trade (DPIIT),"CGSS provides credit guarantee to loans extended by Member Institutions to DPIIT-recognised startups. It enables collateral-free lending to startups by covering a significant portion of the default risk, thereby improving access to formal credit for innovative early-stage companies.",Business,Loan,Central,"[""Credit guarantee cover for loans to startups (up to high coverage percentages)"",""Facilitates collateral-free or reduced-collateral loans"",""Supports DPIIT-recognised startups"",""Encourages banks and NBFCs to lend to startups""]","[""DPIIT-recognised startups"",""Loan from a Member Institution under CGSS"",""Who is NOT eligible: Non-recognised entities and traditional MSMEs not qualifying as startups""]","[""DPIIT Startup recognition certificate"",""Business plan / pitch"",""KYC of founders"",""Financial projections"",""Bank Account details""]",200000000,Credit Guarantee for Startup Loans (Collateral-Free Push),11.0,60,false,6,0.0,"[""Member Banks and NBFCs under CGSS""]",,,,,All,18,,,"[""General"",""OBC"",""SC"",""ST""]",Both,Ongoing,Active,https://www.startupindia.gov.in/,"[""cgss"",""startup"",""credit guarantee"",""dpiit"",""collateral free""]",0,,2026-08-16T16:29:15.407208,2026-08-16T16:29:15.407210
cf5769c2-46f7-4055-ad07-f44df25c3b1c,Bhagyalaxmi Scheme (Karnataka),Government of Karnataka,Bhagyalaxmi Scheme is a girl child welfare scheme of Karnataka that provides financial security through insurance and maturity benefits for girls belonging to BPL families. It aims to improve the status of the girl child and support her education and future needs.,Social Welfare,Scheme,Karnataka,"[""Insurance coverage and maturity benefit for the girl child"",""Financial support linked to survival and education milestones"",""Encourages registration and care of girl children in BPL families"",""Long-term financial security""]","[""Girl child born in BPL family in Karnataka"",""Must meet age and registration conditions of the scheme"",""Who is NOT eligible: Families above poverty line or those not fulfilling BPL criteria""]","[""Birth certificate"",""BPL / ration card"",""Aadhaar"",""Bank Account details of parent"",""Residence proof""]",100000,Insurance + Maturity Benefit for Girl Child (Karnataka BPL),,,,,,,,,,,Female,0,18,,"[""General"",""OBC"",""SC"",""ST""]",Both,Ongoing,Active,https://www.karnataka.gov.in/,"[""bhagyalaxmi"",""karnataka"",""girl child"",""bpl"",""insurance""]",0,,2026-08-16T16:29:15.407250,2026-08-16T16:29:15.407251
32fa8393-dc8c-4b8b-ba43-9ea0118c0e44,Stand-Up India Scheme (Enhanced / Current Implementation),"Department of Financial Services, Ministry of Finance","Stand-Up India facilitates bank loans between Rs 10 lakh and Rs 1 crore to at least one SC/ST and one woman borrower per bank branch for greenfield enterprises in manufacturing, services or trading. It is supported by handholding and margin money schemes where applicable.",Business,Loan,Central,"[""Loans from Rs 10 lakh to Rs 1 crore"",""For SC/ST and women entrepreneurs"",""Greenfield projects only"",""Composite loan (term + working capital)"",""Handholding support through portals and agencies""]","[""SC or ST entrepreneur or Woman entrepreneur aged 18+"",""Greenfield enterprise in manufacturing, services or trading"",""Not a defaulter"",""Who is NOT eligible: Existing enterprises (non-greenfield) and non-SC/ST/non-women for the reserved slots""]","[""Aadhaar Card"",""Caste certificate (SC/ST)"",""Project report"",""Address and identity proof"",""Bank statements""]",10000000,Rs 10 Lakh - 1 Crore Loan for SC/ST & Women (Greenfield),9.5,84,false,12,0.0,"[""All Scheduled Commercial Banks""]",,,,,All,18,65,,"[""SC"",""ST""]",Both,Ongoing,Active,https://www.standupmitra.in/,"[""stand up india"",""sc st women"",""greenfield"",""loan"",""msme""]",0,,2026-08-16T16:29:15.407289,2026-08-16T16:29:15.407290
44f1fbe6-755e-4d0d-a232-5cc64f015107,Rythu Bharosa (Telangana) / Rythu Bandhu Successor,Government of Telangana,Rythu Bharosa is Telangana's flagship farmer investment support scheme (successor to Rythu Bandhu). It provides direct financial assistance per acre per season to eligible land-owning farmers to support input costs for cultivation. The amount has been revised upward and coverage expanded in recent years.,Agriculture,Scheme,Telangana,"[""Direct cash assistance per acre per crop season (currently around Rs 6,000 per acre per season)"",""Support for two seasons in a year"",""DBT to Aadhaar-linked bank accounts"",""Helps meet seed, fertiliser and other input costs""]","[""Land-owning farmers (pattadars) with agricultural land in Telangana recorded in revenue records"",""Land must be cultivable"",""Aadhaar-linked bank account required"",""Who is NOT eligible: Non-agricultural land, certain excluded categories as per state rules, and in some phases government employees or high-income cases""]","[""Aadhaar Card"",""Pattadar passbook / Dharani record"",""Bank Account details"",""Land details""]",12000,"Rs 6,000 per acre per season to Telangana Farmers",,,,,,,,,,,All,18,,,"[""General"",""OBC"",""SC"",""ST""]",Rural,Ongoing,Active,https://www.telangana.gov.in/ or agriculture department portal,"[""rythu bharosa"",""rythu bandhu"",""telangana"",""farmer"",""input support""]",0,,2026-08-16T16:31:10.271767,2026-08-16T16:31:10.271847
01f5ad00-4b50-44dd-8169-083cf22e5d9c,CM-KISAN / KALIA Scheme (Odisha),Government of Odisha,CM-KISAN (earlier KALIA - Krushak Assistance for Livelihood and Income Augmentation) provides financial assistance to small and marginal farmers and livelihood support to landless agricultural households in Odisha. It includes cultivation assistance and support for allied activities.,Agriculture,Scheme,Odisha,"[""Cultivation assistance to small/marginal farmers (instalments around Rs 4,000 per year in current form)"",""Livelihood support of Rs 12,500 to landless agricultural households"",""Insurance components in some versions"",""DBT based transfers""]","[""Small and marginal farmers of Odisha"",""Landless agricultural households for livelihood component"",""Must be resident and meet state verification criteria"",""Who is NOT eligible: Large farmers above land ceiling and non-agricultural households""]","[""Aadhaar Card"",""Land records or labourer proof"",""Bank Account details"",""Residence proof of Odisha""]",12500,Cash Support for Farmers & Landless (Odisha),,,,,,,,,,,All,18,,,"[""General"",""OBC"",""SC"",""ST""]",Rural,Ongoing,Active,https://kalia.odisha.gov.in/,"[""kalia"",""cm kisan"",""odisha"",""farmer"",""landless""]",0,,2026-08-16T16:31:10.271923,2026-08-16T16:31:10.271925
545ae08d-12d0-4fb8-baf2-e80de6f574cd,National Beekeeping and Honey Mission (NBHM),Ministry of Agriculture and Farmers Welfare,"National Beekeeping & Honey Mission promotes scientific beekeeping, honey production, pollination support and value addition under the goal of Sweet Revolution. It supports infrastructure, capacity building, testing labs, equipment and market linkages through Mini Missions.",Agriculture,Subsidy,Central,"[""Financial assistance for bee colonies, hives and equipment"",""Support for honey testing labs and processing units"",""Training and capacity building for beekeepers"",""Promotion of FPOs and women beekeepers"",""Market and branding support""]","[""Beekeepers, farmers, SHGs, FPOs, cooperatives, implementing agencies"",""Projects aligned with NBHM Mini Mission guidelines"",""Who is NOT eligible: Non-beekeeping or pure trading activities without production component""]","[""Aadhaar / entity documents"",""Project proposal"",""Bank Account details"",""Land or unit details if applicable""]",500000,Subsidy & Support for Beekeeping and Honey Production,,,,,,,50.0,500000,true,false,All,18,,,"[""General"",""OBC"",""SC"",""ST""]",Both,Ongoing,Active,https://nbb.gov.in/,"[""nbhm"",""beekeeping"",""honey"",""sweet revolution"",""subsidy""]",0,,2026-08-16T16:31:10.271959,2026-08-16T16:31:10.271961
272d9ecb-21aa-44a8-860c-a14842627bd3,PMEGP Second Loan for Upgradation,"Ministry of Micro, Small and Medium Enterprises",Existing successful PMEGP units can avail a second loan for upgradation and expansion with additional margin money subsidy support. This helps performing micro enterprises scale up their operations with continued government support.,Business,Loan,Central,"[""Additional margin money subsidy for upgradation"",""Bank loan for expansion of existing PMEGP unit"",""Support for technology and capacity enhancement"",""Helps successful units grow further""]","[""Existing PMEGP units that have successfully repaid or are performing well"",""Must meet criteria for upgradation as per latest guidelines"",""Who is NOT eligible: Defaulting units and those not meeting performance criteria""]","[""Previous PMEGP sanction details"",""Project report for upgradation"",""Financial statements"",""Aadhaar and bank details""]",10000000,Second Loan + Subsidy for PMEGP Unit Upgradation,11.0,84,false,12,0.0,"[""Banks under PMEGP"",""KVIC / DIC channel""]",,,,,All,18,,,"[""General"",""OBC"",""SC"",""ST""]",Both,Ongoing,Active,https://www.kviconline.gov.in/pmegpeportal/,"[""pmegp"",""second loan"",""upgradation"",""msme"",""margin money""]",0,,2026-08-16T16:31:10.272003,2026-08-16T16:31:10.272005
974eb62e-00b6-4a5f-8c06-294af4ce0c41,Dairy Processing & Infrastructure Development Fund (DIDF) / Related Dairy Credit,"Ministry of Fisheries, Animal Husbandry and Dairying / NABARD","Schemes under dairy infrastructure provide interest subvention and credit support for setting up and modernising milk processing plants, chilling infrastructure and value-added dairy facilities to strengthen the dairy value chain.",Agriculture,Loan,Central,"[""Interest subvention on loans for dairy processing and infrastructure"",""Support for milk chilling, processing and value addition"",""Longer repayment periods"",""Encourages organised dairy sector growth""]","[""Dairy cooperatives, producer companies, FPOs, private dairy entrepreneurs"",""Viable project for processing or infrastructure"",""Who is NOT eligible: Pure trading without processing infrastructure""]","[""Project report"",""Entity registration"",""Land and technical documents"",""Bank KYC""]",50000000,Interest Subvention for Dairy Processing Infrastructure,9.0,120,true,24,2.5,"[""NABARD"",""Commercial Banks"",""Cooperative Banks""]",,,,,All,18,,,"[""General"",""OBC"",""SC"",""ST""]",Both,Ongoing,Active,https://www.nabard.org/,"[""dairy"",""didf"",""processing"",""infrastructure"",""interest subvention""]",0,,2026-08-16T16:31:10.272027,2026-08-16T16:31:10.272028
9153e63f-6043-4470-a39e-252f7d42b6f9,YSR Pension Kanuka / Similar State Social Pensions (Andhra Pradesh model),Government of Andhra Pradesh,"Andhra Pradesh provides enhanced social security pensions to elderly, widows, disabled and other vulnerable categories under schemes popularly known as YSR Pension Kanuka or successor pension programmes. Monthly pensions are transferred via DBT.",Social Welfare,Scheme,Andhra Pradesh,"[""Monthly pension to eligible elderly, widows, disabled and other categories"",""Direct Benefit Transfer"",""Higher rates compared to pure central NSAP in many cases"",""Social security net for vulnerable groups""]","[""Residents of Andhra Pradesh belonging to notified vulnerable categories"",""Age and disability criteria as per state rules"",""Income and family criteria apply"",""Who is NOT eligible: Those above income limits or already receiving higher overlapping benefits""]","[""Aadhaar Card"",""Age / disability proof"",""Residence proof"",""Bank Account details"",""Income certificate if required""]",3000,Enhanced Monthly Social Pensions (Andhra Pradesh),,,,,,,,,,,All,50,,100000,"[""General"",""OBC"",""SC"",""ST""]",Both,Ongoing,Active,https://www.ap.gov.in/,"[""ysr pension"",""andhra pradesh"",""social pension"",""elderly"",""widow""]",0,,2026-08-16T16:31:10.272077,2026-08-16T16:31:10.272079
a917ecda-d692-444f-a547-5b02ffd0b64a,National Livestock Mission (NLM) - Entrepreneurship & Subsidy Components,"Ministry of Fisheries, Animal Husbandry and Dairying","National Livestock Mission supports entrepreneurship development, breed improvement, feed and fodder development and risk management in the livestock sector. It provides capital subsidy for various livestock-related entrepreneurial activities.",Agriculture,Subsidy,Central,"[""Capital subsidy for livestock entrepreneurship projects"",""Support for breed improvement and feed/fodder"",""Risk management and insurance related components"",""Encourages rural entrepreneurship in livestock""]","[""Individual entrepreneurs, SHGs, FPOs, Section 8 companies etc. as per component"",""Project must be in eligible livestock activities"",""Who is NOT eligible: Activities outside the approved list of NLM components""]","[""Aadhaar / entity documents"",""Project report"",""Bank Account details"",""Land or unit proof""]",5000000,Capital Subsidy for Livestock Entrepreneurship,,,,,,,50.0,5000000,true,false,All,18,,,"[""General"",""OBC"",""SC"",""ST""]",Rural,Ongoing,Active,https://nlm.udyamimitra.in/,"[""nlm"",""livestock"",""entrepreneurship"",""subsidy"",""animal husbandry""]",0,,2026-08-16T16:31:10.272127,2026-08-16T16:31:10.272129
e3237b76-9774-4a6a-9180-0997077e6046,PM E-DRIVE / Electric Mobility Promotion Related Incentives,Ministry of Heavy Industries,"Following FAME, the government continues demand and manufacturing incentives for electric vehicles and related ecosystem under schemes such as PM E-DRIVE and electric mobility promotion programmes to accelerate EV adoption and domestic manufacturing.",Business,Subsidy,Central,"[""Demand incentives / subsidy on eligible electric vehicles"",""Support for charging infrastructure and manufacturing"",""Reduced upfront cost of EVs"",""Promotion of clean mobility""]","[""Buyers of eligible electric vehicles and manufacturers meeting localisation criteria"",""As per specific scheme notification"",""Who is NOT eligible: Vehicles not meeting technical and local content requirements""]","[""Aadhaar / company documents"",""Vehicle invoice and registration"",""Bank details for incentive if applicable""]",150000,EV Purchase & Manufacturing Incentives,,,,,,,30.0,150000,false,true,All,18,,,"[""General"",""OBC"",""SC"",""ST""]",Both,Ongoing,Active,https://heavyindustries.gov.in/,"[""ev"",""electric vehicle"",""pm e-drive"",""fame"",""subsidy""]",0,,2026-08-16T16:31:10.272149,2026-08-16T16:31:10.272150
46265ced-5e19-4d49-a50b-15a2fd66fa21,SVAMITVA Scheme,Ministry of Panchayati Raj,SVAMITVA (Survey of Villages and Mapping with Improvised Technology in Village Areas) provides rural property owners with legal ownership rights (Property Cards / Title deeds) using drone survey and GIS technology. It enables use of property as financial asset and reduces disputes.,Social Welfare,Scheme,Central,"[""Legal Property Card / ownership document for rural residential properties"",""Enables bank loans against property"",""Reduction in property disputes"",""Better Gram Panchayat property tax collection and planning""]","[""Rural property owners in surveyed villages across implementing states"",""Properties mapped under the drone survey process"",""Who is NOT eligible: Urban properties and areas not yet covered by the survey""]","[""Aadhaar Card"",""Existing property or residence proof"",""Photographs"",""Any prior ownership documents""]",,Legal Property Cards for Rural Homes via Drone Survey,,,,,,,,,,,All,,,,"[""General"",""OBC"",""SC"",""ST""]",Rural,Ongoing,Active,https://svamitva.nic.in/,"[""svamitva"",""property card"",""rural"",""drone survey"",""ownership""]",0,,2026-08-16T16:31:10.272165,2026-08-16T16:31:10.272166
03854ca3-4394-49b2-ae0e-9c8b063795be,Interest Subvention Scheme for MSMEs (Emergency / Standard Credit Lines),"Ministry of Micro, Small and Medium Enterprises / Ministry of Finance","Various interest subvention schemes for MSMEs provide relief on interest rates for eligible term loans and emergency credit lines. These reduce the effective cost of borrowing for micro and small enterprises, especially during stress periods or for priority sectors.",Business,Loan,Central,"[""Interest subvention (typically 1-3% or as notified) on eligible MSME loans"",""Lowers effective interest rate"",""Supports working capital and term loans"",""Often linked to emergency credit or specific windows""]","[""Udyam registered MSMEs"",""Loans from scheduled banks or notified NBFCs"",""As per specific subvention circular"",""Who is NOT eligible: Medium/large enterprises outside MSME definition and non-performing accounts in many cases""]","[""Udyam Registration"",""Loan account details"",""KYC"",""Financial statements""]",5000000,Interest Subvention on MSME Loans,9.0,60,false,6,2.0,"[""Scheduled Commercial Banks"",""NBFCs under the scheme""]",,,,,All,18,,,"[""General"",""OBC"",""SC"",""ST""]",Both,Ongoing,Active,https://www.msme.gov.in/,"[""interest subvention"",""msme"",""credit"",""emergency credit"",""loan""]",0,,2026-08-16T16:31:10.272182,2026-08-16T16:31:10.272183
053f0e90-a2ae-4b62-93f3-4cec3d7ef45e,Mukhyamantri Yuva Swavalamban Yojana (MYSY) - Gujarat,"Education Department, Government of Gujarat","Mukhyamantri Yuva Swavalamban Yojana (MYSY) is Gujarat's flagship merit-cum-means scholarship for students pursuing diploma, degree and professional courses. It covers full tuition fees (up to a high ceiling) plus equipment allowance for meritorious students from families with annual income up to Rs 6 lakh, across all categories.",Education,Scheme,Gujarat,"[""Tuition fee coverage up to Rs 2,00,000 per year"",""One-time equipment / book allowance of Rs 10,000"",""Open to all categories (General, SC, ST, OBC, Minority)"",""Supports diploma, degree, engineering, medical, pharmacy and other professional courses"",""Direct benefit support for higher education""]","[""Student must have secured minimum 80% marks (or equivalent percentile) in Class 10/12 or diploma as applicable"",""Family annual income up to Rs 6 lakh"",""Domicile of Gujarat"",""Pursuing eligible full-time courses in recognised institutions"",""Who is NOT eligible: Students above income limit or not meeting merit criteria""]","[""Aadhaar Card"",""Income Certificate"",""Mark sheets of qualifying examination"",""Admission proof / fee receipt"",""Bank Account details"",""Domicile / residence proof of Gujarat""]",200000,"Up to Rs 2 Lakh Tuition + Rs 10,000 Equipment (Gujarat Merit)",,,,,,,,,,,All,15,30,600000,"[""General"",""OBC"",""SC"",""ST""]",Both,As per academic year notification,Active,https://mysy.gujarat.gov.in/ or https://www.digitalgujarat.gov.in/,"[""mysy"",""gujarat"",""scholarship"",""merit"",""tuition fee"",""digital gujarat""]",0,,2026-08-16T16:34:54.945872,2026-08-16T16:34:54.945883
171766e3-1675-4c4b-901f-d51ed396eb62,"PM YASASVI Post Matric Scholarship (OBC, EBC & DNT) - Digital Gujarat",Ministry of Social Justice and Empowerment / Government of Gujarat,"PM Young Achievers Scholarship Award Scheme for Vibrant India (PM YASASVI) Post Matric Scholarship for OBC, EBC and Denotified Nomadic Tribes students is implemented through the Digital Gujarat portal. It provides financial assistance for post-matriculation studies to students from these categories with family income up to the prescribed limit.",Education,Scheme,Gujarat,"[""Post-matric scholarship covering tuition and maintenance allowance"",""Support for hostellers and day scholars as per norms"",""DBT to student bank account"",""Helps OBC, EBC and DNT students continue higher education""]","[""Student belonging to OBC / EBC / DNT category"",""Family income within the prescribed limit (typically Rs 2.5 lakh for central component)"",""Studying in post-matric courses in recognised institutions"",""Gujarat domicile / studying in Gujarat as per rules"",""Who is NOT eligible: Students above income ceiling or not belonging to notified categories""]","[""Aadhaar Card"",""Caste / category certificate"",""Income Certificate"",""Mark sheets"",""Admission proof"",""Bank Account details""]",20000,Post Matric Scholarship for OBC/EBC/DNT via Digital Gujarat,,,,,,,,,,,All,16,35,250000,"[""OBC""]",Both,As per Digital Gujarat notification,Active,https://www.digitalgujarat.gov.in/,"[""pm yasasvi"",""digital gujarat"",""obc"",""ebc"",""post matric"",""scholarship""]",0,,2026-08-16T16:34:54.945913,2026-08-16T16:34:54.945915
8ea0e63f-c3d8-41c4-a93f-f44a5ba00107,Digital Gujarat Post Matric Scholarship for SC Students,"Social Justice & Empowerment Department, Government of Gujarat","Post Matric Scholarship for Scheduled Caste students administered through the Digital Gujarat portal. It provides financial assistance covering tuition fees, maintenance allowance and other components to enable SC students to pursue post-matriculation education without financial hardship.",Education,Scheme,Gujarat,"[""Tuition fee and maintenance allowance support"",""Additional components as per government norms"",""Direct Benefit Transfer"",""Covers a wide range of post-matric courses""]","[""SC category student"",""Family income within the prescribed limit"",""Studying in recognised post-matric institution"",""Gujarat resident / as per scheme rules"",""Who is NOT eligible: Students above income limit or not SC""]","[""Aadhaar Card"",""SC Caste Certificate"",""Income Certificate"",""Previous mark sheets"",""Admission / fee receipt"",""Bank Account details""]",25000,Post Matric Scholarship for SC Students (Digital Gujarat),,,,,,,,,,,All,16,35,250000,"[""SC""]",Both,As per Digital Gujarat academic calendar,Active,https://www.digitalgujarat.gov.in/,"[""digital gujarat"",""sc scholarship"",""post matric"",""gujarat""]",0,,2026-08-16T16:34:54.945933,2026-08-16T16:34:54.945935
096a0918-b3b3-44af-9d68-80d690990bda,Digital Gujarat Post Matric Scholarship for ST Students,"Tribal Development Department, Government of Gujarat","Post Matric Scholarship for Scheduled Tribe students in Gujarat, processed through the Digital Gujarat portal. It supports ST students in pursuing education after Class 10 by providing tuition and maintenance assistance.",Education,Scheme,Gujarat,"[""Financial assistance for tuition and maintenance"",""Support for hostellers and day scholars"",""DBT based disbursement"",""Encourages higher education among ST students""]","[""ST category student"",""Family income within limit prescribed by the scheme"",""Post-matric study in recognised institution"",""Who is NOT eligible: Non-ST students and those exceeding income ceiling""]","[""Aadhaar Card"",""ST Caste Certificate"",""Income Certificate"",""Mark sheets"",""Admission proof"",""Bank Account details""]",25000,Post Matric Scholarship for ST Students (Digital Gujarat),,,,,,,,,,,All,16,35,250000,"[""ST""]",Both,As per Digital Gujarat notification,Active,https://www.digitalgujarat.gov.in/,"[""digital gujarat"",""st scholarship"",""post matric"",""tribal"",""gujarat""]",0,,2026-08-16T16:34:54.945951,2026-08-16T16:34:54.945952
59400f54-8c41-48ba-a332-ac98885cc06c,Digital Gujarat Post Matric Scholarship for SEBC / OBC Students,"Social Justice & Empowerment / Backward Classes Welfare, Government of Gujarat","Post Matric Scholarship for Socially and Educationally Backward Classes (SEBC) / OBC students in Gujarat. Applications and processing are done through the Digital Gujarat portal, providing financial support for higher education.",Education,Scheme,Gujarat,"[""Tuition and maintenance allowance support"",""Helps SEBC/OBC students continue post-matric education"",""DBT to beneficiary account"",""Covers various degree and diploma courses""]","[""SEBC / OBC category student of Gujarat"",""Family income within the scheme limit"",""Studying post-matric courses"",""Who is NOT eligible: Students above income limit or not belonging to SEBC/OBC""]","[""Aadhaar Card"",""SEBC/OBC Certificate"",""Income Certificate"",""Mark sheets"",""Admission proof"",""Bank Account details""]",20000,Post Matric Scholarship for SEBC/OBC (Digital Gujarat),,,,,,,,,,,All,16,35,250000,"[""OBC""]",Both,As per Digital Gujarat schedule,Active,https://www.digitalgujarat.gov.in/,"[""digital gujarat"",""sebc"",""obc"",""post matric"",""scholarship""]",0,,2026-08-16T16:34:54.945973,2026-08-16T16:34:54.945974
303c48f0-9d26-44c7-8c12-85fa4f7ee9fa,Digital Gujarat Pre-Matric Scholarship (SC/ST/OBC),Government of Gujarat (Social Justice / Tribal Development),"Pre-Matric Scholarships for SC, ST and OBC students studying in Classes 1 to 10 are administered through the Digital Gujarat portal. These scholarships provide financial support to encourage school education and reduce dropout rates among weaker sections.",Education,Scheme,Gujarat,"[""Annual scholarship amount for school students"",""Support for books, uniforms and other educational expenses"",""Encourages retention in school"",""DBT based payment""]","[""SC / ST / OBC students studying in Classes 1-10"",""Family income within prescribed limits"",""Regular attendance and enrolment in recognised schools"",""Who is NOT eligible: Students above income ceiling or not belonging to eligible categories""]","[""Aadhaar Card"",""Caste Certificate"",""Income Certificate"",""School enrolment / bonafide certificate"",""Bank Account details of parent/student""]",5000,Pre-Matric Scholarship for SC/ST/OBC School Students (Gujarat),,,,,,,,,,,All,6,18,250000,"[""OBC"",""SC"",""ST""]",Both,As per Digital Gujarat academic year,Active,https://www.digitalgujarat.gov.in/,"[""digital gujarat"",""pre matric"",""school scholarship"",""sc st obc""]",0,,2026-08-16T16:34:54.945992,2026-08-16T16:34:54.945993
80340f3a-b7f8-4fb6-aefd-060991241c97,Mukhyamantri Kanya Kelavani Nidhi (MKKN) - Gujarat,"Education Department / Women & Child, Government of Gujarat","Mukhyamantri Kanya Kelavani Nidhi supports the education of girl students in Gujarat by providing financial assistance at different stages of schooling and higher education, often linked with MYSY or Digital Gujarat processes to encourage girls' education.",Education,Scheme,Gujarat,"[""Financial assistance for girl students at key educational milestones"",""Encourages continuation of education for girls"",""Support for higher studies in conjunction with other scholarships"",""Promotes gender equity in education""]","[""Girl students of Gujarat meeting academic and income criteria"",""As per specific notification of the scheme"",""Who is NOT eligible: Male students and those not meeting merit/income conditions""]","[""Aadhaar Card"",""Mark sheets"",""Income Certificate"",""Admission proof"",""Bank Account details""]",25000,Financial Support for Girl Students Education (Gujarat),,,,,,,,,,,Female,10,25,600000,"[""General"",""OBC"",""SC"",""ST""]",Both,As per notification,Active,https://mysy.gujarat.gov.in/ or https://www.digitalgujarat.gov.in/,"[""mkkn"",""kanya kelavani"",""gujarat"",""girl education"",""scholarship""]",0,,2026-08-16T16:34:54.946007,2026-08-16T16:34:54.946008
fe364912-b2dc-4fe9-bb95-2cdd43f69272,Digital Gujarat Scholarship for Disabled Students,Directorate of Social Defence / Government of Gujarat,"Scholarship scheme for students with disabilities in Gujarat, processed through Digital Gujarat or Social Defence channels. It provides financial assistance to encourage education among persons with disabilities from school to higher levels.",Education,Scheme,Gujarat,"[""Financial assistance for education of students with disabilities"",""Support for tuition, books and related expenses"",""Encourages inclusive education"",""DBT support""]","[""Student with benchmark disability as per Rights of Persons with Disabilities Act"",""Studying in recognised institution"",""Income criteria as notified"",""Who is NOT eligible: Students without valid disability certificate""]","[""Aadhaar Card"",""Disability Certificate"",""Income Certificate"",""Mark sheets / admission proof"",""Bank Account details""]",15000,Scholarship for Students with Disabilities (Gujarat),,,,,,,,,,,All,6,35,300000,"[""General"",""OBC"",""SC"",""ST""]",Both,As per notification,Active,https://www.digitalgujarat.gov.in/,"[""disability scholarship"",""digital gujarat"",""inclusive education"",""pwd""]",0,,2026-08-16T16:34:54.946022,2026-08-16T16:34:54.946024
a21b12dd-b372-4b11-80b6-6c716bce9608,Chief Minister's Scholarship Scheme / Merit Scholarships (Gujarat related),"Education Department, Government of Gujarat","Various merit-based and means-based scholarships offered by the Gujarat government for meritorious students, often integrated with Digital Gujarat and MYSY ecosystem, to support talented students from economically weaker sections in pursuing higher education.",Education,Scheme,Gujarat,"[""Merit-based financial awards"",""Support for tuition and maintenance"",""Encourages academic excellence"",""Complements MYSY and category scholarships""]","[""Meritorious students of Gujarat meeting marks and income criteria"",""As per specific scholarship notification"",""Who is NOT eligible: Students not meeting the prescribed cut-offs""]","[""Aadhaar Card"",""Mark sheets"",""Income Certificate"",""Admission proof"",""Bank Account details""]",50000,Merit Scholarships for Gujarat Students,,,,,,,,,,,All,15,30,600000,"[""General"",""OBC"",""SC"",""ST""]",Both,As per academic year,Active,https://www.digitalgujarat.gov.in/,"[""merit scholarship"",""gujarat"",""digital gujarat"",""cm scholarship""]",0,,2026-08-16T16:34:54.946040,2026-08-16T16:34:54.946041
a94fba2c-b81b-4033-a7f9-a232d4ec9775,National Scholarship Portal (NSP) Schemes accessible via Digital Gujarat convergence,Ministry of Education / Ministry of Social Justice / Gujarat State,"Many Central scholarships on the National Scholarship Portal (NSP) are also facilitated or converged for Gujarat students through Digital Gujarat processes. This includes various pre and post matric, merit-cum-means and top-class scholarships for different categories.",Education,Scheme,Gujarat,"[""Access to multiple Central scholarships"",""Tuition fee, maintenance and other allowances as per specific scheme"",""DBT to student accounts"",""Single window facilitation for Gujarat students""]","[""As per individual NSP scheme criteria (category, income, marks, course)"",""Gujarat students applying through proper channels"",""Who is NOT eligible: Those not meeting the specific scheme conditions""]","[""Aadhaar Card"",""Caste / income certificates as required"",""Mark sheets"",""Admission proof"",""Bank Account details""]",50000,Central Scholarships via NSP + Digital Gujarat Support,,,,,,,,,,,All,10,35,800000,"[""General"",""OBC"",""SC"",""ST""]",Both,As per NSP schedule,Active,https://scholarships.gov.in/ and https://www.digitalgujarat.gov.in/,"[""nsp"",""national scholarship portal"",""digital gujarat"",""central scholarship""]",0,,2026-08-16T16:34:54.946065,2026-08-16T16:34:54.946066
a16bbd0f-9d33-4e69-a458-905d1babbf85,Pradhan Mantri Jan Dhan Yojana (PMJDY),"Department of Financial Services, Ministry of Finance","Pradhan Mantri Jan Dhan Yojana is the national mission for financial inclusion. It provides universal access to banking facilities with zero-balance savings accounts, RuPay debit cards, accidental insurance cover, overdraft facility and direct benefit transfer readiness for every household.",Finance,Scheme,Central,"[""Zero-balance savings bank account"",""RuPay debit card with inbuilt accident insurance of Rs 2 lakh"",""Overdraft facility up to Rs 10,000 after satisfactory operation"",""Access to Direct Benefit Transfer of government schemes"",""Life cover of Rs 30,000 in eligible cases""]","[""Any Indian citizen (including minors with guardian)"",""No existing bank account required for basic account opening"",""Aadhaar preferred for seeding"",""Who is NOT eligible: Persons already holding multiple full-KYC accounts in some restricted cases""]","[""Aadhaar Card (preferred)"",""Any officially valid identity and address proof"",""Passport size photograph""]",10000,Zero Balance Account + RuPay Card + Insurance + Overdraft,,,,,,,,,,,All,10,,,"[""General"",""OBC"",""SC"",""ST""]",Both,Ongoing,Active,https://www.pmjdy.gov.in/,"[""pmjdy"",""jan dhan"",""financial inclusion"",""zero balance"",""rupay""]",0,,2026-08-16T16:37:03.458482,2026-08-16T16:37:03.458522
16d730df-c77b-4ecb-93f3-62e632f57174,Sukanya Samriddhi Yojana (SSY),Ministry of Finance / Department of Economic Affairs,"Sukanya Samriddhi Yojana is a small savings scheme for the girl child that offers high interest rate, tax benefits under Section 80C and partial withdrawal for education or marriage. It encourages parents to save for the future of their girl child.",Finance,Scheme,Central,"[""High interest rate (compounded annually)"",""Tax benefits under Section 80C on deposit and interest"",""Partial withdrawal allowed for higher education or marriage"",""Account matures after 21 years or on marriage after 18 years"",""Account can be opened in post office or authorised banks""]","[""Girl child below 10 years of age"",""Only one account per girl child (maximum two girls in a family with exceptions for twins)"",""Account opened by parent or legal guardian"",""Who is NOT eligible: Boy child and girl child above 10 years at the time of opening""]","[""Birth certificate of girl child"",""Aadhaar of child and parent/guardian"",""Identity and address proof of guardian"",""Passport size photographs""]",150000,High Interest + Tax Benefit Savings for Girl Child,,,,,,,,,,,Female,0,10,,"[""General"",""OBC"",""SC"",""ST""]",Both,Ongoing,Active,https://www.indiapost.gov.in/ or authorised banks,"[""sukanya samriddhi"",""ssy"",""girl child"",""savings"",""tax benefit""]",0,,2026-08-16T16:37:03.458609,2026-08-16T16:37:03.458611
535e5211-aad1-4a26-8484-a6fc91137c04,National Rural Livelihood Mission (NRLM) / DAY-NRLM - Credit & Livelihood Support,Ministry of Rural Development,"Deendayal Antyodaya Yojana - National Rural Livelihood Mission (DAY-NRLM) mobilises rural poor households into Self Help Groups and provides them access to financial services, credit, livelihoods and skill support. It facilitates bank linkage and interest subvention for SHGs.",Social Welfare,Loan,Central,"[""Bank credit linkage for SHGs"",""Interest subvention for eligible SHG loans"",""Livelihood and skill promotion support"",""Community investment funds and revolving funds"",""Support for farm and non-farm livelihoods""]","[""Rural poor households, especially women, organised into SHGs"",""SHGs must follow NRLM norms for grading and bank linkage"",""Who is NOT eligible: Urban only groups and non-poor households outside the target""]","[""SHG records and grading documents"",""Aadhaar of members"",""Bank Account of SHG"",""Identity proofs""]",1000000,SHG Bank Linkage + Interest Subvention + Livelihood Support,7.0,36,false,0,4.0,"[""Commercial Banks"",""Regional Rural Banks"",""Cooperative Banks""]",,,,,All,18,,,"[""General"",""OBC"",""SC"",""ST""]",Rural,Ongoing,Active,https://aajeevika.gov.in/,"[""nrlm"",""day-nrlm"",""shg"",""livelihood"",""interest subvention"",""rural""]",0,,2026-08-16T16:37:03.458656,2026-08-16T16:37:03.458657
c4494991-3ce4-4bb7-a655-c171b35aa797,Pradhan Mantri Awas Yojana - Gramin (PMAY-G),Ministry of Rural Development,"PMAY-Gramin aims to provide pucca houses with basic amenities to houseless households and those living in kutcha or dilapidated houses in rural areas. Financial assistance is provided for construction of houses, with preference to vulnerable groups.",Housing,Subsidy,Central,"[""Financial assistance of Rs 1.20 lakh in plain areas and Rs 1.30 lakh in hilly/difficult areas"",""Support for construction of pucca house"",""Convergence with toilets, LPG, electricity and water schemes"",""House preferably in the name of female member or joint ownership""]","[""Rural households that are houseless or living in zero, one or two room kutcha houses"",""As per SECC 2011 data and subsequent exclusions/inclusions by Gram Sabha"",""Who is NOT eligible: Households already owning pucca house or those excluded after verification""]","[""Aadhaar Card"",""Job card / SECC related details"",""Bank Account details"",""Land documents if required"",""Consent for female ownership where applicable""]",130000,Rs 1.20 - 1.30 Lakh for Rural Pucca House,,,,,,,100.0,130000,true,false,All,18,,,"[""General"",""OBC"",""SC"",""ST""]",Rural,Ongoing,Active,https://pmayg.nic.in/,"[""pmay-g"",""pmay gramin"",""rural housing"",""pucca house"",""subsidy""]",0,,2026-08-16T16:37:03.458697,2026-08-16T16:37:03.458698
4c3e2076-4ab0-4df6-a664-880545891ed4,Deen Dayal Upadhyaya Grameen Kaushalya Yojana (DDU-GKY) - Placement Linked,Ministry of Rural Development,"DDU-GKY is a placement-linked skill development programme for rural poor youth. It provides free training, boarding & lodging (in residential programmes) and facilitates wage employment with minimum salary guarantees and post-placement support.",Education,Scheme,Central,"[""Free skill training in industry-relevant trades"",""Residential facilities and stipend support in many programmes"",""Placement in wage employment"",""Post-placement support and tracking"",""Focus on rural youth including SC/ST and women""]","[""Rural youth from poor households (SECC or state criteria)"",""Age generally 15-35 years (relaxed for special groups)"",""Willing to undergo training and take up placement"",""Who is NOT eligible: Urban youth and those above poverty criteria""]","[""Aadhaar Card"",""Proof of rural residence / BPL or SECC related"",""Age proof"",""Bank Account details"",""Educational certificates if required for the trade""]",,Free Skill Training + Placement for Rural Youth,,,,,,,,,,,All,15,35,,"[""General"",""OBC"",""SC"",""ST""]",Rural,Ongoing,Active,https://ddugky.gov.in/,"[""ddu-gky"",""skill development"",""rural youth"",""placement"",""training""]",0,,2026-08-16T16:37:03.458733,2026-08-16T16:37:03.458734
0174eb40-28dc-47cd-b234-cbb7d7891731,Pradhan Mantri Fasal Bima Yojana (PMFBY) - Current Implementation,Ministry of Agriculture and Farmers Welfare,PMFBY provides comprehensive crop insurance coverage against non-preventable natural risks at a very low premium for farmers. The government subsidises the major portion of the premium so that farmers pay only a nominal share.,Agriculture,Scheme,Central,"[""Crop insurance against natural calamities, pests and diseases"",""Farmer pays only 1.5% to 5% premium depending on crop season"",""Government bears the remaining premium subsidy"",""Use of technology for faster claim settlement"",""Coverage from pre-sowing to post-harvest in notified areas""]","[""All farmers (loanee and non-loanee) growing notified crops in notified areas"",""Sharecroppers and tenant farmers also eligible with proper documents"",""Enrolment before the cut-off date of the season"",""Who is NOT eligible: Farmers growing non-notified crops or outside notified areas""]","[""Aadhaar Card"",""Land records or cultivation certificate (for non-loanee)"",""Bank Account details"",""Sowing declaration / crop details""]",,Crop Insurance at Low Premium (Highly Subsidised),,,,,,,,,,,All,18,,,"[""General"",""OBC"",""SC"",""ST""]",Rural,Seasonal cut-off dates,Active,https://pmfby.gov.in/,"[""pmfby"",""crop insurance"",""farmer"",""premium subsidy"",""risk cover""]",0,,2026-08-16T16:37:03.458789,2026-08-16T16:37:03.458791
45def5a8-7f18-42f9-bdfa-39a5d407e940,Mahatma Gandhi National Rural Employment Guarantee Scheme (MGNREGS),Ministry of Rural Development,MGNREGS provides a legal guarantee of 100 days (or more as enhanced in some states/years) of wage employment in a financial year to every rural household whose adult members volunteer to do unskilled manual work. Wages are paid through DBT.,Social Welfare,Scheme,Central,"[""Legal guarantee of wage employment (minimum 100 days)"",""Unemployment allowance if work not provided within timeline"",""Creation of durable rural assets"",""Wages paid directly to bank/post office accounts"",""Focus on water conservation, land development and rural infrastructure""]","[""Adult members of rural households willing to do unskilled manual work"",""Must register and obtain Job Card"",""Who is NOT eligible: Urban households and those not willing to do manual work""]","[""Aadhaar Card"",""Job Card (issued by Gram Panchayat)"",""Bank / Post Office account details"",""Passport size photographs""]",,100+ Days Guaranteed Wage Employment in Rural Areas,,,,,,,,,,,All,18,,,"[""General"",""OBC"",""SC"",""ST""]",Rural,Ongoing,Active,https://nrega.nic.in/,"[""mgnrega"",""mgnregs"",""wage employment"",""rural"",""job card""]",0,,2026-08-16T16:37:03.458828,2026-08-16T16:37:03.458829
f9d490bd-1d27-4320-b579-6f5596acf107,Pradhan Mantri Matru Vandana Yojana (PMMVY),Ministry of Women and Child Development,PMMVY is a maternity benefit programme under which cash incentive is provided to pregnant women and lactating mothers for the first living child of the family. The benefit is given in instalments linked to vaccination and other conditions to improve health-seeking behaviour.,Healthcare,Scheme,Central,"[""Cash incentive of Rs 5,000 in instalments for the first living child"",""Promotes antenatal check-ups, institutional delivery and vaccination"",""Direct Benefit Transfer to the woman’s bank account"",""Improves nutrition and health outcomes for mother and child""]","[""Pregnant woman / lactating mother for the first living child of the family"",""Age 19 years and above"",""Must fulfil conditions of antenatal check-up, delivery and child vaccination for instalments"",""Who is NOT eligible: Women for second or subsequent living child (with limited exceptions in some notifications)""]","[""Aadhaar Card of the woman"",""MCP Card / pregnancy related records"",""Bank Account details of the woman"",""Husband’s Aadhaar in some cases""]",5000,"Rs 5,000 Maternity Benefit for First Living Child",,,,,,,,,,,Female,19,,,"[""General"",""OBC"",""SC"",""ST""]",Both,Ongoing,Active,https://pmmvy.wcd.gov.in/ or Anganwadi / CSC,"[""pmmvy"",""maternity benefit"",""pregnant women"",""first child"",""dbt""]",0,,2026-08-16T16:37:03.458872,2026-08-16T16:37:03.458873
12d17f2e-fccd-471f-bac2-9c8618a6e4c1,"National Social Assistance Programme (NSAP) - Old Age, Widow & Disability Pensions",Ministry of Rural Development,"NSAP provides social assistance in the form of pensions to elderly, widows and persons with disabilities belonging to below poverty line households. It includes Indira Gandhi National Old Age Pension, Widow Pension and Disability Pension components.",Social Welfare,Scheme,Central,"[""Monthly pension to eligible elderly (60+), widows and persons with severe disability"",""Central contribution with states often topping up the amount"",""Direct Benefit Transfer in most states"",""Social security net for the most vulnerable""]","[""BPL households"",""Age and category criteria (60+ for old age, widow, disability percentage as notified)"",""Who is NOT eligible: Those above poverty line and those already receiving higher pensions under other schemes in some cases""]","[""Aadhaar Card"",""Age proof / disability certificate / widow certificate"",""BPL or equivalent proof"",""Bank Account details"",""Residence proof""]",500,"Monthly Pension for Elderly, Widows & Disabled (BPL)",,,,,,,,,,,All,18,,100000,"[""General"",""OBC"",""SC"",""ST""]",Both,Ongoing,Active,https://nsap.nic.in/,"[""nsap"",""old age pension"",""widow pension"",""disability pension"",""bpl""]",0,,2026-08-16T16:37:03.458907,2026-08-16T16:37:03.458908
1fa649c4-bb9e-40b2-ab4b-fa7e410cd05f,Pradhan Mantri Kisan Samman Nidhi (PM-KISAN) - Current,Ministry of Agriculture and Farmers Welfare,"PM-KISAN provides income support of Rs 6,000 per year to eligible landholding farmer families in three equal instalments of Rs 2,000 each. The amount is transferred directly to the bank accounts of the beneficiaries.",Agriculture,Scheme,Central,"[""Rs 6,000 per year in three instalments of Rs 2,000"",""Direct Benefit Transfer to farmer’s bank account"",""Support for input costs and household needs"",""Covers all landholding farmer families subject to exclusions""]","[""Landholding farmer families with cultivable land"",""Name in land records"",""Aadhaar and bank account seeding mandatory"",""Who is NOT eligible: Institutional landholders, higher-income professionals, serving or retired government employees (as per exclusion list)""]","[""Aadhaar Card"",""Land records"",""Bank Account details (Aadhaar seeded)"",""Citizenship and other declarations as required""]",6000,"Rs 6,000 per year Income Support to Farmers",,,,,,,,,,,All,18,,,"[""General"",""OBC"",""SC"",""ST""]",Rural,Ongoing,Active,https://pmkisan.gov.in/,"[""pm-kisan"",""pm kisan"",""farmer income support"",""dbt"",""agriculture""]",0,,2026-08-16T16:37:03.458984,2026-08-16T16:37:03.458986
fd4fb4f0-a7d1-40d9-8eeb-a977c86ab5b5,Atal Mission for Rejuvenation and Urban Transformation (AMRUT / AMRUT 2.0),Ministry of Housing and Urban Affairs,"AMRUT and its successor AMRUT 2.0 focus on providing basic civic amenities in cities – water supply, sewerage, septage management, storm water drainage, green spaces and reduction of pollution. It supports urban infrastructure projects with central assistance.",Housing,Scheme,Central,"[""Central financial assistance for urban water supply and sewerage projects"",""Support for green spaces and urban mobility related components"",""Improvement in quality of life in cities"",""Coverage expanded under AMRUT 2.0 to more towns""]","[""Urban Local Bodies and state agencies implementing approved projects"",""Projects must be in the approved AMRUT / AMRUT 2.0 city list"",""Who is NOT eligible: Purely rural projects and non-notified urban areas""]","[""Detailed Project Report"",""ULB / state recommendations"",""Technical sanctions"",""Land and environmental clearances as required""]",,"Urban Water, Sewerage & Green Infrastructure Support",,,,,,,,,,,All,,,,"[""General"",""OBC"",""SC"",""ST""]",Urban,Ongoing,Active,https://mohua.gov.in/ or AMRUT portal,"[""amrut"",""amrut 2.0"",""urban"",""water supply"",""sewerage""]",0,,2026-08-16T16:57:54.079529,2026-08-16T16:57:54.079547
2c743e23-34fc-4c8e-9827-67bc06caed21,Smart Cities Mission,Ministry of Housing and Urban Affairs,"Smart Cities Mission aims to develop selected cities with core infrastructure, clean and sustainable environment and application of smart solutions. It focuses on area-based development and pan-city solutions using technology and citizen participation.",Technology,Scheme,Central,"[""Funding and technical support for smart city projects"",""Area-based development and pan-city smart solutions"",""Improved urban services through technology"",""Citizen engagement and better quality of life""]","[""Selected Smart Cities and their Special Purpose Vehicles (SPVs)"",""Projects approved under the Mission guidelines"",""Who is NOT eligible: Cities not selected under the Mission""]","[""SPV documents"",""Detailed Project Reports"",""State and ULB approvals""]",,Smart Infrastructure & Technology Solutions for Selected Cities,,,,,,,,,,,All,,,,"[""General"",""OBC"",""SC"",""ST""]",Urban,Ongoing,Active,https://smartcities.gov.in/,"[""smart cities"",""urban development"",""technology"",""spv""]",0,,2026-08-16T16:57:54.079585,2026-08-16T16:57:54.079587
cc92262f-8a6e-4a41-b1c9-4556e76f09cc,Pradhan Mantri Ujjwala Yojana (PMUY),Ministry of Petroleum and Natural Gas,"PMUY provides free LPG connections to women from poor households to reduce dependence on traditional cooking fuels, improve health and empower women. It includes deposit-free connection and first refill support in many phases.",Social Welfare,Subsidy,Central,"[""Deposit-free LPG connection in the name of the woman"",""Support for first refill and stove in eligible cases"",""Improved indoor air quality and health"",""Women empowerment through cleaner cooking fuel""]","[""Woman from a poor household (as per SECC or state-identified criteria)"",""No existing LPG connection in the household"",""Adult woman as the beneficiary"",""Who is NOT eligible: Households already having LPG connection""]","[""Aadhaar Card"",""BPL / ration card / SECC related proof"",""Bank Account details"",""Passport size photograph"",""Proof of address""]",1600,Free LPG Connection for Women from Poor Households,,,,,,,100.0,1600,true,true,Female,18,,,"[""General"",""OBC"",""SC"",""ST""]",Both,Ongoing,Active,https://www.pmuy.gov.in/,"[""pmuy"",""ujjwala"",""lpg"",""women"",""clean cooking""]",0,,2026-08-16T16:57:54.079609,2026-08-16T16:57:54.079610
ca8fd724-7df5-4a41-b590-5f300ee4d12f,Jal Jeevan Mission (JJM) / Har Ghar Jal,Ministry of Jal Shakti,Jal Jeevan Mission aims to provide Functional Household Tap Connection (FHTC) to every rural household with adequate quantity and prescribed quality of water on a regular and long-term basis. It focuses on source sustainability and community participation.,Social Welfare,Scheme,Central,"[""Tap water connection to every rural household"",""Adequate quantity (55 litres per capita per day) of safe water"",""Community ownership and grey water management"",""Improved health and reduced drudgery for women""]","[""Rural households in villages covered under the Mission"",""As per village action plan and implementation progress"",""Who is NOT eligible: Purely urban households under this specific mission""]","[""Aadhaar Card"",""Residence proof in the village"",""Household details for connection""]",,Functional Tap Water Connection to Every Rural Household,,,,,,,,,,,All,,,,"[""General"",""OBC"",""SC"",""ST""]",Rural,Ongoing,Active,https://jaljeevanmission.gov.in/,"[""jal jeevan mission"",""har ghar jal"",""tap water"",""rural water""]",0,,2026-08-16T16:57:54.079627,2026-08-16T16:57:54.079628
a04ffdef-9b91-4794-bbde-228293c29a67,Swachh Bharat Mission (SBM) - Grameen & Urban,Ministry of Jal Shakti / Ministry of Housing and Urban Affairs,"Swachh Bharat Mission focuses on achieving open defecation free status, solid and liquid waste management, and behavioural change for cleanliness in both rural and urban areas. It provides incentive support for toilet construction and waste management infrastructure.",Social Welfare,Subsidy,Central,"[""Incentive for individual household latrine construction"",""Support for community toilets and solid waste management"",""Behavioural change communication"",""Improved sanitation and dignity""]","[""Households without toilets in eligible categories"",""Urban and rural local bodies for community infrastructure"",""Who is NOT eligible: Households already having functional toilets in many incentive components""]","[""Aadhaar Card"",""Residence proof"",""Bank Account details"",""Photograph of toilet site if required""]",12000,Toilet Construction Incentive + Sanitation Support,,,,,,,100.0,12000,true,false,All,,,,"[""General"",""OBC"",""SC"",""ST""]",Both,Ongoing,Active,https://swachhbharatmission.gov.in/,"[""swachh bharat"",""sbm"",""toilet"",""sanitation"",""odf""]",0,,2026-08-16T16:57:54.079680,2026-08-16T16:57:54.079682
67551c16-cc32-4d68-94ef-1c34cac21f67,National Health Mission (NHM) - Free Services & Programmes,Ministry of Health and Family Welfare,"National Health Mission strengthens health systems in rural and urban areas and delivers a range of free or highly subsidised services including maternal and child health, immunisation, communicable and non-communicable disease control, and health infrastructure support.",Healthcare,Scheme,Central,"[""Free or subsidised maternal and child health services"",""Immunisation under Mission Indradhanush / UIP"",""Support for health facilities and ASHA workers"",""Disease control programmes and essential medicines in many cases""]","[""All citizens accessing public health facilities, with focus on vulnerable groups"",""Specific programme-based eligibility for certain interventions"",""Who is NOT eligible: No universal exclusion; services are largely public""]","[""Aadhaar Card preferred"",""Ration card or identity proof"",""Health records as required for specific services""]",,Free / Subsidised Public Health Services Nationwide,,,,,,,,,,,All,,,,"[""General"",""OBC"",""SC"",""ST""]",Both,Ongoing,Active,https://nhm.gov.in/,"[""nhm"",""national health mission"",""public health"",""immunisation"",""maternal health""]",0,,2026-08-16T16:57:54.079707,2026-08-16T16:57:54.079709
394e0992-3b53-454b-891a-c0734662ae7b,Ayushman Bharat Health and Wellness Centres (AB-HWC),Ministry of Health and Family Welfare,"Ayushman Bharat Health and Wellness Centres provide comprehensive primary health care closer to the community, including maternal and child health, non-communicable diseases, free essential drugs and diagnostic services, and wellness activities.",Healthcare,Scheme,Central,"[""Comprehensive primary healthcare near the community"",""Free essential medicines and diagnostics"",""Screening for NCDs and communicable diseases"",""Maternal, child and wellness services"",""Reduced out-of-pocket expenditure""]","[""All individuals in the catchment area of the Health and Wellness Centre"",""No income restriction for primary care services"",""Who is NOT eligible: None for basic primary care access""]","[""Aadhaar Card preferred"",""Any identity proof""]",,Free Primary Healthcare at Health & Wellness Centres,,,,,,,,,,,All,,,,"[""General"",""OBC"",""SC"",""ST""]",Both,Ongoing,Active,https://ab-hwc.nhp.gov.in/,"[""ayushman bharat"",""health wellness centre"",""primary care"",""ab-hwc""]",0,,2026-08-16T16:57:54.079728,2026-08-16T16:57:54.079729
f1ab2531-4a00-4c7f-a822-461ca1813280,Poshan Abhiyaan / Saksham Anganwadi & Poshan 2.0,Ministry of Women and Child Development,"Poshan Abhiyaan and the strengthened Saksham Anganwadi & Poshan 2.0 aim to improve nutritional outcomes for children, adolescent girls, pregnant women and lactating mothers through Anganwadi services, growth monitoring, supplementary nutrition and behaviour change.",Healthcare,Scheme,Central,"[""Supplementary nutrition through Anganwadi Centres"",""Growth monitoring and counselling"",""Support for pregnant women, lactating mothers and children under 6"",""Adolescent girl nutrition components"",""Convergence with health services""]","[""Children under 6 years, pregnant women, lactating mothers and adolescent girls registered at Anganwadi"",""As per ICDS / Poshan guidelines"",""Who is NOT eligible: Those outside the target age and category groups""]","[""Aadhaar Card"",""MCP Card / Anganwadi registration"",""Birth related documents for children""]",,Nutrition Support via Anganwadi for Women & Children,,,,,,,,,,,All,0,19,,"[""General"",""OBC"",""SC"",""ST""]",Both,Ongoing,Active,https://icds-wcd.nic.in/ or Poshan tracker related portals,"[""poshan"",""anganwadi"",""nutrition"",""icds"",""women child""]",0,,2026-08-16T16:57:54.079744,2026-08-16T16:57:54.079745
b5e320d5-79b8-4208-a705-ac89d1a69f98,Pradhan Mantri Garib Kalyan Anna Yojana (PMGKAY) / Free Foodgrains under NFSA,"Ministry of Consumer Affairs, Food and Public Distribution","Under NFSA and additional free foodgrain allocations (including PMGKAY phases), eligible households receive highly subsidised or free foodgrains through the Public Distribution System. One Nation One Ration Card enables portability.",Social Welfare,Subsidy,Central,"[""Free or highly subsidised foodgrains (rice, wheat) to priority and Antyodaya households"",""Additional free allocations during special phases"",""Portability through One Nation One Ration Card"",""Food security for the poor""]","[""Priority Households and Antyodaya Anna Yojana families under NFSA"",""As per state-wise coverage and ration card status"",""Who is NOT eligible: Households not holding valid NFSA ration cards""]","[""Ration Card"",""Aadhaar Card for authentication"",""Identity proof""]",,Free / Subsidised Foodgrains under NFSA & PMGKAY,,,,,,,100.0,,false,false,All,,,,"[""General"",""OBC"",""SC"",""ST""]",Both,Ongoing,Active,https://nfsa.gov.in/,"[""pmgkay"",""nfsa"",""ration"",""food security"",""antyodaya""]",0,,2026-08-16T16:57:54.079790,2026-08-16T16:57:54.079792
92c5f210-e5d8-4f7d-9a6e-2f10c5725dad,Stand Up India + Related Women / SC-ST Enterprise Credit Support,Department of Financial Services / SIDBI,"Continuing credit facilitation for SC/ST and women entrepreneurs for greenfield enterprises, with handholding support through Stand-Up India portals and convergence with Mudra and other schemes for smaller ticket sizes.",Business,Loan,Central,"[""Bank loans Rs 10 lakh to Rs 1 crore for greenfield projects"",""Focus on SC/ST and women entrepreneurs"",""Handholding for project preparation and bank linkage"",""Composite term and working capital support""]","[""SC or ST or Woman entrepreneur aged 18+"",""Greenfield enterprise in manufacturing, services or trading"",""Not a defaulter of any bank"",""Who is NOT eligible: Non-greenfield (existing) enterprises for the core Stand-Up India window""]","[""Aadhaar Card"",""Caste certificate for SC/ST"",""Project report"",""Address and identity proof"",""Bank statements""]",10000000,Rs 10 Lakh to 1 Crore Loan for SC/ST & Women Greenfield Enterprises,9.5,84,false,12,0.0,"[""All Scheduled Commercial Banks""]",,,,,All,18,65,,"[""SC"",""ST""]",Both,Ongoing,Active,https://www.standupmitra.in/,"[""stand up india"",""women entrepreneur"",""sc st"",""greenfield"",""loan""]",0,,2026-08-16T16:57:54.079854,2026-08-16T16:57:54.079856
d687a100-612e-44c8-9dd3-fad353db15fd,Pradhan Mantri Street Vendor's AtmaNirbhar Nidhi (PM SVANidhi) - Current,Ministry of Housing and Urban Affairs,PM SVANidhi provides affordable working capital loans to street vendors to resume and expand their livelihoods. It offers collateral-free loans in tranches with interest subsidy on timely repayment and incentives for digital transactions.,Business,Loan,Central,"[""Collateral-free working capital loans in tranches (up to Rs 50,000 in later cycles)"",""Interest subsidy of 7% on timely repayment"",""Cashback incentives for digital transactions"",""No collateral required"",""Helps formalise street vendors""]","[""Street vendors operating in urban areas including Census Towns"",""Vendors identified by ULB or possessing Certificate of Vending"",""Age 18 years and above"",""Who is NOT eligible: Vendors purely in non-Census rural areas in most cases""]","[""Aadhaar Card"",""Vending Certificate or ULB ID"",""Bank Account details"",""Passport size photograph""]",50000,"Up to Rs 50,000 Collateral-Free Loan + 7% Interest Subsidy",12.0,24,false,0,7.0,"[""Banks"",""NBFCs"",""MFIs"",""RRBs""]",,,,,All,18,,,"[""General"",""OBC"",""SC"",""ST""]",Urban,Ongoing,Active,https://pmsvanidhi.mohua.gov.in/,"[""pm svanidhi"",""street vendor"",""micro credit"",""urban"",""interest subsidy""]",0,,2026-08-16T17:43:35.806613,2026-08-16T17:43:35.806739
976e2188-ca61-4743-9599-9d1b3e878f71,Credit Linked Subsidy Scheme (CLSS) under PMAY-Urban (legacy / residual),Ministry of Housing and Urban Affairs,"CLSS component under PMAY-Urban provided interest subsidy on home loans for EWS, LIG and MIG beneficiaries for acquisition or construction of houses. Although the main verticals have evolved, residual and related interest subsidy benefits continue to be relevant for eligible beneficiaries.",Housing,Subsidy,Central,"[""Interest subsidy on housing loans for eligible income categories"",""Reduces EMI burden for first-time home buyers"",""Support for EWS, LIG and previously MIG segments"",""Linked to PMAY-Urban goals of Housing for All""]","[""First-time home buyers in eligible income groups (EWS/LIG)"",""House should meet carpet area norms of the scheme"",""Who is NOT eligible: Those already owning a pucca house in the country""]","[""Aadhaar Card"",""Income Certificate"",""Loan sanction documents from bank"",""Property documents"",""Affidavit of no existing house""]",267000,Interest Subsidy on Home Loans for EWS/LIG,,,,,,,,267000,true,false,All,18,70,600000,"[""General"",""OBC"",""SC"",""ST""]",Urban,As per residual notifications,Active,https://pmaymis.gov.in/,"[""clss"",""pmay urban"",""interest subsidy"",""housing loan"",""ews lig""]",0,,2026-08-16T17:43:35.806790,2026-08-16T17:43:35.806791
a37c139a-5fb1-4cca-83d0-9a945b8e001d,National Education Policy linked Scholarships & Samagra Shiksha Support,Ministry of Education,"Under Samagra Shiksha and NEP 2020 implementation, various supports are provided for school education including free textbooks, uniforms, transport, inclusive education and vocational education components to ensure equitable and quality education.",Education,Scheme,Central,"[""Free textbooks and uniforms for eligible students"",""Support for inclusive education and CWSN"",""Vocational education exposure at school level"",""Transport and escort allowances in some cases"",""Strengthening of schools and teacher training""]","[""Students in government and aided schools as per state implementation"",""Focus on elementary and secondary stages"",""Who is NOT eligible: Purely private unaided school students for most entitlement components""]","[""Aadhaar Card"",""School enrolment proof"",""Caste / disability certificate if claiming specific benefits""]",,"Free Textbooks, Uniforms & School Education Support",,,,,,,,,,,All,6,18,,"[""General"",""OBC"",""SC"",""ST""]",Both,Ongoing,Active,https://samagra.education.gov.in/,"[""samagra shiksha"",""nep"",""free textbooks"",""school education"",""inclusive""]",0,,2026-08-16T17:43:35.806813,2026-08-16T17:43:35.806815
d92b779b-fe0c-4a3a-a653-e75c61087aee,Pradhan Mantri Kaushal Vikas Yojana (PMKVY),Ministry of Skill Development and Entrepreneurship,"PMKVY is the flagship skill development scheme that provides free short-term skill training and Recognition of Prior Learning (RPL) to youth, with a focus on employment and entrepreneurship outcomes. Training is aligned to National Skill Qualification Framework.",Education,Scheme,Central,"[""Free skill training in NSQF aligned courses"",""Recognition of Prior Learning certification"",""Monetary reward / certificate on successful assessment"",""Placement and entrepreneurship support facilitation"",""Special focus on women, SC/ST and underprivileged youth""]","[""Indian youth in the eligible age group (typically 15-45 years depending on component)"",""As per guidelines of the specific PMKVY version"",""Who is NOT eligible: Those already fully trained and certified in the same job role recently""]","[""Aadhaar Card"",""Educational certificates if required for the course"",""Bank Account details"",""Passport size photographs""]",,Free Skill Training + Certification under PMKVY,,,,,,,,,,,All,15,45,,"[""General"",""OBC"",""SC"",""ST""]",Both,Ongoing,Active,https://www.pmkvyofficial.org/ or Skill India portal,"[""pmkvy"",""skill development"",""nsqf"",""rpl"",""training""]",0,,2026-08-16T17:43:35.806832,2026-08-16T17:43:35.806856
45949f62-46ae-48da-9b8e-2cabde2195f3,National Career Service (NCS) / Employment Exchange Modernisation,Ministry of Labour and Employment,"National Career Service portal connects job seekers with employers, provides career counselling, information on skill development and facilitates employment related services. It is the modern avatar of employment exchanges.",Social Welfare,Scheme,Central,"[""Free registration for job seekers and employers"",""Job matching and career counselling"",""Information on skill courses and apprenticeships"",""Model Career Centres support"",""Transparent employment services""]","[""Any Indian job seeker or employer"",""No income restriction for registration"",""Who is NOT eligible: None for basic registration""]","[""Aadhaar Card"",""Educational and experience details for profile"",""Resume upload optional""]",,Free Job Portal + Career Counselling Services,,,,,,,,,,,All,18,,,"[""General"",""OBC"",""SC"",""ST""]",Both,Ongoing,Active,https://www.ncs.gov.in/,"[""ncs"",""national career service"",""job portal"",""employment exchange""]",0,,2026-08-16T17:43:35.806882,2026-08-16T17:43:35.806884
9e690dfb-24f2-43b0-83d6-c58859c50c0f,Prime Minister's Employment Generation Programme (PMEGP) - Current,"Ministry of Micro, Small and Medium Enterprises",PMEGP is a credit-linked subsidy programme for generating self-employment through establishment of micro-enterprises in the non-farm sector. Margin money subsidy is provided on bank loans for new projects.,Business,Loan,Central,"[""Margin money subsidy 15-35% of project cost"",""Higher subsidy for special categories and rural/NE areas"",""Bank finance for the balance project cost"",""Project cost ceiling Rs 50 lakh (manufacturing) / Rs 20 lakh (service)"",""EDP training support""]","[""Individuals above 18 years, SHGs, societies, trusts, etc."",""Only new units (no existing unit assistance)"",""For higher project cost minimum educational qualification applies"",""Who is NOT eligible: Existing units and those who have already availed government subsidy for the same purpose""]","[""Aadhaar Card"",""Project report"",""Educational certificate if applicable"",""Caste certificate for higher subsidy"",""Bank Account details""]",5000000,15-35% Margin Money Subsidy + Bank Loan for New Micro Enterprises,11.0,84,false,12,0.0,"[""Banks through KVIC / DIC / KVIB""]",,,,,All,18,,,"[""General"",""OBC"",""SC"",""ST""]",Both,Ongoing,Active,https://www.kviconline.gov.in/pmegpeportal/,"[""pmegp"",""margin money"",""self employment"",""micro enterprise"",""kvic""]",0,,2026-08-16T17:43:35.806905,2026-08-16T17:43:35.806906
20bd33c6-68f3-442f-9db1-81748c01ed80,Pradhan Mantri Mudra Yojana (PMMY) - Tarun Plus & Current Limits,Ministry of Finance / SIDBI / MUDRA,"PMMY provides collateral-free loans up to Rs 20 lakh (with Tarun Plus category) to non-corporate, non-farm small and micro enterprises under Shishu, Kishore, Tarun and Tarun Plus categories to fund the unfunded.",Business,Loan,Central,"[""Collateral-free loans up to Rs 20 lakh"",""Categories: Shishu, Kishore, Tarun, Tarun Plus"",""Support for income generating activities"",""Helps build credit history for small entrepreneurs""]","[""Non-corporate, non-farm small/micro enterprises"",""Indian citizen with viable business plan"",""Age generally 18+"",""Who is NOT eligible: Large corporates and farm sector primary activities in pure form""]","[""Aadhaar Card"",""PAN if available"",""Business plan / project details"",""Identity and address proof"",""Bank Account details""]",2000000,Collateral-Free Loan up to Rs 20 Lakh (Mudra),9.5,60,false,6,0.0,"[""All Banks"",""NBFCs"",""MFIs"",""RRBs""]",,,,,All,18,65,,"[""General"",""OBC"",""SC"",""ST""]",Both,Ongoing,Active,https://www.mudra.org.in/ or https://udyamimitra.in/,"[""mudra"",""pmmy"",""shishu"",""kishore"",""tarun"",""collateral free""]",0,,2026-08-16T17:43:35.806984,2026-08-16T17:43:35.806986
e5a1181d-20f4-46e8-b109-c5b33688ec35,One District One Product (ODOP) related Support under PMFME & State Schemes,Ministry of Food Processing Industries / State Governments,"ODOP approach under PMFME and state initiatives identifies one product per district for focused development of processing, branding and marketing. Financial and technical support is provided to micro enterprises in the ODOP product value chain.",Business,Subsidy,Central,"[""Priority under PMFME subsidy for ODOP products"",""Branding, marketing and common infrastructure support"",""Capacity building for local products"",""Value chain development at district level""]","[""Micro food processing units dealing with ODOP products of the district"",""FPOs, SHGs and individual entrepreneurs in the value chain"",""Who is NOT eligible: Units not linked to the notified ODOP product of the district""]","[""Aadhaar / entity documents"",""Project report linked to ODOP"",""Bank Account details"",""Proof of activity""]",1000000,Focused Subsidy & Support for District ODOP Products,,,,,,,35.0,1000000,true,false,All,18,,,"[""General"",""OBC"",""SC"",""ST""]",Both,Ongoing,Active,https://pmfme.mofpi.gov.in/,"[""odop"",""one district one product"",""pmfme"",""food processing"",""district""]",0,,2026-08-16T17:43:35.807010,2026-08-16T17:43:35.807011
1ba75708-328b-4966-8d93-853d9155ed84,National AYUSH Mission (NAM),Ministry of Ayush,"National AYUSH Mission promotes AYUSH systems (Ayurveda, Yoga & Naturopathy, Unani, Siddha, Homoeopathy) through support for AYUSH services, educational institutions, quality control of drugs and medicinal plants cultivation.",Healthcare,Scheme,Central,"[""Support for AYUSH hospitals, dispensaries and educational institutions"",""Quality control and drug standardisation support"",""Medicinal plants cultivation and processing assistance"",""Integration of AYUSH with mainstream healthcare""]","[""State AYUSH departments, institutions and eligible organisations as per NAM guidelines"",""Projects approved under the Mission"",""Who is NOT eligible: Activities outside the approved components of NAM""]","[""Project proposal"",""Institutional registration"",""Technical details as required""]",,"Support for AYUSH Services, Education & Medicinal Plants",,,,,,,,,,,All,,,,"[""General"",""OBC"",""SC"",""ST""]",Both,Ongoing,Active,https://namayush.gov.in/,"[""ayush"",""nam"",""ayurveda"",""homoeopathy"",""medicinal plants""]",0,,2026-08-16T17:43:35.807050,2026-08-16T17:43:35.807052
6043f9c1-ec6f-4988-8e16-1158a602f9c2,Integrated Child Development Services (ICDS) / Anganwadi Services,Ministry of Women and Child Development,"ICDS is one of the world's largest programmes for early childhood care and development. It provides a package of services including supplementary nutrition, immunisation, health check-up, referral, pre-school education and nutrition & health education through Anganwadi Centres.",Healthcare,Scheme,Central,"[""Supplementary nutrition for children under 6, pregnant and lactating women"",""Pre-school non-formal education"",""Immunisation, health check-up and referral services"",""Nutrition and health education"",""Anganwadi based delivery close to the community""]","[""Children under 6 years, pregnant women and lactating mothers in the Anganwadi area"",""Open to all eligible beneficiaries in the catchment"",""Who is NOT eligible: Those outside the target age and physiological groups""]","[""Aadhaar Card preferred"",""MCP Card / Anganwadi registration"",""Birth related documents for children""]",,Supplementary Nutrition + Pre-School + Health Services via Anganwadi,,,,,,,,,,,All,0,6,,"[""General"",""OBC"",""SC"",""ST""]",Both,Ongoing,Active,https://icds-wcd.nic.in/,"[""icds"",""anganwadi"",""child development"",""nutrition"",""pre school""]",0,,2026-08-16T17:43:35.807075,2026-08-16T17:43:35.807076
3f11cf3e-f1e1-471d-b5e9-2520e19a7c66,Pradhan Mantri Jan Arogya Yojana (PM-JAY) - Ayushman Bharat,Ministry of Health and Family Welfare,Ayushman Bharat PM-JAY is the world's largest health assurance scheme providing health cover of Rs 5 lakh per family per year for secondary and tertiary care hospitalisation to over 12 crore poor and vulnerable families. It offers cashless and paperless access to services at empaneled hospitals.,Healthcare,Scheme,Central,"[""Health cover of Rs 5 lakh per family per year"",""Cashless treatment at empaneled public and private hospitals"",""Covers pre and post hospitalisation expenses"",""No restriction on family size, age or gender"",""Over 1900 procedures covered""]","[""Families identified as per SECC 2011 and state-specific criteria"",""Automatically included vulnerable categories"",""Who is NOT eligible: Families not meeting SECC/state inclusion criteria in most cases""]","[""Aadhaar Card"",""Ration Card / SECC verification"",""PM-JAY e-Card if issued""]",500000,Rs 5 Lakh Health Cover per Family per Year,,,,,,,,,,,All,,,,"[""General"",""OBC"",""SC"",""ST""]",Both,Ongoing,Active,https://pmjay.gov.in/,"[""pmjay"",""ayushman bharat"",""health cover"",""5 lakh"",""hospitalisation""]",0,,2026-08-16T17:45:11.220955,2026-08-16T17:45:11.221018
bd51d9ab-0922-419e-9eff-8ab6efd08c1f,Pradhan Mantri Matru Vandana Yojana (PMMVY) 2.0 / Enhanced,Ministry of Women and Child Development,"PMMVY provides cash maternity benefit to pregnant women and lactating mothers for the first living child to improve health-seeking behaviour and nutrition. Benefits are linked to antenatal check-ups, delivery and vaccination milestones.",Healthcare,Scheme,Central,"[""Cash incentive of Rs 5,000 in instalments"",""Promotes antenatal care, institutional delivery and immunisation"",""Direct Benefit Transfer to the woman's account"",""Supports maternal and child nutrition""]","[""Pregnant woman or lactating mother for the first living child"",""Age 19 years and above"",""Must complete prescribed health check-ups and vaccinations for full benefit"",""Who is NOT eligible: Women for second or subsequent living child (with limited exceptions)""]","[""Aadhaar Card of the woman"",""MCP Card / pregnancy records"",""Bank Account details of the woman""]",5000,"Rs 5,000 Maternity Cash Benefit for First Child",,,,,,,,,,,Female,19,,,"[""General"",""OBC"",""SC"",""ST""]",Both,Ongoing,Active,https://pmmvy.wcd.gov.in/,"[""pmmvy"",""maternity benefit"",""pregnant women"",""first child"",""dbt""]",0,,2026-08-16T17:45:11.221077,2026-08-16T17:45:11.221079
ad872cf2-2a46-43a8-9256-9e1d8c5eb1e9,Beti Bachao Beti Padhao (BBBP),Ministry of Women and Child Development,"Beti Bachao Beti Padhao is a national initiative to address declining Child Sex Ratio and related issues of empowerment of girls through multi-sectoral interventions in education, health and advocacy for the girl child.",Social Welfare,Scheme,Central,"[""Awareness and advocacy for value of girl child"",""Support for education and enrolment of girls"",""Convergence with health and nutrition schemes"",""District-level action plans in focused districts""]","[""Girl children and families in implementing districts and nationwide advocacy"",""Open awareness programme with focused interventions"",""Who is NOT eligible: Not a direct individual cash scheme; benefits are through programmes""]","[""Aadhaar for related education/health linkages"",""School enrolment documents for education components""]",,"National Mission for Girl Child Survival, Protection & Education",,,,,,,,,,,Female,0,18,,"[""General"",""OBC"",""SC"",""ST""]",Both,Ongoing,Active,https://wcd.nic.in/ or BBBP related state portals,"[""beti bachao beti padhao"",""bbbp"",""girl child"",""sex ratio"",""education""]",0,,2026-08-16T17:45:11.221107,2026-08-16T17:45:11.221109
568768ba-99de-4b6c-8ffd-f11e3a7246f8,National Mission for Clean Ganga (NMCG) / Namami Gange,Ministry of Jal Shakti,"Namami Gange is an integrated conservation mission to accomplish effective abatement of pollution, conservation and rejuvenation of the National River Ganga. It includes sewage treatment, river front development, biodiversity and afforestation components.",Social Welfare,Scheme,Central,"[""Sewage treatment infrastructure along Ganga basin"",""River surface cleaning and biodiversity conservation"",""Public awareness and Ganga gram components"",""Improved water quality and river health""]","[""Projects in Ganga basin states implemented by state agencies and NMCG"",""As per approved Detailed Project Reports"",""Who is NOT eligible: Projects outside the Ganga basin mandate""]","[""Project proposals from state agencies"",""Technical and environmental clearances""]",,Ganga Rejuvenation - Sewage Treatment & River Conservation,,,,,,,,,,,All,,,,"[""General"",""OBC"",""SC"",""ST""]",Both,Ongoing,Active,https://nmcg.nic.in/,"[""namami gange"",""nmcg"",""ganga"",""river cleaning"",""sewage treatment""]",0,,2026-08-16T17:45:11.221129,2026-08-16T17:45:11.221130
e7b3af71-992c-4bd1-bb02-388cc3f40a25,Pradhan Mantri Krishi Sinchayee Yojana (PMKSY),Ministry of Agriculture and Farmers Welfare / Ministry of Jal Shakti,"PMKSY aims to enhance physical access of water on farm, expand cultivable area under assured irrigation, improve on-farm water use efficiency and introduce sustainable water conservation practices. It includes components like Accelerated Irrigation Benefits, Har Khet Ko Pani and Per Drop More Crop.",Agriculture,Subsidy,Central,"[""Subsidy and support for micro-irrigation (drip and sprinkler)"",""Accelerated completion of irrigation projects"",""Watershed development and water harvesting"",""Improved water use efficiency at farm level""]","[""Farmers, water user associations, state agencies as per component"",""Priority to water-stressed areas and small/marginal farmers in many components"",""Who is NOT eligible: Activities not covered under approved PMKSY components""]","[""Aadhaar Card"",""Land records"",""Bank Account details"",""Project / quotation documents for micro-irrigation""]",500000,Micro-Irrigation Subsidy + Irrigation Infrastructure Support,,,,,,,55.0,500000,true,true,All,18,,,"[""General"",""OBC"",""SC"",""ST""]",Rural,Ongoing,Active,https://pmksy.gov.in/,"[""pmksy"",""micro irrigation"",""per drop more crop"",""irrigation"",""watershed""]",0,,2026-08-16T17:45:11.221177,2026-08-16T17:45:11.221179
15041a0c-8fa2-4b24-b7b1-5c510d4f7a38,Soil Health Card Scheme / Soil Health Management,Ministry of Agriculture and Farmers Welfare,Soil Health Card Scheme provides farmers with information on the nutrient status of their soil along with recommendations on the appropriate dosage of nutrients for improving soil health and fertility. It promotes balanced use of fertilisers.,Agriculture,Scheme,Central,"[""Soil Health Card with nutrient status and crop-wise recommendations"",""Promotes balanced fertiliser use and reduced cost of cultivation"",""Periodic soil testing cycle"",""Improved soil fertility and productivity""]","[""All farmers with agricultural land"",""Cards issued based on grid-based soil sampling"",""Who is NOT eligible: Non-farmers""]","[""Aadhaar Card"",""Land details / khasra"",""Contact details for card delivery""]",,Free Soil Health Card with Nutrient Recommendations,,,,,,,,,,,All,18,,,"[""General"",""OBC"",""SC"",""ST""]",Rural,Ongoing,Active,https://soilhealth.dac.gov.in/,"[""soil health card"",""soil testing"",""fertiliser recommendation"",""agriculture""]",0,,2026-08-16T17:45:11.221194,2026-08-16T17:45:11.221195
00ef1128-f69e-488b-a76b-2bbea97e440d,National Food Security Mission (NFSM),Ministry of Agriculture and Farmers Welfare,"NFSM aims to increase production of rice, wheat, pulses, coarse cereals and nutri-cereals through area expansion and productivity enhancement in a sustainable manner, restoring soil fertility and creating employment opportunities.",Agriculture,Subsidy,Central,"[""Subsidy on seeds, farm machinery and other inputs for target crops"",""Support for demonstrations and cropping system based approaches"",""Focus on pulses and nutri-cereals for nutritional security"",""Capacity building of farmers""]","[""Farmers in identified districts for specific crops under NFSM"",""As per state implementation plans"",""Who is NOT eligible: Farmers outside the notified districts/crops for specific interventions""]","[""Aadhaar Card"",""Land records"",""Bank Account details"",""Crop details""]",100000,"Input Subsidy & Support for Rice, Wheat, Pulses & Nutri-Cereals",,,,,,,50.0,100000,true,false,All,18,,,"[""General"",""OBC"",""SC"",""ST""]",Rural,Ongoing,Active,https://www.nfsm.gov.in/,"[""nfsm"",""food security"",""pulses"",""nutri cereals"",""seed subsidy""]",0,,2026-08-16T17:45:11.221237,2026-08-16T17:45:11.221239
65128dd3-4232-4d64-b743-99e8bd518a7d,Rashtriya Krishi Vikas Yojana (RKVY / RKVY-RAFTAAR),Ministry of Agriculture and Farmers Welfare,"RKVY is a state-plan scheme that incentivises states to increase public investment in agriculture and allied sectors. RKVY-RAFTAAR focuses on making farming a remunerative economic activity through strengthening farmer efforts, risk mitigation and promoting agri-business entrepreneurship.",Agriculture,Subsidy,Central,"[""Flexible funding to states for agriculture and allied sector projects"",""Support for infrastructure, production growth and agri-entrepreneurship"",""Sub-schemes for value chain and innovation"",""State-specific prioritisation""]","[""State governments and implementing agencies for approved projects"",""Farmers and entrepreneurs benefit through state-level projects"",""Who is NOT eligible: Direct individual applications outside state project framework""]","[""Project proposals from states"",""As per specific sub-scheme requirements for individual beneficiaries""]",,State-Flexible Funding for Agriculture & Agri-Entrepreneurship,,,,,,,,,false,false,All,,,,"[""General"",""OBC"",""SC"",""ST""]",Rural,Ongoing,Active,https://rkvy.nic.in/,"[""rkvy"",""raftaar"",""agriculture investment"",""state plan"",""agri entrepreneurship""]",0,,2026-08-16T17:45:11.221260,2026-08-16T17:45:11.221261
cad80257-818c-4f2d-a51f-ddcaddb3ba3a,Sub-Mission on Agricultural Mechanization (SMAM) - Current,Ministry of Agriculture and Farmers Welfare,"SMAM promotes agricultural mechanisation among small and marginal farmers through financial assistance for purchase of machinery, establishment of Custom Hiring Centres and Farm Machinery Banks, and training.",Agriculture,Subsidy,Central,"[""Subsidy on purchase of tractors, power tillers and other farm equipment"",""Higher subsidy rates for SC/ST, small & marginal farmers and women"",""Support for Custom Hiring Centres"",""Training and demonstration of equipment""]","[""Farmers, especially small and marginal, SC/ST and women farmers"",""Purchase from approved sources as per state guidelines"",""Who is NOT eligible: Non-farmers and those already availing similar subsidy for the same machine recently""]","[""Aadhaar Card"",""Land records"",""Bank Account details"",""Quotation from supplier"",""Caste certificate if claiming higher rate""]",150000,Subsidy on Farm Machinery & Custom Hiring Centres,,,,,,,50.0,150000,true,true,All,18,,,"[""General"",""OBC"",""SC"",""ST""]",Rural,Ongoing,Active,https://agrimachinery.nic.in/,"[""smam"",""farm machinery"",""tractor subsidy"",""mechanization"",""custom hiring""]",0,,2026-08-16T17:45:11.221280,2026-08-16T17:45:11.221281
f3477800-7864-4cc1-a206-6c7541d650af,Pradhan Mantri Formalisation of Micro Food Processing Enterprises (PMFME) - Current,Ministry of Food Processing Industries,"PMFME provides financial, technical and business support for upgradation of existing micro food processing enterprises. Credit-linked subsidy of 35% (max Rs 10 lakh) is a major component along with branding, marketing and capacity building under ODOP approach.",Business,Subsidy,Central,"[""35% credit-linked capital subsidy up to Rs 10 lakh"",""Support for FPOs, SHGs and cooperatives"",""Branding and marketing assistance"",""Capacity building and common infrastructure""]","[""Existing micro food processing units or new units under ODOP"",""Individuals, FPOs, SHGs, cooperatives"",""Age 18+ and minimum educational criteria in some cases"",""Who is NOT eligible: Units not in food processing or already fully assisted""]","[""Aadhaar Card"",""Udyam / business proof"",""Project report"",""Bank Account details"",""Land / premises documents""]",1000000,35% Subsidy up to Rs 10 Lakh for Micro Food Processing,,,,,,,35.0,1000000,true,false,All,18,,,"[""General"",""OBC"",""SC"",""ST""]",Both,Ongoing,Active,https://pmfme.mofpi.gov.in/,"[""pmfme"",""food processing"",""odop"",""micro enterprise"",""subsidy""]",0,,2026-08-16T17:45:11.221296,2026-08-16T17:45:11.221297
5e5f1e0c-2b02-49ae-b70c-41f4b5ba8227,Atal Pension Yojana (APY),Ministry of Finance / PFRDA,"Atal Pension Yojana is a government-backed pension scheme for workers in the unorganised sector. Subscribers receive a fixed minimum pension between Rs 1,000 and Rs 5,000 per month after the age of 60, depending on their contribution amount and age of joining, with the government co-contributing in eligible cases for a limited period.",Finance,Scheme,Central,"[""Guaranteed minimum pension of Rs 1,000 to Rs 5,000 per month after 60 years"",""Government co-contribution for eligible subscribers (for a limited period)"",""Same pension to spouse after subscriber's death"",""Return of corpus to nominee after death of subscriber and spouse"",""Low and flexible contribution options""]","[""Indian citizen aged 18 to 40 years"",""Must have a savings bank account and Aadhaar"",""Primarily targeted at unorganised sector workers"",""Who is NOT eligible: Those already covered under statutory social security schemes in some co-contribution cases""]","[""Aadhaar Card"",""Savings bank account details"",""Mobile number"",""Age proof""]",5000,"Guaranteed Pension Rs 1,000–5,000/month after 60",,,,,,,,,,,All,18,40,,"[""General"",""OBC"",""SC"",""ST""]",Both,Ongoing,Active,https://www.npscra.nsdl.co.in/ or any bank / post office,"[""atal pension"",""apy"",""unorganised sector"",""pension"",""pfrda""]",0,,2026-08-16T17:46:44.707258,2026-08-16T17:46:44.707319
96f41e09-c293-4faa-a6ba-4dcd69b5f503,Pradhan Mantri Jeevan Jyoti Bima Yojana (PMJJBY),Ministry of Finance,PMJJBY is an affordable life insurance scheme offering Rs 2 lakh life cover for death due to any reason at a very low annual premium. It is available to savings bank account holders in the age group 18-50 years and is renewable yearly.,Finance,Scheme,Central,"[""Life insurance cover of Rs 2 lakh for death due to any reason"",""Very low annual premium (around Rs 436 as per latest rates)"",""Auto-debit from linked bank account"",""Easy enrolment through bank or post office""]","[""Savings bank account holder aged 18 to 50 years"",""Must consent to auto-debit of premium"",""Who is NOT eligible: Persons outside the 18-50 age group at entry""]","[""Aadhaar Card"",""Savings bank account details"",""Consent form for auto-debit""]",200000,Rs 2 Lakh Life Insurance at Very Low Premium,,,,,,,,,,,All,18,50,,"[""General"",""OBC"",""SC"",""ST""]",Both,Ongoing (annual renewal),Active,https://www.jansuraksha.gov.in/ or through banks,"[""pmjjby"",""life insurance"",""jeevan jyoti"",""low premium"",""bank""]",0,,2026-08-16T17:46:44.707356,2026-08-16T17:46:44.707357
d8b2e77c-0581-4d9a-b38e-020d4a79cf62,Pradhan Mantri Suraksha Bima Yojana (PMSBY),Ministry of Finance,PMSBY is an accident insurance scheme providing Rs 2 lakh cover for accidental death and full disability and Rs 1 lakh for partial disability at an extremely low annual premium of Rs 20. It is linked to savings bank accounts.,Finance,Scheme,Central,"[""Rs 2 lakh for accidental death or full permanent disability"",""Rs 1 lakh for partial permanent disability"",""Annual premium of only Rs 20"",""Auto-debit facility from bank account""]","[""Savings bank account holder aged 18 to 70 years"",""Must give consent for auto-debit"",""Who is NOT eligible: Persons above 70 years at the time of renewal""]","[""Aadhaar Card"",""Savings bank account details"",""Consent for auto-debit""]",200000,Rs 2 Lakh Accident Insurance at Rs 20/year,,,,,,,,,,,All,18,70,,"[""General"",""OBC"",""SC"",""ST""]",Both,Ongoing (annual renewal),Active,https://www.jansuraksha.gov.in/ or through banks,"[""pmsby"",""accident insurance"",""suraksha bima"",""low premium""]",0,,2026-08-16T17:46:44.707404,2026-08-16T17:46:44.707406
e25919e2-b06b-445e-b7f9-560b58804cd4,Mahila Samman Savings Certificate (MSSC),Ministry of Finance / Department of Economic Affairs,Mahila Samman Savings Certificate is a short-term small savings scheme for women and girls offering attractive interest rate and flexibility of partial withdrawal. It was introduced as a one-time or time-bound scheme to encourage savings among women.,Finance,Scheme,Central,"[""Attractive fixed interest rate for the tenure"",""Partial withdrawal facility after a lock-in period"",""Account can be opened in the name of a woman or a girl child"",""Available at post offices and authorised banks""]","[""Woman or girl child (guardian can open for minor girl)"",""As per the specific scheme notification period"",""Who is NOT eligible: Male account holders for this specific scheme""]","[""Aadhaar Card"",""Identity and address proof"",""Age proof for minor"",""Passport size photograph""]",200000,Special High-Interest Savings Scheme for Women,,,,,,,,,,,Female,0,,,"[""General"",""OBC"",""SC"",""ST""]",Both,As per scheme notification,Active,https://www.indiapost.gov.in/ or authorised banks,"[""mahila samman"",""mssc"",""women savings"",""small savings"",""post office""]",0,,2026-08-16T17:46:44.707432,2026-08-16T17:46:44.707433
e786e261-5ffc-490c-a65b-834325fa3679,National Savings Certificate (NSC),Ministry of Finance / India Post,"National Savings Certificate is a fixed-income, government-backed savings instrument available at post offices. It offers fixed interest rate, tax benefit under Section 80C and is suitable for small and medium savers seeking safety.",Finance,Scheme,Central,"[""Fixed interest rate compounded annually but payable at maturity"",""Tax deduction under Section 80C"",""Government-backed safety"",""Available in different denominations"",""5-year maturity period""]","[""Any Indian individual (single or joint)"",""Trusts and other eligible entities as per rules"",""Who is NOT eligible: NRIs in most cases for new investments""]","[""Aadhaar Card"",""PAN Card"",""Identity and address proof"",""Photograph""]",150000,5-Year Government Savings Certificate with 80C Benefit,,,,,,,,,,,All,0,,,"[""General"",""OBC"",""SC"",""ST""]",Both,Ongoing,Active,https://www.indiapost.gov.in/,"[""nsc"",""national savings certificate"",""post office"",""tax saving"",""80c""]",0,,2026-08-16T17:46:44.707453,2026-08-16T17:46:44.707454
670b4042-cf1a-409c-a043-a4a8bbf51efd,Senior Citizens Savings Scheme (SCSS),Ministry of Finance / India Post,"Senior Citizens Savings Scheme is a government-backed savings scheme for individuals aged 60 years and above (and certain early retirees). It offers higher interest rate and quarterly interest payout, making it suitable for regular income needs of senior citizens.",Finance,Scheme,Central,"[""Higher interest rate than most small savings schemes"",""Quarterly interest payout"",""Tax benefit under Section 80C on deposit"",""5-year tenure (extendable by 3 years)"",""Government-backed safety""]","[""Individual aged 60 years or above"",""Early retirees under certain conditions (55+ or 50+ for defence) as per rules"",""Who is NOT eligible: Persons below the prescribed age without early retirement eligibility""]","[""Aadhaar Card"",""Age proof"",""PAN Card"",""Identity and address proof"",""Photograph""]",3000000,High Interest Quarterly Payout Scheme for Senior Citizens,,,,,,,,,,,All,60,,,"[""General"",""OBC"",""SC"",""ST""]",Both,Ongoing,Active,https://www.indiapost.gov.in/ or authorised banks,"[""scss"",""senior citizens"",""quarterly interest"",""pension alternative"",""80c""]",0,,2026-08-16T17:46:44.707470,2026-08-16T17:46:44.707471
b473f687-502a-4089-9189-70329a129b08,Kisan Vikas Patra (KVP) - Current,Ministry of Finance / India Post,Kisan Vikas Patra is a small savings instrument that doubles the invested amount in a predetermined period at the prevailing interest rate. It is available at post offices and authorised banks and is popular among small savers seeking guaranteed doubling.,Finance,Scheme,Central,"[""Amount doubles in a fixed period (as per current rate)"",""Government-backed safety"",""Can be transferred and pledged as security"",""Available in multiple denominations"",""No upper investment limit in most cases""]","[""Any adult individual (single or joint)"",""Trusts as per rules"",""Who is NOT eligible: NRIs for new investments in standard form""]","[""Aadhaar Card"",""PAN Card"",""Identity and address proof"",""Photograph""]",,Doubling of Investment in Fixed Period (Government Backed),,,,,,,,,,,All,18,,,"[""General"",""OBC"",""SC"",""ST""]",Both,Ongoing,Active,https://www.indiapost.gov.in/,"[""kvp"",""kisan vikas patra"",""doubling scheme"",""post office"",""small savings""]",0,,2026-08-16T17:46:44.707485,2026-08-16T17:46:44.707486
29ed15e5-3b13-4ad9-ae1a-c7571f1a86d8,National Pension System (NPS) - All Citizen Model,Ministry of Finance / PFRDA,"National Pension System is a voluntary, long-term retirement savings scheme open to all Indian citizens. It offers market-linked returns with a mix of equity, corporate bonds and government securities, and provides tax benefits under Section 80C and 80CCD.",Finance,Scheme,Central,"[""Market-linked returns with choice of funds"",""Tax benefits under 80C and additional 80CCD(1B)"",""Partial withdrawal for specific needs"",""Annuity purchase at retirement for regular pension"",""Low-cost and transparent structure"",""Portable across jobs and locations""]","[""Any Indian citizen aged 18 to 70 years (for All Citizen model)"",""Must have KYC compliant account"",""Who is NOT eligible: Persons outside the age criteria for new accounts""]","[""Aadhaar Card"",""PAN Card"",""Bank Account details"",""Photograph and signature/thumb impression""]",,Voluntary Market-Linked Retirement Savings with Tax Benefits,,,,,,,,,,,All,18,70,,"[""General"",""OBC"",""SC"",""ST""]",Both,Ongoing,Active,https://www.npscra.nsdl.co.in/ or https://enps.nsdl.com/,"[""nps"",""national pension system"",""retirement"",""80ccd"",""pfrda""]",0,,2026-08-16T17:46:44.707501,2026-08-16T17:46:44.707502
88cde75f-b7e8-43a9-8097-06fe26e8c270,Sovereign Gold Bond Scheme (SGB) - Current Tranches,Ministry of Finance / RBI,"Sovereign Gold Bonds are government securities denominated in grams of gold. They offer an alternative to physical gold with interest payout, capital gains treatment benefits on redemption, and elimination of storage and purity risks.",Finance,Scheme,Central,"[""Interest of 2.5% per annum on the nominal amount (payable semi-annually)"",""Redemption linked to gold price"",""No storage or purity risk"",""Capital gains tax exemption on redemption for individual investors if held till maturity in many cases"",""Tradable on exchanges and eligible as collateral""]","[""Resident individuals, HUFs, trusts, universities and charitable institutions"",""Minimum 1 gram investment"",""Who is NOT eligible: NRIs for primary issuance in standard form (can hold secondary)""]","[""Aadhaar / PAN"",""Bank Account details"",""Demat account if opting for demat form"",""KYC documents""]",,Government Gold Bonds with 2.5% Interest + Gold Price Linked Returns,,,,,,,,,,,All,0,,,"[""General"",""OBC"",""SC"",""ST""]",Both,As per RBI tranche notification,Active,https://www.rbi.org.in/ or through banks / Stock Holding / Post Office,"[""sovereign gold bond"",""sgb"",""gold"",""rbi"",""interest + gold returns""]",0,,2026-08-16T17:46:44.707518,2026-08-16T17:46:44.707519
c3522cf4-b93d-4846-a884-6d0a28838954,eShram Portal / Registration for Unorganised Workers,Ministry of Labour and Employment,"eShram is the national database of unorganised workers. Registration on eShram provides a Universal Account Number (UAN) and enables access to social security schemes, accident insurance and future benefits targeted at unorganised sector workers.",Social Welfare,Scheme,Central,"[""Universal Account Number (UAN) for unorganised workers"",""Accidental insurance cover of Rs 2 lakh through convergence in many cases"",""Gateway to future social security and welfare schemes"",""Portable identity across locations and jobs"",""Helps in delivery of benefits during crises""]","[""Unorganised worker aged 16 to 59 years"",""Not a member of EPFO or ESIC in most cases"",""Aadhaar mandatory"",""Who is NOT eligible: Organised sector workers already covered under EPFO/ESIC""]","[""Aadhaar Card"",""Mobile number linked to Aadhaar"",""Bank Account details (preferred)"",""Occupation details""]",200000,UAN + Accident Insurance Gateway for Unorganised Workers,,,,,,,,,,,All,16,59,,"[""General"",""OBC"",""SC"",""ST""]",Both,Ongoing,Active,https://eshram.gov.in/,"[""eshram"",""unorganised worker"",""uan"",""social security"",""labour""]",0,,2026-08-16T17:48:16.619971,2026-08-16T17:48:16.620041
269bb8a5-4b26-494e-aec7-76c5a1cf2daa,Pradhan Mantri Shram Yogi Maan-dhan (PM-SYM),Ministry of Labour and Employment,"PM-SYM is a voluntary and contributory pension scheme for unorganised workers. Subscribers receive a minimum assured pension of Rs 3,000 per month after attaining the age of 60 years, with matching contribution from the government.",Social Welfare,Scheme,Central,"[""Minimum assured pension of Rs 3,000 per month after 60 years"",""Equal matching contribution by the Central Government"",""Family pension to spouse on death of subscriber"",""Low monthly contribution based on entry age"",""Simple enrolment through CSCs and online""]","[""Unorganised worker aged 18 to 40 years"",""Monthly income up to Rs 15,000"",""Not covered under EPFO, ESIC or NPS (government)"",""Aadhaar and savings bank account mandatory"",""Who is NOT eligible: Organised sector workers and those above income limit""]","[""Aadhaar Card"",""Savings bank account / Jan Dhan account"",""Mobile number""]",3000,"Assured Pension Rs 3,000/month for Unorganised Workers",,,,,,,,,,,All,18,40,180000,"[""General"",""OBC"",""SC"",""ST""]",Both,Ongoing,Active,https://maandhan.in/ or https://eshram.gov.in/,"[""pm-sym"",""shram yogi maan-dhan"",""unorganised pension"",""3,000 pension""]",0,,2026-08-16T17:48:16.620114,2026-08-16T17:48:16.620116
c0de2e6a-7940-4f4b-a719-985355a54cc3,National Social Assistance Programme (NSAP) - Detailed Components,Ministry of Rural Development,"NSAP comprises Indira Gandhi National Old Age Pension Scheme (IGNOAPS), Indira Gandhi National Widow Pension Scheme (IGNWPS), Indira Gandhi National Disability Pension Scheme (IGNDPS), National Family Benefit Scheme (NFBS) and Annapurna. It provides social assistance to BPL households.",Social Welfare,Scheme,Central,"[""Monthly pension for elderly (60+), widows and persons with severe disability"",""Lump-sum family benefit on death of primary breadwinner"",""Food security support under Annapurna in some residual cases"",""Central assistance with state top-ups in most states""]","[""Belonging to BPL household as per state identification"",""Age and category criteria (60+ / widow / disability percentage)"",""Who is NOT eligible: Those above poverty line and already receiving higher overlapping pensions in some cases""]","[""Aadhaar Card"",""Age / disability / widow certificate"",""BPL or equivalent proof"",""Bank Account details""]",500,"Monthly Pensions for Elderly, Widows & Disabled (BPL)",,,,,,,,,,,All,18,,100000,"[""General"",""OBC"",""SC"",""ST""]",Both,Ongoing,Active,https://nsap.nic.in/,"[""nsap"",""old age pension"",""widow pension"",""disability pension"",""bpl""]",0,,2026-08-16T17:48:16.620293,2026-08-16T17:48:16.620296
042e1ec0-cd70-4769-922d-293bc11716d2,Support for Marginalized Individuals for Livelihood and Enterprise (SMILE),Ministry of Social Justice and Empowerment,"SMILE is a comprehensive scheme for the welfare of transgender persons and persons engaged in begging. It provides rehabilitation, medical facilities, counselling, education, skill development and livelihood opportunities.",Social Welfare,Scheme,Central,"[""Rehabilitation and skill development support"",""Medical care and counselling services"",""Education and livelihood opportunities"",""Shelter and social integration support"",""Focus on transgender persons and people engaged in begging""]","[""Transgender persons and persons engaged in the act of begging"",""As per identification and guidelines of the scheme"",""Who is NOT eligible: Persons not belonging to the target groups""]","[""Aadhaar Card"",""Transgender identity certificate / relevant proof"",""Bank Account details"",""Photographs""]",,"Rehabilitation, Skill & Livelihood Support for Transgender & Beggars",,,,,,,,,,,All,,,,"[""General"",""OBC"",""SC"",""ST""]",Both,Ongoing,Active,https://socialjustice.gov.in/ or SMILE related portal,"[""smile"",""transgender"",""begging rehabilitation"",""livelihood"",""social justice""]",0,,2026-08-16T17:48:16.620320,2026-08-16T17:48:16.620321
3e0d16f7-d817-4178-89ac-d2120b025262,Scheme for Adolescent Girls (SAG) / Poshan related Adolescent Support,Ministry of Women and Child Development,"Scheme for Adolescent Girls aims to improve the nutritional and health status of out-of-school adolescent girls, promote awareness and provide life skills and vocational training support through Anganwadi centres and convergence.",Healthcare,Scheme,Central,"[""Supplementary nutrition for adolescent girls"",""Health check-up and referral services"",""Nutrition and health education"",""Life skills and vocational guidance in some components""]","[""Out-of-school adolescent girls in the target age group (mainly 11-14 or as notified)"",""Registered at Anganwadi centres"",""Who is NOT eligible: School-going girls already covered under other mid-day or school programmes in some cases""]","[""Aadhaar Card"",""Age proof"",""Anganwadi registration""]",,Nutrition & Life Skills Support for Adolescent Girls,,,,,,,,,,,Female,11,18,,"[""General"",""OBC"",""SC"",""ST""]",Both,Ongoing,Active,https://wcd.nic.in/ or Anganwadi / Poshan portals,"[""scheme for adolescent girls"",""sag"",""nutrition"",""anganwadi"",""adolescent""]",0,,2026-08-16T17:48:16.620339,2026-08-16T17:48:16.620341
9a862083-80fe-4501-b6a9-39398e295d40,Pradhan Mantri Annadata Aay Sanrakshan Abhiyan (PM-AASHA),Ministry of Agriculture and Farmers Welfare,"PM-AASHA is an umbrella scheme to ensure remunerative prices to farmers for their produce. It includes Price Support Scheme (PSS), Price Deficiency Payment Scheme (PDPS) and pilot Private Procurement & Stockist Scheme (PPSS) for notified pulses, oilseeds and copra.",Agriculture,Scheme,Central,"[""Procurement at Minimum Support Price (MSP) through PSS"",""Price deficiency payment when market price falls below MSP in PDPS"",""Protection of farmer income for notified crops"",""State-level implementation flexibility""]","[""Farmers growing notified pulses, oilseeds and copra"",""As per state notification and procurement guidelines"",""Who is NOT eligible: Traders and non-farmers""]","[""Aadhaar Card"",""Land records / cultivation proof"",""Bank Account details"",""Crop details""]",,MSP Assurance & Price Deficiency Payment for Farmers,,,,,,,,,,,All,18,,,"[""General"",""OBC"",""SC"",""ST""]",Rural,Seasonal as per procurement,Active,https://www.agricoop.gov.in/ or state agriculture marketing portals,"[""pm-aasha"",""msp"",""price support"",""pulses"",""oilseeds""]",0,,2026-08-16T17:48:16.620384,2026-08-16T17:48:16.620386
ce139b5c-0690-49bf-9b24-851f6704b0a6,Market Intervention Scheme (MIS) and Price Support Scheme (PSS),Ministry of Agriculture and Farmers Welfare,MIS and PSS are implemented to protect farmers from distress sales when prices fall below a certain threshold for perishable and non-perishable commodities. Procurement or price difference support is provided through designated agencies.,Agriculture,Scheme,Central,"[""Procurement support at notified prices"",""Prevention of distress sale"",""Stabilisation of market prices for farmers"",""Implemented through NAFED, SFAC and state agencies""]","[""Farmers of the notified commodity in the implementing state/district"",""As per specific MIS/PSS notification"",""Who is NOT eligible: Non-farmers and commodities not under the notification""]","[""Aadhaar Card"",""Land / cultivation proof"",""Bank Account details"",""Identity proof""]",,Price Support & Market Intervention for Farmers,,,,,,,,,,,All,18,,,"[""General"",""OBC"",""SC"",""ST""]",Rural,As per notification,Active,https://www.agricoop.gov.in/,"[""mis"",""pss"",""price support"",""market intervention"",""farmer""]",0,,2026-08-16T17:48:16.620429,2026-08-16T17:48:16.620431
7105f159-4ba6-4ed2-a013-55710451c2f2,Interest Subvention Scheme for Farmers (ISS) - Short Term Crop Loans,Ministry of Agriculture and Farmers Welfare / Ministry of Finance,The Interest Subvention Scheme provides interest relief to farmers on short-term crop loans up to Rs 3 lakh. Farmers receive loans at subvented rates (effective low interest) and prompt repayment incentive further reduces the effective rate.,Agriculture,Loan,Central,"[""Interest subvention making short-term crop loans available at low effective rates"",""Additional incentive for prompt repayment"",""Support for crop production credit needs"",""Available through banks and cooperative institutions""]","[""Farmers taking short-term crop loans up to Rs 3 lakh"",""Loan from scheduled banks, RRBs or cooperatives"",""Who is NOT eligible: Loans above the ceiling for full subvention benefit and non-crop loans""]","[""Aadhaar Card"",""Land records / cultivation certificate"",""Loan application through bank"",""KYC documents""]",300000,Low Interest Short-Term Crop Loans (with Subvention),7.0,12,false,0,3.0,"[""Scheduled Commercial Banks"",""RRBs"",""Cooperative Banks""]",,,,,All,18,,,"[""General"",""OBC"",""SC"",""ST""]",Rural,Ongoing (seasonal),Active,Through banks / https://www.nabard.org/,"[""interest subvention"",""crop loan"",""kcc"",""farmer credit"",""short term""]",0,,2026-08-16T17:48:16.620460,2026-08-16T17:48:16.620461
fb51f7b6-15be-494b-9e17-f4e1794b552e,Kisan Credit Card (KCC) Scheme,Ministry of Agriculture and Farmers Welfare / Ministry of Finance,"Kisan Credit Card provides farmers with timely and adequate credit for crop production, post-harvest expenses, working capital for animal husbandry and fisheries, and some consumption needs. It is operated through a revolving cash credit facility.",Agriculture,Loan,Central,"[""Revolving credit for crop and allied activities"",""Flexible withdrawal and repayment"",""Interest subvention benefits available on eligible limits"",""Insurance coverage options under crop insurance convergence"",""Simplified documentation and renewal""]","[""Farmers (individual or joint), tenant farmers, sharecroppers, SHGs and JLGs of farmers"",""Allied activities (dairy, fisheries, poultry) also covered under expanded KCC"",""Who is NOT eligible: Non-agricultural purposes outside the scheme guidelines""]","[""Aadhaar Card"",""Land records or tenancy proof"",""Bank Account details"",""Passport size photographs"",""Identity and address proof""]",300000,Revolving Crop & Allied Credit through Kisan Credit Card,7.0,60,false,0,3.0,"[""All Banks"",""RRBs"",""Cooperative Banks""]",,,,,All,18,,,"[""General"",""OBC"",""SC"",""ST""]",Rural,Ongoing,Active,Through any bank branch or https://www.nabard.org/,"[""kcc"",""kisan credit card"",""crop loan"",""revolving credit"",""farmer""]",0,,2026-08-16T17:48:16.620479,2026-08-16T17:48:16.620480
cff6c888-0a5c-4244-9f63-1843f17df1df,"Formation and Promotion of 10,000 Farmer Producer Organizations (FPOs)",Ministry of Agriculture and Farmers Welfare,"The Central Sector Scheme for Formation and Promotion of 10,000 FPOs aims to collectivise farmers, especially small and marginal farmers, into producer organisations so that they can benefit from economies of scale in input purchase, processing and marketing.",Agriculture,Scheme,Central,"[""Financial support for FPO formation and handholding"",""Equity grant and credit guarantee support"",""Training and capacity building of FPO members and boards"",""Better market access and bargaining power for farmers"",""Professional management support for a limited period""]","[""Groups of farmers (especially small and marginal) willing to form FPOs"",""Implemented through Cluster Based Business Organizations and Implementing Agencies"",""Who is NOT eligible: Already mature large FPOs not needing formation support""]","[""Farmer identity and land details"",""Group resolution / application through Implementing Agency"",""Bank Account of the proposed FPO""]",,Support for Formation & Strengthening of Farmer Producer Organizations,,,,,,,,,,,All,18,,,"[""General"",""OBC"",""SC"",""ST""]",Rural,Ongoing,Active,https://www.fpo.dac.gov.in/ or through Implementing Agencies,"[""fpo"",""farmer producer organization"",""collectivisation"",""10,000 fpos"",""agriculture""]",0,,2026-08-16T17:48:16.620494,2026-08-16T17:48:16.620495
9974b8e6-3fee-40a2-92ac-d4cea49c04c0,Pradhan Mantri Matsya Sampada Yojana (PMMSY) - Full Scheme,"Ministry of Fisheries, Animal Husbandry and Dairying","PMMSY is a flagship scheme for sustainable and responsible development of the fisheries sector. It covers marine and inland fisheries, aquaculture, infrastructure, post-harvest management, traceability and welfare of fishers with both central and state shares.",Agriculture,Subsidy,Central,"[""Capital and input subsidies for aquaculture, fishing vessels, hatcheries and cold chain"",""Support for infrastructure and post-harvest facilities"",""Livelihood and welfare components for fishers"",""Traceability and quality assurance support"",""Enhanced production and income opportunities""]","[""Fishers, fish farmers, SHGs, FPOs, cooperatives, private entrepreneurs and state agencies"",""As per specific activity guidelines under PMMSY"",""Who is NOT eligible: Activities outside the approved components""]","[""Aadhaar Card"",""Fisher identity / registration if applicable"",""Project proposal"",""Bank Account details"",""Land or water body documents""]",5000000,Comprehensive Subsidy & Support for Fisheries and Aquaculture,,,,,,,40.0,5000000,true,false,All,18,,,"[""General"",""OBC"",""SC"",""ST""]",Both,Ongoing,Active,https://pmmsy.dof.gov.in/,"[""pmmsy"",""fisheries"",""aquaculture"",""matsya sampada"",""subsidy""]",0,,2026-08-16T17:49:40.711026,2026-08-16T17:49:40.711112
2176178e-0b1e-42c6-a5e0-8198a4f37401,Fisheries and Aquaculture Infrastructure Development Fund (FIDF),"Ministry of Fisheries, Animal Husbandry and Dairying / NABARD","FIDF provides concessional finance for development of fisheries infrastructure including fishing harbours, fish landing centres, cold chain, ice plants, hatcheries and aquaculture infrastructure to create robust post-harvest and production facilities.",Agriculture,Loan,Central,"[""Concessional financing / interest subvention for fisheries infrastructure"",""Support for harbours, cold chain, processing and aquaculture facilities"",""Longer repayment periods"",""Encourages private and cooperative investment in fisheries value chain""]","[""State governments, cooperatives, private entrepreneurs, FPOs and other eligible entities"",""Projects meeting FIDF guidelines for infrastructure creation"",""Who is NOT eligible: Pure working capital without infrastructure component""]","[""Detailed Project Report"",""Entity registration documents"",""Land and technical clearances"",""Bank / NABARD related documentation""]",100000000,Concessional Finance for Fisheries Infrastructure,8.0,120,true,24,3.0,"[""NABARD"",""Scheduled Banks"",""NCDC""]",,,,,All,,,,"[""General"",""OBC"",""SC"",""ST""]",Both,Ongoing,Active,https://dof.gov.in/ or NABARD portals,"[""fidf"",""fisheries infrastructure"",""harbour"",""cold chain"",""nabard""]",0,,2026-08-16T17:49:40.711168,2026-08-16T17:49:40.711170
ee1afb25-a3a8-4a2c-b6f2-b62cb8fbb0ba,Pradhan Mantri Kisan Maan Dhan Yojana (PM-KMY),Ministry of Agriculture and Farmers Welfare,"PM-KMY is a voluntary pension scheme for small and marginal farmers. Farmers contribute a small monthly amount and receive a minimum pension of Rs 3,000 per month after the age of 60, with matching contribution from the government.",Agriculture,Scheme,Central,"[""Minimum assured pension of Rs 3,000 per month after 60 years"",""Matching contribution by the Central Government"",""Family pension to spouse on death of the subscriber"",""Low and age-based contribution structure"",""Simple enrolment through CSCs""]","[""Small and marginal farmers aged 18 to 40 years"",""Cultivable land up to 2 hectares"",""Not covered under other statutory pension schemes in many cases"",""Who is NOT eligible: Large farmers and those already in organised sector pension schemes""]","[""Aadhaar Card"",""Land records proving small/marginal status"",""Savings bank account"",""Mobile number""]",3000,"Assured Pension Rs 3,000/month for Small & Marginal Farmers",,,,,,,,,,,All,18,40,,"[""General"",""OBC"",""SC"",""ST""]",Rural,Ongoing,Active,https://maandhan.in/ or https://pmkmy.gov.in/,"[""pm-kmy"",""kisan maan dhan"",""farmer pension"",""small marginal farmer""]",0,,2026-08-16T17:49:40.711199,2026-08-16T17:49:40.711201
09e23b2f-1f8b-4456-8129-e240d7823da8,Agriculture Infrastructure Fund (AIF) - Detailed,Ministry of Agriculture and Farmers Welfare,Agriculture Infrastructure Fund provides medium to long-term financing facility for investment in viable projects of post-harvest management infrastructure and community farming assets. It offers 3% interest subvention and credit guarantee support.,Agriculture,Loan,Central,"[""3% interest subvention on loans up to Rs 2 crore for up to 7 years"",""Credit guarantee through CGTMSE for eligible borrowers"",""Supports warehouses, cold stores, sorting-grading units, ripeness chambers, etc."",""10% promoter contribution"",""Long tenure with moratorium""]","[""Farmers, FPOs, PACS, cooperatives, SHGs, startups, state agencies and agri-entrepreneurs"",""Project must create post-harvest or community farming infrastructure"",""Who is NOT eligible: Pure working capital loans without infrastructure creation""]","[""Project report"",""Entity / farmer documents"",""Land documents"",""Bank Account and KYC""]",20000000,3% Interest Subvention + Credit Guarantee for Agri Infrastructure,9.0,84,false,12,3.0,"[""Scheduled Banks"",""NBFCs"",""Cooperatives"",""RRBs""]",,,,,All,18,,,"[""General"",""OBC"",""SC"",""ST""]",Rural,Ongoing,Active,https://agriinfra.dac.gov.in/,"[""aif"",""agriculture infrastructure fund"",""cold chain"",""warehouse"",""interest subvention""]",0,,2026-08-16T17:49:40.711261,2026-08-16T17:49:40.711264
1ce522f8-8478-4d76-bbdf-7280df60357b,National Beekeeping & Honey Mission (NBHM) - Detailed,Ministry of Agriculture and Farmers Welfare,"NBHM promotes scientific beekeeping, honey production, quality testing, processing and marketing under the goal of Sweet Revolution. It supports infrastructure, capacity building, women participation and market linkages through Mini Missions.",Agriculture,Subsidy,Central,"[""Assistance for bee colonies, hives and equipment"",""Support for honey testing labs and processing units"",""Training and capacity building"",""Promotion of FPOs and women beekeepers"",""Market development and branding support""]","[""Beekeepers, farmers, SHGs, FPOs, cooperatives and implementing agencies"",""Projects aligned with NBHM guidelines"",""Who is NOT eligible: Pure trading activities without production or infrastructure component""]","[""Aadhaar / entity documents"",""Project proposal"",""Bank Account details""]",500000,Subsidy & Infrastructure Support for Beekeeping and Honey,,,,,,,50.0,500000,true,false,All,18,,,"[""General"",""OBC"",""SC"",""ST""]",Both,Ongoing,Active,https://nbb.gov.in/,"[""nbhm"",""beekeeping"",""honey"",""sweet revolution"",""subsidy""]",0,,2026-08-16T17:49:40.711296,2026-08-16T17:49:40.711299
e1cfe9c4-6001-43e6-aee2-303e85e861e5,Mission for Integrated Development of Horticulture (MIDH),Ministry of Agriculture and Farmers Welfare,"MIDH is a Centrally Sponsored Scheme for the holistic growth of the horticulture sector covering fruits, vegetables, root and tuber crops, mushrooms, spices, flowers, aromatic plants, coconut, cashew, cocoa and bamboo. It supports production, post-harvest and marketing.",Agriculture,Subsidy,Central,"[""Assistance for planting material, area expansion and protected cultivation"",""Post-harvest management and cold chain support"",""Market infrastructure and brand promotion"",""Capacity building and technology dissemination"",""Support for organic and precision horticulture in components""]","[""Farmers, FPOs, cooperatives, self-help groups and private entrepreneurs as per component"",""State Horticulture Missions implement the scheme"",""Who is NOT eligible: Activities outside the approved MIDH components""]","[""Aadhaar Card"",""Land records"",""Bank Account details"",""Project / quotation documents""]",500000,Holistic Support for Horticulture Production & Post-Harvest,,,,,,,50.0,500000,true,true,All,18,,,"[""General"",""OBC"",""SC"",""ST""]",Rural,Ongoing,Active,https://midh.gov.in/,"[""midh"",""horticulture"",""fruits vegetables"",""protected cultivation"",""cold chain""]",0,,2026-08-16T17:49:40.711326,2026-08-16T17:49:40.711328
bed69015-06ae-40e0-8944-07d52d2686dc,National Livestock Mission (NLM) - Full,"Ministry of Fisheries, Animal Husbandry and Dairying","National Livestock Mission supports entrepreneurship development, breed improvement, feed and fodder development and risk management in the livestock sector. Capital subsidy is provided for various livestock-related entrepreneurial activities.",Agriculture,Subsidy,Central,"[""Capital subsidy for livestock entrepreneurship projects"",""Breed improvement and genetic upgradation support"",""Feed and fodder development assistance"",""Risk management and insurance related components"",""Rural entrepreneurship promotion""]","[""Individual entrepreneurs, SHGs, FPOs, Section 8 companies and other eligible entities"",""Projects in notified livestock activities"",""Who is NOT eligible: Activities outside the approved NLM components""]","[""Aadhaar / entity documents"",""Project report"",""Bank Account details"",""Land or unit proof""]",5000000,Capital Subsidy for Livestock Entrepreneurship & Breed Improvement,,,,,,,50.0,5000000,true,false,All,18,,,"[""General"",""OBC"",""SC"",""ST""]",Rural,Ongoing,Active,https://nlm.udyamimitra.in/,"[""nlm"",""livestock"",""entrepreneurship"",""breed improvement"",""fodder""]",0,,2026-08-16T17:49:40.711428,2026-08-16T17:49:40.711431
cdcb2ddb-3afc-410d-b9ab-ae9d22520600,Animal Husbandry Infrastructure Development Fund (AHIDF) - Detailed,"Ministry of Fisheries, Animal Husbandry and Dairying","AHIDF incentivises investment in dairy processing, meat processing, animal feed plants and breed improvement infrastructure by providing interest subvention on bank loans, thereby strengthening the animal husbandry value chain.",Agriculture,Loan,Central,"[""Interest subvention on eligible bank loans"",""Support for dairy and meat processing infrastructure"",""Animal feed plant and breed improvement facilities"",""Longer repayment periods with moratorium"",""Encourages private sector investment""]","[""Individual entrepreneurs, FPOs, private companies, Section 8 companies and MLCs"",""Viable projects in dairy, meat, feed or breed improvement"",""Who is NOT eligible: Pure trading without infrastructure creation""]","[""Project report"",""Entity registration"",""Land and technical documents"",""Bank KYC""]",50000000,"Interest Subvention for Dairy, Meat & Feed Infrastructure",9.0,120,true,24,3.0,"[""Scheduled Banks"",""NABARD refinanced institutions""]",,,,,All,18,,,"[""General"",""OBC"",""SC"",""ST""]",Both,Ongoing,Active,https://ahidf.udyamimitra.in/,"[""ahidf"",""dairy processing"",""meat processing"",""animal feed"",""interest subvention""]",0,,2026-08-16T17:49:40.711464,2026-08-16T17:49:40.711465
26e104a0-2d02-4d09-ae0a-24b47e43bca8,Dairy Infrastructure Development Fund (DIDF) / Dairy Processing Support,"Ministry of Fisheries, Animal Husbandry and Dairying / NABARD","DIDF and related dairy credit schemes provide interest subvention and financing support for setting up and modernising milk processing plants, chilling infrastructure and value-added dairy product facilities.",Agriculture,Loan,Central,"[""Interest subvention on loans for dairy processing and chilling infrastructure"",""Support for value-added dairy product facilities"",""Longer repayment periods"",""Strengthens organised dairy sector and farmer incomes""]","[""Dairy cooperatives, producer companies, FPOs and private dairy entrepreneurs"",""Projects for processing, chilling or value addition"",""Who is NOT eligible: Pure trading without processing infrastructure""]","[""Project report"",""Entity registration documents"",""Land and technical clearances"",""Bank documents""]",50000000,Interest Subvention for Dairy Processing & Chilling Infrastructure,9.0,120,true,24,2.5,"[""NABARD"",""Commercial Banks"",""Cooperative Banks""]",,,,,All,18,,,"[""General"",""OBC"",""SC"",""ST""]",Both,Ongoing,Active,https://www.nabard.org/,"[""didf"",""dairy processing"",""chilling"",""milk"",""interest subvention""]",0,,2026-08-16T17:49:40.711516,2026-08-16T17:49:40.711519
293acae5-f311-4730-ab02-b78a7ff071dd,National Programme for Dairy Development (NPDD),"Ministry of Fisheries, Animal Husbandry and Dairying","NPDD aims to enhance quality of milk and milk products and increase share of organised milk procurement through strengthening of dairy cooperatives and producer institutions, quality testing and cold chain infrastructure.",Agriculture,Subsidy,Central,"[""Support for strengthening dairy cooperatives and producer companies"",""Quality testing infrastructure and training"",""Cold chain and milk chilling support"",""Increased organised milk procurement and better farmer prices""]","[""Dairy cooperatives, producer companies, state federations and implementing agencies"",""Projects approved under NPDD guidelines"",""Who is NOT eligible: Activities outside the quality and cooperative strengthening mandate""]","[""Project proposal"",""Institutional documents"",""Technical details""]",,"Support for Dairy Cooperatives, Quality Testing & Cold Chain",,,,,,,50.0,,false,false,All,,,,"[""General"",""OBC"",""SC"",""ST""]",Both,Ongoing,Active,https://dahd.nic.in/,"[""npdd"",""dairy development"",""cooperatives"",""quality testing"",""cold chain""]",0,,2026-08-16T17:49:40.711582,2026-08-16T17:49:40.711584
180fb199-c26e-4c9c-9d52-d835c3c9780b,Pradhan Mantri Gram Sadak Yojana (PMGSY),Ministry of Rural Development,"Pradhan Mantri Gram Sadak Yojana aims to provide all-weather road connectivity to eligible unconnected rural habitations. It focuses on new connectivity and upgradation of existing rural roads to improve access to markets, health and education facilities.",Social Welfare,Scheme,Central,"[""All-weather road connectivity to rural habitations"",""Upgradation of existing rural roads"",""Improved access to markets, schools and health centres"",""Employment generation during construction"",""Long-term rural economic development""]","[""Eligible unconnected habitations as per population criteria and core network"",""Implemented by state rural roads agencies"",""Who is NOT eligible: Already connected habitations for new connectivity component""]","[""Project proposals from state agencies"",""Technical and environmental clearances""]",,All-Weather Rural Road Connectivity,,,,,,,,,,,All,,,,"[""General"",""OBC"",""SC"",""ST""]",Rural,Ongoing,Active,https://pmgsy.nic.in/,"[""pmgsy"",""rural roads"",""all weather connectivity"",""gram sadak""]",0,,2026-08-16T17:51:01.093856,2026-08-16T17:51:01.093908
8bc9fe8b-f8a5-4522-88f4-9f0062aba151,Shyama Prasad Mukherji Rurban Mission (SPMRM),Ministry of Rural Development,"Rurban Mission aims to develop rural clusters with urban amenities while preserving the rural essence. It focuses on integrated development of selected clusters through infrastructure, economic activities and social services.",Social Welfare,Scheme,Central,"[""Integrated infrastructure development in rural clusters"",""Economic activities and skill development support"",""Improved civic amenities in rurban clusters"",""Convergence with other schemes for holistic development""]","[""Selected Rurban clusters notified by the Ministry"",""Implemented through state and cluster-level institutions"",""Who is NOT eligible: Areas not selected as Rurban clusters""]","[""Cluster development plans"",""State and local body approvals""]",,Urban Amenities in Rural Clusters (Rurban Development),,,,,,,,,,,All,,,,"[""General"",""OBC"",""SC"",""ST""]",Rural,Ongoing,Active,https://rurban.gov.in/,"[""rurban"",""spmrm"",""rural cluster"",""urban amenities"",""integrated development""]",0,,2026-08-16T17:51:01.093950,2026-08-16T17:51:01.093951
cc9122f2-e3b6-42f1-a89f-638a8696ffb6,Deen Dayal Antyodaya Yojana - National Urban Livelihoods Mission (DAY-NULM),Ministry of Housing and Urban Affairs,"DAY-NULM aims to reduce poverty and vulnerability of urban poor households by enabling them to access gainful self-employment and skilled wage employment opportunities, resulting in an appreciable improvement in their livelihoods on a sustainable basis.",Social Welfare,Scheme,Central,"[""Formation and support of Self Help Groups in urban areas"",""Skill training and placement support"",""Self-employment and micro-enterprise credit support"",""Shelter for urban homeless"",""Support for street vendors""]","[""Urban poor households, especially women, SC/ST and vulnerable groups"",""As per city-level implementation and vulnerability criteria"",""Who is NOT eligible: Rural households under this specific urban mission""]","[""Aadhaar Card"",""Urban residence proof"",""BPL or vulnerability related documents"",""Bank Account details""]",,"Urban Livelihoods, Skill & SHG Support for Urban Poor",,,,,,,,,,,All,18,,,"[""General"",""OBC"",""SC"",""ST""]",Urban,Ongoing,Active,https://nulm.gov.in/,"[""day-nulm"",""urban livelihoods"",""shg"",""skill"",""street vendor""]",0,,2026-08-16T17:51:01.093975,2026-08-16T17:51:01.093977
52b3c65e-5cf9-4122-9f00-4fe6cc37a7f1,Pradhan Mantri Awas Yojana - Urban (PMAY-U) 2.0 / Current,Ministry of Housing and Urban Affairs,"PMAY-Urban aims to provide housing for all eligible urban families. Under various verticals including Beneficiary Led Construction, Affordable Housing in Partnership and other components, financial assistance is provided for construction or purchase of houses, with focus on EWS and LIG.",Housing,Subsidy,Central,"[""Financial assistance for construction or upgradation of houses"",""Interest subsidy benefits in residual CLSS cases"",""Preference for female ownership or joint ownership"",""Convergence with basic amenities"",""Support for EWS and LIG categories""]","[""Urban families not owning a pucca house in India"",""Income criteria for EWS/LIG as notified"",""Who is NOT eligible: Families already owning a pucca house anywhere in India""]","[""Aadhaar Card"",""Income Certificate"",""Affidavit of no existing pucca house"",""Bank Account details"",""Land or property documents if applicable""]",250000,Financial Assistance for Urban Housing (EWS/LIG),,,,,,,,250000,true,false,All,18,,600000,"[""General"",""OBC"",""SC"",""ST""]",Urban,Ongoing,Active,https://pmaymis.gov.in/,"[""pmay-u"",""pmay urban"",""housing for all"",""ews"",""lig""]",0,,2026-08-16T17:51:01.093997,2026-08-16T17:51:01.093998
87d8cf95-1943-4f7e-97e3-fa0750abd048,Affordable Rental Housing Complexes (ARHC) under PMAY-U,Ministry of Housing and Urban Affairs,ARHC scheme aims to provide affordable rental housing to urban migrants and poor by utilising existing vacant government-funded houses and promoting construction of new affordable rental housing through public and private partnerships.,Housing,Scheme,Central,"[""Affordable rental options for urban migrants and poor"",""Utilisation of vacant government houses"",""Incentives for private and public sector to create rental stock"",""Improved living conditions for temporary urban workers""]","[""Urban migrants, urban poor and eligible tenants as per operational guidelines"",""Projects approved under ARHC model"",""Who is NOT eligible: High-income tenants and non-urban contexts""]","[""Identity and income proof of tenants"",""Project documents for implementing agencies""]",,Affordable Rental Housing for Urban Migrants & Poor,,,,,,,,,,,All,18,,,"[""General"",""OBC"",""SC"",""ST""]",Urban,Ongoing,Active,https://pmaymis.gov.in/ or ARHC related pages,"[""arhc"",""rental housing"",""urban migrant"",""pmay"",""affordable rental""]",0,,2026-08-16T17:51:01.094043,2026-08-16T17:51:01.094045
c9d62323-2fe8-4571-a2a6-8acad639af10,Swachh Bharat Mission - Urban (SBM-U) 2.0,Ministry of Housing and Urban Affairs,"SBM-Urban 2.0 focuses on sustainable sanitation, used water management, solid waste management and making cities garbage-free. It provides financial and technical support to Urban Local Bodies for toilets, waste processing and behavioural change.",Social Welfare,Subsidy,Central,"[""Support for individual and community toilets"",""Solid waste management infrastructure and processing"",""Used water management and faecal sludge management"",""Behavioural change and capacity building"",""Garbage-free city rankings and incentives""]","[""Urban Local Bodies and eligible households for toilet incentives"",""As per SBM-U 2.0 guidelines"",""Who is NOT eligible: Rural areas under pure SBM-G components""]","[""Aadhaar Card for individual toilet incentives"",""ULB project proposals for infrastructure""]",12000,"Urban Sanitation, Waste Management & Garbage-Free Cities",,,,,,,100.0,12000,true,false,All,,,,"[""General"",""OBC"",""SC"",""ST""]",Urban,Ongoing,Active,https://sbmurban.org/,"[""sbm urban"",""swachh bharat"",""solid waste"",""toilet"",""garbage free""]",0,,2026-08-16T17:51:01.094068,2026-08-16T17:51:01.094069
bdeeadfb-1564-4355-989e-e767937ef142,Atal Mission for Rejuvenation and Urban Transformation 2.0 (AMRUT 2.0),Ministry of Housing and Urban Affairs,"AMRUT 2.0 aims to make cities water secure by providing universal water supply through functional taps to all households and managing used water. It also supports city water balance plans, rejuvenation of water bodies and development of green spaces.",Housing,Scheme,Central,"[""Universal water supply through functional household taps"",""Used water management and recycle/reuse"",""Rejuvenation of water bodies and aquifers"",""Green spaces and park development"",""Pey Jal Survekshan and related incentives""]","[""All statutory towns as per AMRUT 2.0 coverage"",""Projects approved under city water action plans"",""Who is NOT eligible: Purely rural water supply under JJM""]","[""City water balance plans and Detailed Project Reports"",""ULB and state approvals""]",,Universal Water Supply & Used Water Management in Cities,,,,,,,,,,,All,,,,"[""General"",""OBC"",""SC"",""ST""]",Urban,Ongoing,Active,https://mohua.gov.in/ or AMRUT portal,"[""amrut 2.0"",""water supply"",""used water"",""urban water security""]",0,,2026-08-16T17:51:01.094085,2026-08-16T17:51:01.094086
2113457c-2c0d-4a96-a247-5b1567b4646c,National Urban Health Mission (NUHM),Ministry of Health and Family Welfare,"NUHM is a sub-mission under the National Health Mission that addresses health needs of the urban population, particularly the urban poor, through strengthening of urban primary health infrastructure, outreach and referral services.",Healthcare,Scheme,Central,"[""Urban Primary Health Centres and outreach services"",""Focus on urban poor and vulnerable populations"",""Maternal, child and communicable disease services in urban areas"",""Referral linkages with higher facilities"",""Community health workers in urban settings""]","[""Urban population, with priority to urban poor and vulnerable groups"",""Services delivered through public urban health facilities"",""Who is NOT eligible: No universal exclusion for public health services""]","[""Aadhaar preferred"",""Any identity proof for services""]",,Primary Healthcare Strengthening for Urban Population,,,,,,,,,,,All,,,,"[""General"",""OBC"",""SC"",""ST""]",Urban,Ongoing,Active,https://nhm.gov.in/,"[""nuhm"",""urban health"",""primary healthcare"",""urban poor""]",0,,2026-08-16T17:51:01.094134,2026-08-16T17:51:01.094136
866f89b8-d40a-4696-b25b-88fd224efb60,Rashtriya Swasthya Bima Yojana (RSBY) residual / State Health Insurance Convergence,Ministry of Health and Family Welfare / State Governments,"While RSBY has largely been subsumed under Ayushman Bharat PM-JAY, many states continue or converge their own health insurance / assurance schemes for informal workers and BPL families, providing hospitalisation cover through empaneled hospitals.",Healthcare,Scheme,Central,"[""Hospitalisation cover for eligible informal sector and BPL families"",""Cashless treatment at empaneled hospitals in state schemes"",""Convergence with PM-JAY in many states"",""Financial protection against catastrophic health expenditure""]","[""As per state health insurance / assurance scheme criteria (often BPL or occupational groups)"",""Who is NOT eligible: Those already fully covered under PM-JAY or higher schemes in some states""]","[""Aadhaar Card"",""Ration card or state health card"",""Identity proof""]",500000,State Health Insurance / Assurance Cover for Informal Workers,,,,,,,,,,,All,,,,"[""General"",""OBC"",""SC"",""ST""]",Both,Ongoing,Active,State health department / PM-JAY portal,"[""rsby"",""state health insurance"",""hospitalisation cover"",""informal workers""]",0,,2026-08-16T17:51:01.094155,2026-08-16T17:51:01.094156
a6b3fb58-01fa-477b-b6f0-702226ff2b6d,National Digital Health Mission / Ayushman Bharat Digital Mission (ABDM),Ministry of Health and Family Welfare,"Ayushman Bharat Digital Mission aims to create a national digital health ecosystem with unique health IDs, digital health records, health facility registry and interoperability so that citizens can access their health data and services seamlessly.",Healthcare,Scheme,Central,"[""Ayushman Bharat Health Account (ABHA) number for citizens"",""Digital health records accessible across facilities"",""Improved continuity of care"",""Health facility and professional registries"",""Consent-based data sharing for better treatment""]","[""All Indian citizens can create ABHA number"",""Health facilities and professionals can register"",""Who is NOT eligible: None for basic ABHA creation""]","[""Aadhaar Card or other accepted identity for ABHA creation"",""Mobile number""]",,Digital Health ID & Health Records for All Citizens,,,,,,,,,,,All,0,,,"[""General"",""OBC"",""SC"",""ST""]",Both,Ongoing,Active,https://abdm.gov.in/,"[""abdm"",""ayushman bharat digital"",""health id"",""abha"",""digital health""]",0,,2026-08-16T17:51:01.094171,2026-08-16T17:51:01.094172
024f0ecc-30dc-47f4-b037-dbb9ac4915d4,Startup India Seed Fund Scheme (SISFS) - Current,Department for Promotion of Industry and Internal Trade (DPIIT),"Startup India Seed Fund Scheme provides financial assistance to early-stage startups for proof of concept, prototype development, product trials, market entry and commercialization through eligible incubators in the form of grants and debt/convertible instruments.",Business,Scheme,Central,"[""Grant up to Rs 20 lakh for validation of proof of concept and prototype"",""Investment support up to Rs 50 lakh as debt or convertible instruments"",""Access through approved incubators"",""Helps bridge early-stage funding gap"",""Mentorship and ecosystem support""]","[""DPIIT-recognised startups incorporated not more than 2 years ago"",""Must have a scalable business model with high potential"",""Who is NOT eligible: Startups that have already raised significant external equity beyond scheme limits""]","[""DPIIT Startup recognition"",""Company incorporation documents"",""Pitch deck / business plan"",""Incubator recommendation"",""Founder KYC""]",7000000,Up to Rs 70 Lakh (Grant + Investment) for Early-Stage Startups,,,,,,,,,,,All,18,,,"[""General"",""OBC"",""SC"",""ST""]",Both,Ongoing,Active,https://seedfund.startupindia.gov.in/,"[""startup india"",""seed fund"",""sisfs"",""grant"",""early stage""]",0,,2026-08-16T17:52:22.018822,2026-08-16T17:52:22.018933
68cb5c2f-421f-40cd-b14a-d4c138c10b53,Credit Guarantee Scheme for Startups (CGSS) - Current,Department for Promotion of Industry and Internal Trade (DPIIT),CGSS provides credit guarantee cover to Member Institutions for loans extended to DPIIT-recognised startups. It enables collateral-free or reduced-collateral lending by covering a significant portion of the default risk.,Business,Loan,Central,"[""Credit guarantee cover for startup loans (high coverage percentages)"",""Facilitates collateral-free lending to startups"",""Supports DPIIT-recognised innovative startups"",""Encourages banks and NBFCs to lend to early-stage companies""]","[""DPIIT-recognised startups"",""Loan from a Member Institution under CGSS"",""Who is NOT eligible: Non-recognised entities and traditional MSMEs not qualifying as startups""]","[""DPIIT Startup recognition certificate"",""Business plan / pitch"",""KYC of founders"",""Financial projections"",""Bank Account details""]",200000000,Credit Guarantee for Collateral-Free Startup Loans,11.0,60,false,6,0.0,"[""Member Banks and NBFCs under CGSS""]",,,,,All,18,,,"[""General"",""OBC"",""SC"",""ST""]",Both,Ongoing,Active,https://www.startupindia.gov.in/,"[""cgss"",""startup"",""credit guarantee"",""dpiit"",""collateral free""]",0,,2026-08-16T17:52:22.018973,2026-08-16T17:52:22.018974
b4ca4e10-b3dd-48b7-b7ac-8a1dcbd42b24,Fund of Funds for Startups (FFS) / Startup India related Funds,Department for Promotion of Industry and Internal Trade / SIDBI,Fund of Funds for Startups is a government initiative that invests in SEBI-registered Alternative Investment Funds (AIFs) which in turn invest in startups. It helps increase venture capital availability for Indian startups across stages.,Business,Scheme,Central,"[""Indirect funding support to startups through AIFs"",""Increased availability of venture capital"",""Support across seed to growth stages"",""Professional fund management through SEBI-registered AIFs""]","[""Startups receiving investment from AIFs that are beneficiaries of FFS"",""AIFs must meet DPIIT / SIDBI criteria"",""Who is NOT eligible: Direct individual applications; funding is through AIFs""]","[""As required by the investing AIF"",""DPIIT recognition preferred""]",,Government Backing for Venture Capital into Startups,,,,,,,,,,,All,,,,"[""General"",""OBC"",""SC"",""ST""]",Both,Ongoing,Active,https://www.startupindia.gov.in/ or SIDBI,"[""fund of funds"",""ffs"",""startup funding"",""aif"",""venture capital""]",0,,2026-08-16T17:52:22.018995,2026-08-16T17:52:22.018996
79e91692-da3c-4b6d-b01d-21b5e1f21212,Production Linked Incentive (PLI) Schemes - Various Sectors,Ministry of Commerce and Industry / Respective Line Ministries,"Production Linked Incentive schemes offer incentives on incremental sales of products manufactured in India across multiple sectors (electronics, pharmaceuticals, automobiles, textiles, solar, advanced chemistry, etc.) to boost domestic manufacturing and exports.",Business,Subsidy,Central,"[""Incentive as a percentage of incremental sales over base year"",""Support for large-scale manufacturing investments"",""Boost to domestic value addition and employment"",""Sector-specific targets and incentive rates"",""Attracts global and domestic manufacturers""]","[""Companies meeting sector-specific eligibility (investment, sales, local content)"",""As per individual PLI scheme guidelines"",""Who is NOT eligible: Entities not meeting the threshold investment or sales criteria""]","[""Company incorporation and financial documents"",""Detailed project and sales projections"",""Application as per sector portal""]",,Incentive on Incremental Manufacturing Sales (Multiple Sectors),,,,,,,6.0,,false,false,All,,,,"[""General"",""OBC"",""SC"",""ST""]",Both,As per sector windows,Active,https://www.meity.gov.in/ or respective ministry PLI portals,"[""pli"",""production linked incentive"",""manufacturing"",""make in india"",""incentive""]",0,,2026-08-16T17:52:22.019016,2026-08-16T17:52:22.019017
224ac498-0dd9-4ad9-a5f8-9845b9b54783,Modified Special Incentive Package Scheme (M-SIPS) / Electronics Manufacturing related,Ministry of Electronics and Information Technology,"Schemes for electronics manufacturing provide capital subsidy and incentives for setting up or expanding electronics manufacturing units, including semiconductors, components and finished electronics, to strengthen the domestic electronics ecosystem.",Technology,Subsidy,Central,"[""Capital subsidy on eligible investments in electronics manufacturing"",""Support for semiconductor and component ecosystem in related schemes"",""Employment generation and technology absorption"",""Reduced import dependence""]","[""Companies investing in eligible electronics manufacturing activities"",""As per specific scheme thresholds and guidelines"",""Who is NOT eligible: Units not meeting investment or product criteria""]","[""Detailed project report"",""Company documents"",""Investment and land details""]",,Capital Subsidy for Electronics Manufacturing,,,,,,,25.0,,false,false,All,,,,"[""General"",""OBC"",""SC"",""ST""]",Both,As per scheme window,Active,https://www.meity.gov.in/,"[""m-sips"",""electronics manufacturing"",""capital subsidy"",""meity"",""semiconductor""]",0,,2026-08-16T17:52:22.019034,2026-08-16T17:52:22.019035
5f862c37-2a8d-4e99-977b-884c52752a05,Design Linked Incentive (DLI) Scheme for Semiconductor Design,Ministry of Electronics and Information Technology,"Design Linked Incentive scheme provides financial incentives and infrastructure support to domestic companies, startups and MSMEs engaged in semiconductor chip design to create a vibrant design ecosystem in India.",Technology,Subsidy,Central,"[""Financial incentive linked to design activity and deployment"",""Infrastructure support for design companies"",""Encourages domestic semiconductor design capability"",""Support for startups and MSMEs in chip design""]","[""Domestic companies, startups and MSMEs engaged in semiconductor design"",""As per DLI guidelines and approval process"",""Who is NOT eligible: Purely foreign entities without domestic design activity""]","[""Company / startup documents"",""Design project proposal"",""Technical capability details""]",,Incentive & Support for Semiconductor Chip Design,,,,,,,,,false,false,All,,,,"[""General"",""OBC"",""SC"",""ST""]",Both,Ongoing,Active,https://www.meity.gov.in/ or semiconductor India portal,"[""dli"",""semiconductor design"",""chip design"",""meity"",""startup""]",0,,2026-08-16T17:52:22.019050,2026-08-16T17:52:22.019051
a1bf39d6-f9c7-436c-92be-63433a6d3e7f,India Semiconductor Mission (ISM) related Incentives,Ministry of Electronics and Information Technology,"India Semiconductor Mission provides fiscal support for setting up semiconductor fabs, display fabs, compound semiconductors, silicon photonics and other advanced manufacturing facilities to build a domestic semiconductor ecosystem.",Technology,Subsidy,Central,"[""Fiscal support / capital assistance for semiconductor and display manufacturing"",""Support for compound semiconductors and advanced packaging"",""Long-term strategic manufacturing capability"",""Employment and technology transfer benefits""]","[""Companies proposing to set up eligible semiconductor or display manufacturing facilities"",""As per ISM scheme guidelines and approvals"",""Who is NOT eligible: Projects not meeting technology and investment thresholds""]","[""Detailed project report"",""Technical and financial capability documents"",""Land and infrastructure plans""]",,Fiscal Support for Semiconductor & Display Fabs,,,,,,,50.0,,false,false,All,,,,"[""General"",""OBC"",""SC"",""ST""]",Both,As per application windows,Active,https://www.meity.gov.in/ or ISM portal,"[""india semiconductor mission"",""ism"",""semiconductor fab"",""display fab"",""meity""]",0,,2026-08-16T17:52:22.019104,2026-08-16T17:52:22.019106
16632e6e-c640-44aa-bdcc-3682f227f6f2,National Policy on Electronics / SPECS related Capital Support,Ministry of Electronics and Information Technology,Scheme for Promotion of Manufacturing of Electronic Components and Semiconductors (SPECS) and related electronics policies provide capital subsidy for plant and machinery to boost domestic manufacturing of electronic components and semiconductors.,Technology,Subsidy,Central,"[""Capital subsidy on eligible plant and machinery"",""Support for electronic components and semiconductor ecosystem"",""Encourages domestic value addition"",""Employment generation in electronics sector""]","[""Companies investing in manufacturing of electronic components and semiconductors as per SPECS list"",""Minimum investment thresholds apply"",""Who is NOT eligible: Units not manufacturing notified products""]","[""Project report"",""Investment details"",""Company documents""]",,Capital Subsidy for Electronic Components & Semiconductor Manufacturing,,,,,,,25.0,,false,false,All,,,,"[""General"",""OBC"",""SC"",""ST""]",Both,As per scheme,Active,https://www.meity.gov.in/,"[""specs"",""electronics components"",""capital subsidy"",""semiconductor"",""meity""]",0,,2026-08-16T17:52:22.019151,2026-08-16T17:52:22.019153
b52726db-f1c2-49be-94cc-8c0eff6152b4,Zero Defect Zero Effect (ZED) Certification Scheme,"Ministry of Micro, Small and Medium Enterprises","ZED scheme encourages MSMEs to adopt zero defect processes and zero effect on the environment through assessment, certification, handholding and financial support for improving quality and environmental performance.",Business,Subsidy,Central,"[""Subsidy on cost of ZED certification and gap analysis"",""Handholding and training support"",""Improved quality, productivity and environmental performance"",""Recognition and preferential treatment in some government procurements"",""Levels of certification (Bronze, Silver, Gold)""]","[""Udyam registered Manufacturing MSMEs"",""Willing to undergo assessment and improvement process"",""Who is NOT eligible: Service sector MSMEs in pure form for manufacturing ZED focus""]","[""Udyam Registration"",""Application on ZED portal"",""Basic unit details""]",50000,Subsidy on ZED Certification for MSME Quality & Environment,,,,,,,80.0,50000,true,false,All,,,,"[""General"",""OBC"",""SC"",""ST""]",Both,Ongoing,Active,https://zed.msme.gov.in/,"[""zed"",""zero defect zero effect"",""msme"",""quality"",""certification""]",0,,2026-08-16T17:52:22.019198,2026-08-16T17:52:22.019200
af064031-33f4-4674-958c-955f6a36cf9f,Lean Manufacturing Competitiveness Scheme / MSME Competitiveness,"Ministry of Micro, Small and Medium Enterprises","Lean Manufacturing Competitiveness Scheme helps MSMEs adopt lean tools and techniques to improve process efficiency, reduce waste and enhance competitiveness through awareness, training and consultancy support with financial assistance.",Business,Subsidy,Central,"[""Financial support for lean consultancy and implementation"",""Training and awareness programmes"",""Reduction in waste and improvement in productivity"",""Better quality and cost competitiveness for MSMEs""]","[""Groups of MSMEs or individual units as per scheme guidelines"",""Manufacturing MSMEs willing to adopt lean practices"",""Who is NOT eligible: Units not committed to implementation""]","[""Udyam Registration"",""Application through implementing agency"",""Unit details""]",300000,Support for Lean Manufacturing Adoption in MSMEs,,,,,,,80.0,300000,true,false,All,,,,"[""General"",""OBC"",""SC"",""ST""]",Both,Ongoing,Active,https://www.dcmsme.gov.in/,"[""lean manufacturing"",""msme competitiveness"",""productivity"",""waste reduction""]",0,,2026-08-16T17:52:22.019243,2026-08-16T17:52:22.019245
17e62f1c-09dd-4de8-97c1-29158de79e31,Public Provident Fund (PPF) - Current,Ministry of Finance,"Public Provident Fund is a long-term, government-backed savings-cum-tax-saving scheme with EEE tax status. Deposits qualify for deduction under Section 80C, interest is tax-free, and the maturity amount is also exempt. The tenure is 15 years, extendable in blocks of 5 years.",Finance,Scheme,Central,"[""Tax deduction under Section 80C on deposits (up to Rs 1.5 lakh)"",""Tax-free interest and tax-free maturity"",""Government-backed safety"",""Partial withdrawal and loan facility after prescribed lock-in"",""15-year tenure with extension option""]","[""Any Indian resident individual (one account per person)"",""Account can be opened for a minor by a guardian"",""Who is NOT eligible: HUFs and NRIs for new accounts in standard form""]","[""Aadhaar Card"",""PAN Card"",""Identity and address proof"",""Passport size photograph""]",150000,Tax-Free Long-Term Savings with 80C Benefit (up to Rs 1.5 Lakh/year),,,,,,,,,,,All,0,,,"[""General"",""OBC"",""SC"",""ST""]",Both,Ongoing,Active,https://www.indiapost.gov.in/ or any authorised bank,"[""ppf"",""public provident fund"",""tax saving"",""80c"",""long term""]",0,,2026-08-16T17:53:46.124845,2026-08-16T17:53:46.124935
cc13c938-c6cb-4d89-a94b-75dcb7542484,National Savings Recurring Deposit (RD) / Time Deposit Accounts,Ministry of Finance / India Post,"Post Office Recurring Deposit and Time Deposit accounts offer safe, government-backed savings options with fixed interest rates. RD allows monthly deposits for a 5-year period while Time Deposits offer fixed tenures with higher rates for longer periods.",Finance,Scheme,Central,"[""Government-backed safety"",""Fixed interest rates"",""RD suitable for regular monthly savings"",""Time Deposits available for 1, 2, 3 and 5 years"",""Can be used as collateral for loans in some cases""]","[""Any individual (single or joint)"",""Minors through guardians"",""Who is NOT eligible: NRIs for most new small savings accounts""]","[""Aadhaar Card"",""PAN Card"",""Identity and address proof"",""Photograph""]",,Safe Government-Backed Recurring & Time Deposit Savings,,,,,,,,,,,All,0,,,"[""General"",""OBC"",""SC"",""ST""]",Both,Ongoing,Active,https://www.indiapost.gov.in/,"[""post office rd"",""time deposit"",""small savings"",""recurring deposit""]",0,,2026-08-16T17:53:46.125001,2026-08-16T17:53:46.125004
fb106b6a-86a4-4e25-83f9-66bb15a48f09,Monthly Income Scheme (MIS) - Post Office,Ministry of Finance / India Post,Post Office Monthly Income Scheme provides a regular monthly income to investors through interest payouts on a lump-sum deposit. It is popular among retirees and those seeking predictable income with government safety.,Finance,Scheme,Central,"[""Regular monthly interest income"",""Government-backed safety"",""Fixed tenure (typically 5 years)"",""Capital repayment at maturity"",""Suitable for retirees and income-seeking investors""]","[""Any individual (single or joint accounts permitted as per rules)"",""Who is NOT eligible: NRIs and certain entities restricted under small savings rules""]","[""Aadhaar Card"",""PAN Card"",""Identity and address proof"",""Photograph""]",900000,Monthly Interest Income with Government Safety,,,,,,,,,,,All,18,,,"[""General"",""OBC"",""SC"",""ST""]",Both,Ongoing,Active,https://www.indiapost.gov.in/,"[""mis"",""monthly income scheme"",""post office"",""regular income"",""retiree""]",0,,2026-08-16T17:53:46.125067,2026-08-16T17:53:46.125069
189991f9-48cf-45c8-80d4-e657faf02fbf,Pradhan Mantri Vaya Vandana Yojana (PMVVY) residual / Senior Citizen Annuity options,Ministry of Finance / LIC,"PMVVY was a pension scheme for senior citizens offering guaranteed pension for a fixed period with return of purchase price. While the original scheme had a limited subscription window, senior citizens continue to have access to similar annuity and pension products through LIC and other regulated providers with government support themes.",Finance,Scheme,Central,"[""Guaranteed pension for senior citizens"",""Return of purchase price to nominee on death in many variants"",""Regular income in old age"",""Government-backed or regulated safety""]","[""Senior citizens (60 years and above) as per product rules"",""Who is NOT eligible: Persons below the prescribed age""]","[""Aadhaar Card"",""Age proof"",""PAN Card"",""Bank Account details"",""Photograph""]",,Guaranteed Pension / Annuity Options for Senior Citizens,,,,,,,,,,,All,60,,,"[""General"",""OBC"",""SC"",""ST""]",Both,As per product availability,Active,https://licindia.in/ or India Post / banks,"[""pmvvy"",""senior citizen pension"",""annuity"",""vaya vandana""]",0,,2026-08-16T17:53:46.125090,2026-08-16T17:53:46.125091
9ecb329d-8ce2-4aa1-915c-fbc32ff30f8c,Atal Beemit Vyakti Kalyan Yojana (ABVKY) residual / ESIC related Unemployment Support,Ministry of Labour and Employment / ESIC,"Atal Beemit Vyakti Kalyan Yojana provided unemployment allowance to insured persons under ESIC who lost employment. Related ESIC social security benefits continue to support organised sector workers during unemployment, sickness and other contingencies.",Social Welfare,Scheme,Central,"[""Unemployment allowance for eligible ESIC insured persons in notified periods"",""Sickness, maternity and disability benefits under ESIC"",""Medical care for insured persons and their families"",""Social security net for organised sector workers""]","[""Insured persons under ESIC who meet contribution and unemployment criteria"",""Who is NOT eligible: Unorganised workers not covered under ESIC""]","[""ESIC registration / IP number"",""Aadhaar Card"",""Bank Account details"",""Unemployment related declarations""]",,Unemployment & Social Security Benefits for ESIC Insured Persons,,,,,,,,,,,All,18,,,"[""General"",""OBC"",""SC"",""ST""]",Both,Ongoing (as per ESIC rules),Active,https://www.esic.gov.in/,"[""abvky"",""esic"",""unemployment allowance"",""social security"",""organised sector""]",0,,2026-08-16T17:53:46.125134,2026-08-16T17:53:46.125136
cfd9b38a-6264-4e62-9cfd-dcaec9ecce80,Employees' Provident Fund (EPF) / EPFO Benefits,Ministry of Labour and Employment / EPFO,"Employees' Provident Fund is a mandatory savings-cum-retirement scheme for organised sector employees. Both employee and employer contribute a percentage of wages. It provides lump-sum accumulation at retirement, partial withdrawals for specific needs and pension benefits under EPS.",Finance,Scheme,Central,"[""Accumulated savings with interest at retirement or exit"",""Partial withdrawals for housing, education, marriage, medical needs"",""Pension under Employees' Pension Scheme (EPS)"",""Insurance cover under EDLI in many cases"",""Portable across jobs with UAN""]","[""Employees of covered establishments (generally 20 or more employees)"",""Wage ceiling and contribution rules as per EPFO"",""Who is NOT eligible: Unorganised sector workers not under EPFO coverage""]","[""UAN / Aadhaar seeding"",""Bank Account details"",""KYC documents"",""Employer registration""]",,Mandatory Retirement Savings + Pension for Organised Sector Employees,,,,,,,,,,,All,18,,,"[""General"",""OBC"",""SC"",""ST""]",Both,Ongoing,Active,https://www.epfindia.gov.in/,"[""epf"",""epfo"",""provident fund"",""eps"",""organised sector""]",0,,2026-08-16T17:53:46.125207,2026-08-16T17:53:46.125209
afad67da-761b-4982-92e1-ae5f66583ab2,Employees' State Insurance (ESI) Scheme,Ministry of Labour and Employment / ESIC,"ESI Scheme provides comprehensive social security to workers in the organised sector in the form of medical care and cash benefits during sickness, maternity, disablement and death due to employment injury, covering the worker and dependents.",Healthcare,Scheme,Central,"[""Full medical care for insured person and family"",""Sickness benefit (cash compensation)"",""Maternity benefit"",""Disablement and dependent benefits"",""Funeral expenses and other related supports""]","[""Employees of covered factories and establishments drawing wages up to the prescribed ceiling"",""Contribution by employer and employee"",""Who is NOT eligible: Employees above the wage ceiling and unorganised workers""]","[""ESIC registration / IP number"",""Aadhaar Card"",""Employer contribution records"",""Bank Account for cash benefits""]",,Comprehensive Medical + Cash Benefits for Organised Sector Workers,,,,,,,,,,,All,18,,,"[""General"",""OBC"",""SC"",""ST""]",Both,Ongoing,Active,https://www.esic.gov.in/,"[""esi"",""esic"",""medical care"",""sickness benefit"",""maternity""]",0,,2026-08-16T17:53:46.125255,2026-08-16T17:53:46.125257
8a2411da-474a-42ea-be78-50a7dca7cc27,Building and Other Construction Workers (BOCW) Welfare Schemes,Ministry of Labour and Employment / State BOCW Boards,"Under the BOCW Act, state Building and Other Construction Workers Welfare Boards provide social security and welfare benefits such as education assistance, medical support, pension, housing assistance and skill training to registered construction workers.",Social Welfare,Scheme,Central,"[""Education assistance for children of registered workers"",""Medical and maternity benefits"",""Pension and disability support in many states"",""Housing and tool assistance in some boards"",""Skill training and safety measures""]","[""Construction workers registered with the State BOCW Welfare Board"",""Minimum days of work as per state rules"",""Who is NOT eligible: Unregistered workers and non-construction occupations""]","[""Aadhaar Card"",""BOCW registration / identity card"",""Work proof / employer certificate"",""Bank Account details""]",,Welfare Benefits for Registered Construction Workers,,,,,,,,,,,All,18,60,,"[""General"",""OBC"",""SC"",""ST""]",Both,Ongoing,Active,State BOCW Welfare Board portals,"[""bocw"",""construction workers"",""welfare board"",""education assistance"",""labour""]",0,,2026-08-16T17:53:46.125279,2026-08-16T17:53:46.125280
93dccee5-857c-4b1f-be68-de255d57cbfd,Pradhan Mantri Rojgar Protsahan Yojana (PMRPY) residual / Employment Incentive Schemes,Ministry of Labour and Employment,PMRPY incentivised employers to hire new employees by contributing the employer's share of EPF for a limited period. Related employment generation and incentive schemes continue to support formalisation and job creation in the organised sector.,Business,Subsidy,Central,"[""Government contribution of employer's EPF share for new employees in notified periods"",""Encourages formal job creation"",""Reduces cost of hiring for employers"",""Supports formalisation of workforce""]","[""Establishments registered with EPFO hiring new eligible employees"",""As per specific incentive scheme guidelines"",""Who is NOT eligible: Employees already on rolls before the cut-off and high-wage employees in some cases""]","[""EPFO establishment registration"",""Employee UAN and KYC"",""Wage and contribution records""]",,EPF Contribution Incentive for New Employment,,,,,,,,,true,false,All,18,,,"[""General"",""OBC"",""SC"",""ST""]",Both,As per scheme notification,Active,https://www.epfindia.gov.in/,"[""pmrpy"",""employment incentive"",""epf"",""job creation"",""formalisation""]",0,,2026-08-16T17:53:46.125296,2026-08-16T17:53:46.125297
dfaba269-e96d-4afe-8655-b9efa13dab17,National Apprenticeship Training Scheme (NATS) / NAPS Convergence,Ministry of Education / Ministry of Skill Development,"National Apprenticeship Training Scheme and related apprenticeship programmes provide practical training to graduates, diploma holders and students in industrial establishments with stipend support, bridging the gap between education and industry.",Education,Scheme,Central,"[""Practical industrial training for graduates and diploma holders"",""Stipend during apprenticeship"",""Certificate on successful completion"",""Improved employability"",""Industry exposure and skill enhancement""]","[""Graduates, diploma holders and eligible students in engineering and other notified streams"",""Age and qualification criteria as per NATS / apprenticeship guidelines"",""Who is NOT eligible: Candidates not meeting educational qualifications for the trade""]","[""Aadhaar Card"",""Educational certificates"",""Bank Account details"",""Passport size photographs""]",,Stipend-Supported Industrial Apprenticeship for Graduates & Diploma Holders,,,,,,,,,,,All,18,30,,"[""General"",""OBC"",""SC"",""ST""]",Both,Ongoing,Active,https://www.mhrdnats.gov.in/ or apprenticeshipindia.gov.in,"[""nats"",""apprenticeship"",""graduate training"",""stipend"",""skill""]",0,,2026-08-16T17:53:46.125311,2026-08-16T17:53:46.125312
5695e204-37c4-45da-a062-c6f4a5070e48,Pradhan Mantri Surya Ghar Muft Bijli Yojana (Detailed),Ministry of New and Renewable Energy,"PM Surya Ghar Muft Bijli Yojana provides substantial subsidy for installation of rooftop solar systems on residential houses so that households can generate their own electricity, reduce electricity bills and become energy self-reliant. The scheme targets one crore households.",Energy,Subsidy,Central,"[""Subsidy up to 60% for systems up to 2 kW and 40% for additional capacity up to 3 kW"",""Free electricity up to certain units after installation"",""Reduced electricity bills and surplus power sale possibility"",""Environmental benefits and energy independence"",""Direct Benefit Transfer of subsidy""]","[""Residential households with suitable rooftop space and valid electricity connection"",""Must install through empanelled vendors"",""Who is NOT eligible: Commercial and industrial consumers for the household subsidy component""]","[""Aadhaar Card"",""Electricity bill"",""Proof of ownership or consent"",""Bank Account details"",""Photograph of rooftop""]",78000,Up to 60% Subsidy on Rooftop Solar for Homes,,,,,,,60.0,78000,true,true,All,18,,,"[""General"",""OBC"",""SC"",""ST""]",Both,Ongoing,Active,https://pmsuryaghar.gov.in/,"[""pm surya ghar"",""rooftop solar"",""muft bijli"",""subsidy"",""renewable""]",0,,2026-08-16T17:55:26.684450,2026-08-16T17:55:26.684511
28080945-3531-462b-be3f-320b4e7ea53f,PM-KUSUM Scheme (Detailed Components),Ministry of New and Renewable Energy,"PM-KUSUM aims to provide energy security to farmers by promoting installation of solar pumps and grid-connected solar power plants on barren land. It has three components covering standalone solar pumps, solarisation of existing grid-connected pumps and solar power plants.",Agriculture,Subsidy,Central,"[""Subsidy on solar agricultural pumps"",""Solarisation of existing grid-connected pumps"",""Opportunity for farmers to sell surplus solar power"",""Reduced diesel and electricity costs for irrigation"",""Central and state financial assistance""]","[""Individual farmers, groups of farmers, cooperatives, panchayats, FPOs"",""Suitable land or existing pump connection as per component"",""Who is NOT eligible: Non-agricultural consumers for the farmer-focused components""]","[""Aadhaar Card"",""Land records / cultivation proof"",""Electricity connection details if applicable"",""Bank Account details""]",500000,Subsidy on Solar Pumps & Solarisation for Farmers,,,,,,,60.0,500000,true,true,All,18,,,"[""General"",""OBC"",""SC"",""ST""]",Rural,Ongoing,Active,https://pmkusum.mnre.gov.in/,"[""pm kusum"",""solar pump"",""farmer"",""renewable"",""subsidy""]",0,,2026-08-16T17:55:26.684546,2026-08-16T17:55:26.684548
6feb72b0-3a61-44dc-9438-6eab602bc67c,Unnat Jyoti by Affordable LEDs for All (UJALA),Ministry of Power / EESL,"UJALA scheme distributes energy-efficient LED bulbs, tube lights and fans at highly subsidised rates to households to reduce electricity consumption, lower bills and cut carbon emissions. It is one of the world's largest zero-subsidy LED distribution programmes in later phases with aggregated demand.",Energy,Subsidy,Central,"[""Highly affordable LED bulbs, tube lights and energy-efficient fans"",""Significant reduction in household electricity bills"",""Lower carbon footprint"",""Wide availability through DISCOMs and retail points"",""Improved lighting quality""]","[""Any domestic electricity consumer"",""Usually one or limited quantity per household as per phase"",""Who is NOT eligible: Commercial bulk consumers in pure domestic distribution phases""]","[""Electricity bill / consumer number"",""Identity proof in some cases""]",100,Subsidised / Affordable LED Bulbs & Energy Efficient Appliances,,,,,,,50.0,500,false,true,All,,,,"[""General"",""OBC"",""SC"",""ST""]",Both,Ongoing,Active,https://www.eeslindia.org/ or local DISCOM,"[""ujala"",""led"",""energy efficiency"",""eesl"",""bulb""]",0,,2026-08-16T17:55:26.684568,2026-08-16T17:55:26.684569
fa7a892e-bd01-4776-bfc7-bf11e5b0bc58,Street Lighting National Programme (SLNP),Ministry of Power / EESL,"Street Lighting National Programme replaces conventional street lights with energy-efficient LED street lights across cities and towns. It is implemented by EESL on an ESCO model, reducing energy consumption and maintenance costs for Urban Local Bodies.",Energy,Scheme,Central,"[""Replacement of conventional street lights with LEDs"",""Significant energy and cost savings for municipalities"",""Better illumination and safety"",""Reduced carbon emissions"",""No upfront capital cost for ULBs in many cases under ESCO model""]","[""Urban Local Bodies and state agencies partnering with EESL"",""Who is NOT eligible: Individual households""]","[""Project agreements between EESL and ULB""]",,LED Street Lighting Replacement for Cities & Towns,,,,,,,,,,,All,,,,"[""General"",""OBC"",""SC"",""ST""]",Urban,Ongoing,Active,https://www.eeslindia.org/,"[""slnp"",""street lighting"",""led"",""eesl"",""energy efficiency""]",0,,2026-08-16T17:55:26.684610,2026-08-16T17:55:26.684612
74138ca2-d110-43c4-ade4-ce4e6a3d5189,National Electric Mobility Mission / FAME related residual support,Ministry of Heavy Industries,FAME India and subsequent electric mobility schemes provide demand incentives for electric vehicles and support for charging infrastructure to accelerate adoption of electric mobility and reduce dependence on fossil fuels.,Business,Subsidy,Central,"[""Demand incentive / subsidy on eligible electric two-wheelers, three-wheelers and four-wheelers"",""Support for public charging infrastructure"",""Promotion of domestic EV manufacturing"",""Reduced upfront cost of electric vehicles""]","[""Buyers of eligible electric vehicles meeting localisation and technical criteria"",""Purchase from registered dealers"",""Who is NOT eligible: Vehicles not meeting scheme technical and local content requirements""]","[""Aadhaar Card"",""Vehicle invoice"",""Registration documents"",""Bank details if applicable""]",150000,EV Purchase Subsidy & Charging Infrastructure Support,,,,,,,40.0,150000,false,true,All,18,,,"[""General"",""OBC"",""SC"",""ST""]",Both,Ongoing,Active,https://heavyindustries.gov.in/ or FAME portal,"[""fame"",""electric vehicle"",""ev subsidy"",""e-mobility"",""charging""]",0,,2026-08-16T17:55:26.684679,2026-08-16T17:55:26.684681
6d0d5fed-0ac6-46b9-9edd-9b921b1c7aca,Pradhan Mantri Innovative Learning Programme (DHRUV),Ministry of Education,"DHRUV is a programme to identify and encourage talented children and help them realise their full potential in different fields such as science, performing arts, creative writing and other areas through mentoring and exposure.",Education,Scheme,Central,"[""Identification of gifted students"",""Mentoring by experts and institutions of excellence"",""Exposure visits and specialised training"",""Encouragement of talent in academics, arts and innovation""]","[""School students showing exceptional talent in identified fields"",""Selected through a rigorous process"",""Who is NOT eligible: Students not selected in the talent search""]","[""School recommendation / nomination documents"",""Aadhaar Card"",""Academic and achievement records""]",,Mentoring & Exposure for Gifted / Talented Students,,,,,,,,,,,All,10,18,,"[""General"",""OBC"",""SC"",""ST""]",Both,As per selection cycles,Active,https://www.education.gov.in/ or DHRUV related notifications,"[""dhruv"",""gifted students"",""talent"",""mentoring"",""innovative learning""]",0,,2026-08-16T17:55:26.684706,2026-08-16T17:55:26.684707
c482df22-18d7-4f43-acd7-46e3bf576033,National Means-cum-Merit Scholarship Scheme (NMMSS) - Current,Ministry of Education,"NMMSS provides scholarships to meritorious students of economically weaker sections to prevent drop-outs at class VIII and encourage them to continue studies at secondary stage. Selected students receive Rs 12,000 per annum from Class IX to XII.",Education,Scheme,Central,"[""Scholarship of Rs 12,000 per year (Rs 1,000 per month)"",""Awarded from Class IX to XII"",""Helps meritorious poor students continue secondary education"",""Direct Benefit Transfer to student bank account""]","[""Students studying in Class VIII in government or government-aided schools"",""Must secure at least 55% marks (relaxable for reserved categories)"",""Parental income not exceeding Rs 3.5 lakh per annum"",""Must pass the state-level selection test"",""Who is NOT eligible: Students of private unaided schools and those already receiving other scholarships of similar nature""]","[""Aadhaar Card"",""Income Certificate"",""Mark sheet of Class VIII"",""Bank Account details"",""Caste certificate if applicable""]",12000,"Rs 12,000 per year Scholarship (Class IX-XII) for Meritorious Poor Students",,,,,,,,,,,All,13,18,350000,"[""General"",""OBC"",""SC"",""ST""]",Both,As per state notification,Active,https://scholarships.gov.in/,"[""nmmss"",""means cum merit"",""scholarship"",""secondary education""]",0,,2026-08-16T17:55:26.684745,2026-08-16T17:55:26.684747
f53bd710-fdeb-4cab-b51a-6d4e30efbb25,Central Sector Scheme of Scholarship for College and University Students,Ministry of Education,This scheme provides financial assistance to meritorious students from low-income families to meet a part of their day-to-day expenses while pursuing higher studies. Scholarship is awarded on the basis of Class XII results through the National Scholarship Portal.,Education,Scheme,Central,"[""Scholarship amount for undergraduate and postgraduate studies"",""Helps cover day-to-day expenses of meritorious students"",""Direct Benefit Transfer"",""Renewable based on academic performance""]","[""Students who are above 80th percentile of successful candidates in Class XII from a particular board"",""Family income up to the prescribed limit (typically Rs 4.5–8 lakh depending on year)"",""Pursuing regular degree courses"",""Who is NOT eligible: Students in distance education or already receiving other major scholarships in some cases""]","[""Aadhaar Card"",""Class XII mark sheet"",""Income Certificate"",""Admission proof"",""Bank Account details""]",20000,Merit-cum-Means Scholarship for College & University Students,,,,,,,,,,,All,17,25,800000,"[""General"",""OBC"",""SC"",""ST""]",Both,As per NSP schedule,Active,https://scholarships.gov.in/,"[""central sector scholarship"",""nsp"",""college scholarship"",""merit cum means""]",0,,2026-08-16T17:55:26.684771,2026-08-16T17:55:26.684772
a6830cb0-82e3-432f-b93c-5ba0a932b889,Post Matric Scholarship for SC/ST/OBC Students (Central Components),Ministry of Social Justice and Empowerment / Ministry of Tribal Affairs,"Central government provides funding support to states for Post Matric Scholarships for SC, ST and OBC students to enable them to complete their education from Class XI onwards up to PhD level by covering tuition and maintenance allowances.",Education,Scheme,Central,"[""Tuition fee and maintenance allowance support"",""Additional allowances for hostellers and differently-abled in many cases"",""Covers a wide range of courses from intermediate to PhD"",""DBT to student accounts in most states""]","[""SC / ST / OBC students as per respective scheme"",""Family income within the prescribed ceiling"",""Studying in recognised institutions after Class X"",""Who is NOT eligible: Students above income limit or not belonging to the notified categories""]","[""Aadhaar Card"",""Caste Certificate"",""Income Certificate"",""Mark sheets"",""Admission proof"",""Bank Account details""]",25000,Post Matric Scholarship for SC/ST/OBC Students,,,,,,,,,,,All,16,35,250000,"[""OBC"",""SC"",""ST""]",Both,As per state / NSP schedule,Active,https://scholarships.gov.in/ or respective state portals,"[""post matric"",""sc scholarship"",""st scholarship"",""obc scholarship"",""nsp""]",0,,2026-08-16T17:55:26.684816,2026-08-16T17:55:26.684818
642c3dbd-73fc-4391-bf18-9fce3002eea0,Pradhan Mantri YUVA Yojana (PM-YUVA) / Entrepreneurship Education,Ministry of Skill Development and Entrepreneurship,"PM-YUVA aims to create an enabling ecosystem for entrepreneurship development through education, training, advocacy and easy access to entrepreneurship support network. It focuses on educating and equipping young people with entrepreneurship skills.",Education,Scheme,Central,"[""Entrepreneurship education and training modules"",""Mentorship and networking support"",""Awareness and advocacy for entrepreneurship"",""Support for educational institutions to run entrepreneurship programmes"",""Encourages self-employment among youth""]","[""Students, young aspirants and educational institutions as per programme guidelines"",""Who is NOT eligible: Not a direct individual loan/subsidy scheme""]","[""As per institute or programme registration requirements""]",,Entrepreneurship Education & Ecosystem Support for Youth,,,,,,,,,,,All,15,35,,"[""General"",""OBC"",""SC"",""ST""]",Both,Ongoing,Active,https://www.msde.gov.in/ or related entrepreneurship portals,"[""pm yuva"",""entrepreneurship education"",""youth"",""startup ecosystem""]",0,,2026-08-16T17:56:52.181925,2026-08-16T17:56:52.182001
81eb3ca4-ac12-4cb7-90d2-7a17034af55b,Stand-Up India Scheme (Full Current Details),Department of Financial Services / SIDBI,"Stand-Up India facilitates bank loans between Rs 10 lakh and Rs 1 crore to at least one Scheduled Caste or Scheduled Tribe borrower and at least one woman borrower per bank branch for setting up a greenfield enterprise in manufacturing, services or trading sector.",Business,Loan,Central,"[""Bank loans from Rs 10 lakh to Rs 1 crore"",""Focus on SC/ST and women entrepreneurs"",""Composite loan (term + working capital)"",""Handholding support for project preparation and bank linkage"",""Repayment period up to 7 years with moratorium""]","[""SC or ST or Woman entrepreneur aged 18 years and above"",""Greenfield project only"",""Not a defaulter of any bank/financial institution"",""Who is NOT eligible: Existing enterprises (non-greenfield) for the core scheme window""]","[""Aadhaar Card"",""Caste certificate for SC/ST"",""Project report"",""Identity and address proof"",""Bank statements""]",10000000,Rs 10 Lakh to 1 Crore Loan for SC/ST & Women Greenfield Enterprises,9.5,84,false,12,0.0,"[""All Scheduled Commercial Banks""]",,,,,All,18,65,,"[""SC"",""ST""]",Both,Ongoing,Active,https://www.standupmitra.in/,"[""stand up india"",""women entrepreneur"",""sc st loan"",""greenfield""]",0,,2026-08-16T17:56:52.182061,2026-08-16T17:56:52.182063
f74c6674-84c8-417d-aed1-4808c2d9c616,"Mudra Yojana - Shishu, Kishore, Tarun Categories (Detailed)",Ministry of Finance / MUDRA / SIDBI,"Pradhan Mantri Mudra Yojana provides collateral-free loans up to Rs 20 lakh to non-corporate, non-farm small and micro enterprises under three/four categories: Shishu (up to Rs 50,000), Kishore (Rs 50,001 to 5 lakh), Tarun (Rs 5 lakh to 10 lakh) and Tarun Plus (up to 20 lakh in some updates).",Business,Loan,Central,"[""Collateral-free loans for income-generating activities"",""Flexible categories based on loan size"",""Supports trading, services and manufacturing micro units"",""Helps build credit history"",""Wide network of banks, NBFCs and MFIs""]","[""Non-corporate, non-farm small/micro enterprises"",""Indian citizen with viable business plan"",""Age generally 18+"",""Who is NOT eligible: Large corporates and pure agricultural activities""]","[""Aadhaar Card"",""PAN if available"",""Business plan / quotations"",""Identity and address proof"",""Bank Account details""]",2000000,Collateral-Free Loans up to Rs 20 Lakh (Shishu-Kishore-Tarun),9.5,60,false,6,0.0,"[""Banks"",""NBFCs"",""MFIs"",""RRBs""]",,,,,All,18,65,,"[""General"",""OBC"",""SC"",""ST""]",Both,Ongoing,Active,https://www.mudra.org.in/,"[""mudra"",""pmmy"",""shishu"",""kishore"",""tarun"",""micro enterprise""]",0,,2026-08-16T17:56:52.182087,2026-08-16T17:56:52.182088
2dacf4ee-bb45-441d-b86d-2706268d5172,Prime Minister's Employment Generation Programme (PMEGP) - Detailed Current,"Ministry of Micro, Small and Medium Enterprises / KVIC",PMEGP is a credit-linked subsidy scheme for generating self-employment opportunities through establishment of micro-enterprises in the non-farm sector. Margin money subsidy is provided by the government on the bank loan.,Business,Loan,Central,"[""Margin money subsidy 15-35% of project cost (higher for special categories and rural/NE areas)"",""Bank finance for the balance project cost"",""Project cost ceiling Rs 50 lakh (manufacturing) / Rs 20 lakh (service)"",""EDP training support"",""Only for new units""]","[""Individuals above 18 years, SHGs, societies, trusts, etc."",""Only new projects (no existing unit assistance)"",""Educational qualification criteria for higher project costs"",""Who is NOT eligible: Existing units and those who have already availed government subsidy for the same purpose""]","[""Aadhaar Card"",""Project report"",""Educational certificate if applicable"",""Caste certificate for higher subsidy"",""Bank Account details""]",5000000,15-35% Margin Money Subsidy + Bank Loan for New Micro Enterprises,11.0,84,false,12,0.0,"[""Banks through KVIC / DIC / KVIB""]",,,,,All,18,,,"[""General"",""OBC"",""SC"",""ST""]",Both,Ongoing,Active,https://www.kviconline.gov.in/pmegpeportal/,"[""pmegp"",""margin money"",""self employment"",""kvic"",""micro enterprise""]",0,,2026-08-16T17:56:52.182111,2026-08-16T17:56:52.182112
acdf556f-df91-454b-b2d2-fb921b882360,Scheme of Fund for Regeneration of Traditional Industries (SFURTI),"Ministry of Micro, Small and Medium Enterprises","SFURTI organises traditional industries and artisans into clusters to make them competitive and provide sustainable employment. It supports Common Facility Centres, infrastructure, capacity building, marketing and design interventions.",Business,Subsidy,Central,"[""Support for Common Facility Centres and infrastructure"",""Soft interventions for capacity building, design and marketing"",""Improved competitiveness of traditional industry clusters"",""Sustainable employment for artisans"",""Focus on khadi, coir, village industries and other traditional sectors""]","[""Traditional industry clusters and implementing agencies as per SFURTI guidelines"",""Artisans and enterprises in the cluster benefit through the interventions"",""Who is NOT eligible: Standalone individual units outside cluster approach""]","[""Cluster development proposals through Implementing Agencies"",""Artisan identity documents for benefits""]",,Cluster Support for Traditional Industries & Artisans,,,,,,,100.0,,false,false,All,18,,,"[""General"",""OBC"",""SC"",""ST""]",Both,Ongoing,Active,https://www.sfurti.msme.gov.in/,"[""sfurti"",""traditional industries"",""cluster"",""artisans"",""khadi""]",0,,2026-08-16T17:56:52.182197,2026-08-16T17:56:52.182199
6c80dc69-20ab-4db5-b1e6-9cedb81862f7,"A Scheme for Promotion of Innovation, Rural Industries and Entrepreneurship (ASPIRE)","Ministry of Micro, Small and Medium Enterprises",ASPIRE promotes innovation and rural entrepreneurship through Livelihood Business Incubators and Technology Business Incubators. It supports creation of incubation centres and provides funding for innovative ideas in the agro-rural sector.,Business,Scheme,Central,"[""Support for setting up Livelihood and Technology Business Incubators"",""Funding and mentoring for rural and agro-based innovative enterprises"",""Skill development and entrepreneurship promotion in rural areas"",""Focus on job creation near rural clusters""]","[""Institutions and organisations setting up incubators under ASPIRE guidelines"",""Startups and innovators incubated under the supported centres"",""Who is NOT eligible: Purely urban non-agro innovation outside scheme focus""]","[""Proposals from eligible institutions"",""As per incubator guidelines for startups""]",,Incubation Support for Rural & Agro Innovation / Entrepreneurship,,,,,,,,,,,All,18,,,"[""General"",""OBC"",""SC"",""ST""]",Rural,Ongoing,Active,https://aspire.msme.gov.in/,"[""aspire"",""rural incubation"",""agro innovation"",""livelihood business incubator""]",0,,2026-08-16T17:56:52.182222,2026-08-16T17:56:52.182223
ce34cdfe-92e0-4fef-b981-d3491a4c5e20,National SC-ST Hub (NSSH) - Detailed,"Ministry of Micro, Small and Medium Enterprises","National SC-ST Hub provides professional support to Scheduled Caste and Scheduled Tribe entrepreneurs to fulfil the obligations under the Public Procurement Policy, facilitate sharing of business opportunities and mentor them for growth.",Business,Scheme,Central,"[""Mentorship and capacity building for SC/ST entrepreneurs"",""Support for public procurement participation"",""Market linkages and business opportunity sharing"",""Special credit related facilitation and subsidies in components"",""Vendor development programmes""]","[""SC and ST owned MSMEs and entrepreneurs"",""Who is NOT eligible: Non-SC/ST entrepreneurs for the core Hub benefits""]","[""Aadhaar Card"",""Caste Certificate"",""Udyam Registration"",""Business documents""]",,"Mentorship, Procurement & Credit Support for SC/ST Entrepreneurs",,,,,,,,,,,All,18,,,"[""SC"",""ST""]",Both,Ongoing,Active,https://www.scsthub.in/,"[""national sc st hub"",""nssh"",""sc st entrepreneur"",""public procurement""]",0,,2026-08-16T17:56:52.182240,2026-08-16T17:56:52.182241
22a4642c-8d1b-4908-894a-2aae1e438f3f,Coir Vikas Yojana / Coir Industry related Schemes,"Ministry of Micro, Small and Medium Enterprises / Coir Board","Coir Vikas Yojana and related Coir Board schemes support modernisation, skill development, domestic and export market promotion, and welfare of coir workers to strengthen the coir industry.",Business,Subsidy,Central,"[""Assistance for modernisation of coir units"",""Skill development and training support"",""Market development and export promotion"",""Welfare measures for coir workers"",""Infrastructure support for the coir sector""]","[""Coir units, artisans, cooperatives and implementing agencies as per Coir Board guidelines"",""Who is NOT eligible: Units outside the coir sector""]","[""Unit registration / artisan identity"",""Project proposals for modernisation components""]",,"Modernisation, Skill & Market Support for Coir Industry",,,,,,,50.0,,false,false,All,18,,,"[""General"",""OBC"",""SC"",""ST""]",Both,Ongoing,Active,https://coirboard.gov.in/,"[""coir vikas"",""coir board"",""modernisation"",""artisans""]",0,,2026-08-16T17:56:52.182257,2026-08-16T17:56:52.182258
3d12aeb7-48d8-4f66-a70f-b1e78f5c2c80,Khadi Reform and Development Programme / Khadi related Support,"Ministry of Micro, Small and Medium Enterprises / KVIC","Khadi related schemes under KVIC support production, marketing, design development, and welfare of khadi artisans. They aim to increase the competitiveness of khadi and provide sustainable livelihood to artisans.",Business,Subsidy,Central,"[""Support for khadi production and marketing"",""Design development and product diversification"",""Artisan welfare measures including insurance and training"",""Market development assistance in components"",""Promotion of khadi as a sustainable livelihood""]","[""Khadi institutions, artisans and implementing agencies under KVIC"",""Who is NOT eligible: Purely commercial non-khadi textile units""]","[""Artisan / institution registration with KVIC"",""As per specific component requirements""]",,"Production, Marketing & Welfare Support for Khadi Artisans",,,,,,,,,false,false,All,18,,,"[""General"",""OBC"",""SC"",""ST""]",Both,Ongoing,Active,https://www.kviconline.gov.in/,"[""khadi"",""kvic"",""artisans"",""market development"",""welfare""]",0,,2026-08-16T17:56:52.182272,2026-08-16T17:56:52.182273
3b3ee890-f861-473d-ab1a-99279f406d6a,National Rural Livelihoods Mission (DAY-NRLM) - Full Details,Ministry of Rural Development,"Deendayal Antyodaya Yojana - National Rural Livelihoods Mission mobilises rural poor households into Self Help Groups and federations, provides financial inclusion, livelihoods support, and interest subvention on bank loans to SHGs.",Social Welfare,Loan,Central,"[""Bank credit linkage for SHGs"",""Interest subvention for eligible SHG loans"",""Community investment funds and revolving funds"",""Livelihood promotion in farm and non-farm sectors"",""Skill and capacity building of SHG members""]","[""Rural poor households, especially women, organised into SHGs following NRLM norms"",""SHGs must be graded and eligible for bank linkage"",""Who is NOT eligible: Urban-only groups and non-poor households outside the target""]","[""SHG records and grading documents"",""Aadhaar of members"",""Bank Account of SHG"",""Identity proofs""]",1000000,SHG Bank Linkage + Interest Subvention + Livelihood Support,7.0,36,false,0,4.0,"[""Commercial Banks"",""Regional Rural Banks"",""Cooperative Banks""]",,,,,All,18,,,"[""General"",""OBC"",""SC"",""ST""]",Rural,Ongoing,Active,https://aajeevika.gov.in/,"[""nrlm"",""day-nrlm"",""shg"",""livelihood"",""interest subvention"",""rural""]",0,,2026-08-16T17:58:20.879956,2026-08-16T17:58:20.880016
d6968caa-ca3c-45c4-985b-0e460ae6d962,Pradhan Mantri Matru Vandana Yojana (PMMVY) - Current Implementation,Ministry of Women and Child Development,"PMMVY is a maternity benefit programme providing cash incentive to pregnant women and lactating mothers for the first living child of the family. Benefits are linked to antenatal check-ups, institutional delivery and vaccination to improve health-seeking behaviour.",Healthcare,Scheme,Central,"[""Cash incentive of Rs 5,000 in instalments for the first living child"",""Promotes antenatal check-ups, institutional delivery and immunisation"",""Direct Benefit Transfer to the woman’s bank account"",""Improves nutrition and health outcomes for mother and child""]","[""Pregnant woman / lactating mother for the first living child of the family"",""Age 19 years and above"",""Must fulfil conditions of antenatal check-up, delivery and child vaccination for full instalments"",""Who is NOT eligible: Women for second or subsequent living child (with limited exceptions in some notifications)""]","[""Aadhaar Card of the woman"",""MCP Card / pregnancy related records"",""Bank Account details of the woman"",""Husband’s Aadhaar in some cases""]",5000,"Rs 5,000 Maternity Benefit for First Living Child",,,,,,,,,,,Female,19,,,"[""General"",""OBC"",""SC"",""ST""]",Both,Ongoing,Active,https://pmmvy.wcd.gov.in/ or Anganwadi / CSC,"[""pmmvy"",""maternity benefit"",""pregnant women"",""first child"",""dbt""]",0,,2026-08-16T17:58:20.880274,2026-08-16T17:58:20.880276
5ed6dfd5-26a3-4732-ad7c-1ed7f78e417d,Scheme for Adolescent Girls (SAG) under Saksham Anganwadi & Poshan 2.0,Ministry of Women and Child Development,"The Scheme for Adolescent Girls aims to improve the nutritional and health status of out-of-school adolescent girls, promote awareness about health, hygiene and nutrition, and provide life skills and vocational training support through Anganwadi centres.",Healthcare,Scheme,Central,"[""Supplementary nutrition for adolescent girls"",""Health check-up and referral services"",""Nutrition and health education"",""Life skills education and vocational guidance in components"",""Support through Anganwadi network""]","[""Out-of-school adolescent girls in the target age group (mainly 11–14 years or as notified)"",""Registered at Anganwadi centres"",""Who is NOT eligible: School-going girls already covered under other mid-day meal or school programmes in many cases""]","[""Aadhaar Card"",""Age proof"",""Anganwadi registration""]",,Nutrition & Life Skills Support for Adolescent Girls,,,,,,,,,,,Female,11,18,,"[""General"",""OBC"",""SC"",""ST""]",Both,Ongoing,Active,https://wcd.nic.in/ or Anganwadi / Poshan portals,"[""scheme for adolescent girls"",""sag"",""nutrition"",""anganwadi"",""adolescent""]",0,,2026-08-16T17:58:20.880538,2026-08-16T17:58:20.880541
0ed46384-0889-4454-99a2-d930ac095e87,Accessible India Campaign (Sugamya Bharat Abhiyan) / Disability related Support,Ministry of Social Justice and Empowerment,"Accessible India Campaign aims to make public buildings, transport and information systems accessible for persons with disabilities. Related schemes provide aids, appliances, scholarships and skill support for persons with disabilities.",Social Welfare,Scheme,Central,"[""Accessibility audits and retrofitting of public infrastructure"",""Aids and appliances for persons with disabilities"",""Scholarships and educational support"",""Skill development and employment facilitation"",""Awareness and sensitisation programmes""]","[""Persons with benchmark disabilities as per the Rights of Persons with Disabilities Act"",""Institutions and public authorities for infrastructure components"",""Who is NOT eligible: Persons without valid disability certificate for individual benefits""]","[""Aadhaar Card"",""Disability Certificate"",""Bank Account details"",""For infrastructure: project proposals""]",,"Accessibility, Aids & Support for Persons with Disabilities",,,,,,,,,,,All,,,,"[""General"",""OBC"",""SC"",""ST""]",Both,Ongoing,Active,https://disabilityaffairs.gov.in/ or Sugamya Bharat portal,"[""accessible india"",""sugamya bharat"",""disability"",""aids appliances"",""pwd""]",0,,2026-08-16T17:58:20.880707,2026-08-16T17:58:20.880709
fb2cd7d8-2017-4788-aa16-e4b4b160ad78,Unique Disability ID (UDID) / Swavlamban related Benefits,Ministry of Social Justice and Empowerment,"The Unique Disability ID project issues a single disability certificate and identity card valid across the country. It facilitates access to various schemes, concessions and benefits for persons with disabilities under the Rights of Persons with Disabilities Act.",Social Welfare,Scheme,Central,"[""Single national disability identity card (UDID)"",""Facilitates access to government schemes, concessions and benefits"",""Online application and verification process"",""Portable across states"",""Linked to various welfare and empowerment schemes""]","[""Persons with benchmark disabilities as defined under the RPwD Act"",""Who is NOT eligible: Persons without disability or below the prescribed percentage""]","[""Aadhaar Card"",""Medical documents / assessment reports"",""Photograph"",""Proof of residence""]",,National Disability ID Card for Access to Schemes & Concessions,,,,,,,,,,,All,0,,,"[""General"",""OBC"",""SC"",""ST""]",Both,Ongoing,Active,https://www.swavlambancard.gov.in/,"[""udid"",""swavlamban"",""disability id"",""pwd"",""certificate""]",0,,2026-08-16T17:58:20.880830,2026-08-16T17:58:20.880831
7023f0a9-ac67-47b6-b4ca-9f7a7da55d09,National Handicapped Finance and Development Corporation (NHFDC) Schemes,Ministry of Social Justice and Empowerment,"NHFDC provides concessional credit and financial assistance to persons with disabilities for self-employment, education and skill development. It channels funds through state channelising agencies, banks and NGOs for livelihood and higher education support.",Business,Loan,Central,"[""Concessional loans for self-employment ventures"",""Education loans for professional and technical courses"",""Skill development and training support"",""Lower interest rates for persons with disabilities"",""Repayment assistance and subsidies in some components""]","[""Persons with benchmark disabilities (40% or more)"",""Age and income criteria as per specific NHFDC scheme"",""Who is NOT eligible: Persons without valid disability certificate""]","[""Aadhaar Card"",""Disability Certificate / UDID"",""Income proof"",""Project report or admission proof"",""Bank Account details""]",2500000,Concessional Loans for Self-Employment & Education of PwDs,5.0,120,false,12,0.0,"[""NHFDC"",""State Channelising Agencies"",""Banks""]",,,,,All,18,60,,"[""General"",""OBC"",""SC"",""ST""]",Both,Ongoing,Active,https://www.nhfdc.nic.in/,"[""nhfdc"",""disability loan"",""pwd"",""self employment"",""concessional credit""]",0,,2026-08-16T17:59:30.943631,2026-08-16T17:59:30.943646
8b023be5-67a1-4f45-8189-046d02c863d8,"Scholarship for Students with Disabilities (Pre-Matric, Post-Matric & Top Class)",Ministry of Social Justice and Empowerment,"The Department of Empowerment of Persons with Disabilities provides pre-matric, post-matric and top-class education scholarships to students with disabilities to support their education from school to higher and professional courses.",Education,Scheme,Central,"[""Pre-matric and post-matric scholarships covering maintenance and other allowances"",""Top Class Education scholarship for premier institutions"",""Support for tuition, books and disability-related expenses in many cases"",""Direct Benefit Transfer""]","[""Students with benchmark disabilities"",""Income criteria as per specific scholarship"",""Studying in recognised institutions"",""Who is NOT eligible: Students without valid disability certificate or above income limit""]","[""Aadhaar Card"",""Disability Certificate / UDID"",""Income Certificate"",""Mark sheets"",""Admission proof"",""Bank Account details""]",50000,Scholarships for Students with Disabilities (School to Higher Education),,,,,,,,,,,All,6,35,800000,"[""General"",""OBC"",""SC"",""ST""]",Both,As per NSP schedule,Active,https://scholarships.gov.in/,"[""disability scholarship"",""pwd scholarship"",""pre matric"",""post matric"",""top class""]",0,,2026-08-16T17:59:30.943674,2026-08-16T17:59:30.943676
d41eee07-da5f-43ee-871d-446098c50039,Assistance to Disabled Persons for Purchase/Fitting of Aids and Appliances (ADIP),Ministry of Social Justice and Empowerment,"ADIP scheme provides aids and assistive devices to persons with disabilities to improve their mobility, communication and daily living. Devices include hearing aids, wheelchairs, prosthetic limbs, Braille kits and other assistive technology.",Social Welfare,Subsidy,Central,"[""Free or subsidised aids and appliances"",""Covers a wide range of assistive devices"",""Camp-based and institutional distribution"",""Improves independence and quality of life"",""Follow-up and repair support in many cases""]","[""Persons with disabilities having income up to the prescribed limit"",""Valid disability certificate"",""Who is NOT eligible: Persons above income ceiling or without disability certificate""]","[""Aadhaar Card"",""Disability Certificate / UDID"",""Income Certificate"",""Photograph"",""Bank Account details if required""]",20000,Free / Subsidised Aids & Assistive Devices for PwDs,,,,,,,100.0,20000,false,true,All,0,,300000,"[""General"",""OBC"",""SC"",""ST""]",Both,Ongoing,Active,https://disabilityaffairs.gov.in/ or ADIP implementing agencies,"[""adip"",""aids appliances"",""assistive devices"",""pwd"",""wheelchair""]",0,,2026-08-16T17:59:30.943695,2026-08-16T17:59:30.943696
1ad05e92-7df5-4377-9e5e-f204e927f6b4,Deendayal Disabled Rehabilitation Scheme (DDRS),Ministry of Social Justice and Empowerment,"DDRS provides financial assistance to NGOs and voluntary organisations for running projects related to rehabilitation of persons with disabilities, including special schools, vocational training centres, community-based rehabilitation and manpower development.",Social Welfare,Scheme,Central,"[""Grant-in-aid to organisations running rehabilitation projects"",""Support for special schools, vocational centres and CBR programmes"",""Manpower development and training of professionals"",""Improved access to rehabilitation services""]","[""Registered NGOs / voluntary organisations meeting the scheme criteria"",""Projects for rehabilitation of persons with disabilities"",""Who is NOT eligible: Individuals applying directly for personal benefits""]","[""Organisation registration documents"",""Project proposal"",""Disability related project details""]",,Grant Support to NGOs for Disability Rehabilitation Projects,,,,,,,,,,,All,,,,"[""General"",""OBC"",""SC"",""ST""]",Both,Ongoing,Active,https://disabilityaffairs.gov.in/,"[""ddrs"",""disability rehabilitation"",""ngo support"",""special school"",""cbr""]",0,,2026-08-16T17:59:30.943714,2026-08-16T17:59:30.943715
c13cdab6-6de8-4704-bfbc-5e458e27cfc1,National Fellowship for Persons with Disabilities (NFPwD),Ministry of Social Justice and Empowerment,National Fellowship for Persons with Disabilities provides financial assistance to students with disabilities for pursuing M.Phil. and Ph.D. programmes in universities and institutions recognised by UGC.,Education,Scheme,Central,"[""Fellowship amount for M.Phil. and Ph.D. scholars with disabilities"",""Contingency grant and other allowances"",""Support for research scholars"",""Encourages higher education and research among PwDs""]","[""Persons with benchmark disabilities"",""Admitted to M.Phil. or Ph.D. programmes in recognised institutions"",""Who is NOT eligible: Students without valid disability certificate or not pursuing research degrees""]","[""Aadhaar Card"",""Disability Certificate / UDID"",""Admission proof"",""Research proposal details"",""Bank Account details""]",31000,Fellowship for M.Phil. / Ph.D. Scholars with Disabilities,,,,,,,,,,,All,22,40,,"[""General"",""OBC"",""SC"",""ST""]",Both,As per notification,Active,https://www.ugc.ac.in/ or disabilityaffairs.gov.in,"[""nfpwd"",""fellowship"",""phd"",""mphil"",""disability research""]",0,,2026-08-16T17:59:30.943736,2026-08-16T17:59:30.943738
5f521717-0757-41d0-a99d-ac8fadc2a510,Integrated Programme for Senior Citizens (IPSrC),Ministry of Social Justice and Empowerment,"IPSrC provides financial assistance to organisations for running and maintaining old age homes, continuous care homes, mobile medicare units and other programmes for the welfare of senior citizens.",Social Welfare,Scheme,Central,"[""Support for old age homes and continuous care facilities"",""Mobile medicare units for senior citizens"",""Physiotherapy and rehabilitation support in components"",""Improved care and dignity for elderly""]","[""Registered organisations running eligible projects for senior citizens"",""Who is NOT eligible: Individuals applying for personal cash benefits under this scheme""]","[""Organisation registration and project proposals""]",,Support for Old Age Homes & Senior Citizen Care Programmes,,,,,,,,,,,All,60,,,"[""General"",""OBC"",""SC"",""ST""]",Both,Ongoing,Active,https://socialjustice.gov.in/,"[""ipsrc"",""senior citizens"",""old age home"",""elderly care""]",0,,2026-08-16T17:59:30.943755,2026-08-16T17:59:30.943756
fbe302c6-7c38-40c7-b271-99e6e75ebb02,Rashtriya Vayoshri Yojana (RVY),Ministry of Social Justice and Empowerment,"Rashtriya Vayoshri Yojana provides physical aids and assisted-living devices to senior citizens belonging to BPL category who suffer from age-related disabilities or infirmities. Devices include walking sticks, elbow crutches, walkers, hearing aids, spectacles and dentures.",Social Welfare,Subsidy,Central,"[""Free assisted-living devices for BPL senior citizens"",""Covers walking aids, hearing aids, spectacles, dentures etc."",""Camp-based distribution"",""Improves mobility and quality of life of elderly""]","[""Senior citizens (60+) belonging to BPL category"",""Suffering from age-related disability or infirmity"",""Who is NOT eligible: Non-BPL senior citizens and those without age-related need""]","[""Aadhaar Card"",""Age proof"",""BPL / ration card or equivalent"",""Photograph""]",10000,Free Assisted-Living Devices for BPL Senior Citizens,,,,,,,100.0,10000,false,true,All,60,,100000,"[""General"",""OBC"",""SC"",""ST""]",Both,Ongoing,Active,https://socialjustice.gov.in/ or implementing agencies,"[""rashtriya vayoshri"",""rvy"",""senior citizens"",""assisted living"",""bpl""]",0,,2026-08-16T17:59:30.943771,2026-08-16T17:59:30.943772
bbca1647-ae81-49bc-91d8-cfbd882e333a,National Action Plan for Drug Demand Reduction (NAPDDR) related Support,Ministry of Social Justice and Empowerment,"NAPDDR aims to reduce the adverse consequences of drug abuse through a multi-pronged strategy involving education, de-addiction, rehabilitation and capacity building. It supports Integrated Rehabilitation Centres for Addicts (IRCAs) and other interventions.",Social Welfare,Scheme,Central,"[""Support for de-addiction and rehabilitation centres"",""Awareness and preventive education programmes"",""Capacity building of service providers"",""Rehabilitation and after-care support for recovering addicts""]","[""Organisations running approved de-addiction and rehabilitation projects"",""Individuals access services through IRCAs and related centres"",""Who is NOT eligible: Not a direct individual cash scheme""]","[""For organisations: project proposals; for individuals: as required by treatment centres""]",,"De-addiction, Rehabilitation & Awareness Support for Drug Demand Reduction",,,,,,,,,,,All,,,,"[""General"",""OBC"",""SC"",""ST""]",Both,Ongoing,Active,https://socialjustice.gov.in/,"[""napddr"",""drug demand reduction"",""de-addiction"",""rehabilitation"",""irca""]",0,,2026-08-16T17:59:30.943790,2026-08-16T17:59:30.943791
305b0049-bbc4-430b-a478-3f486bd41394,Pradhan Mantri Adarsh Gram Yojana (PMAGY),Ministry of Social Justice and Empowerment,PMAGY aims at integrated development of selected villages with a significant Scheduled Caste population by converging various central and state schemes and providing gap-filling funds for infrastructure and livelihood activities.,Social Welfare,Scheme,Central,"[""Integrated development of SC-majority villages"",""Convergence of existing schemes plus gap-filling support"",""Infrastructure and livelihood improvement"",""Focus on education, health, sanitation and skill development""]","[""Villages selected under PMAGY with substantial SC population"",""Implemented through state and district agencies"",""Who is NOT eligible: Villages not selected under the scheme""]","[""Village selection and project plans at district level""]",,Integrated Development of SC-Majority Villages,,,,,,,,,,,All,,,,"[""SC""]",Rural,Ongoing,Active,https://socialjustice.gov.in/,"[""pmagy"",""adarsh gram"",""sc village"",""integrated development""]",0,,2026-08-16T17:59:30.943803,2026-08-16T17:59:30.943804
6bc7204b-beb1-4018-bc01-b5a4510ac9ee,Venture Capital Fund for Scheduled Castes (VCF-SC) / Similar Funds,Ministry of Social Justice and Empowerment / IFCI Venture,Venture Capital Fund for Scheduled Castes provides concessional finance to SC entrepreneurs for setting up or expanding growth-oriented businesses. It aims to promote entrepreneurship among Scheduled Castes through equity and soft loan support.,Business,Loan,Central,"[""Concessional finance / soft loans for SC entrepreneurs"",""Support for growth-oriented projects"",""Equity participation in some cases"",""Mentoring and handholding support"",""Encourages SC entrepreneurship and wealth creation""]","[""Entrepreneurs belonging to Scheduled Castes"",""Viable growth-oriented projects meeting fund criteria"",""Who is NOT eligible: Non-SC entrepreneurs""]","[""Aadhaar Card"",""SC Caste Certificate"",""Project report / business plan"",""Company documents"",""Financial projections""]",15000000,Concessional Finance for SC Entrepreneurs (Venture Capital Style),8.0,96,false,24,0.0,"[""IFCI Venture / Fund Managers""]",,,,,All,18,65,,"[""SC""]",Both,Ongoing,Active,https://www.vcfsc.in/ or socialjustice.gov.in,"[""vcf-sc"",""venture capital"",""sc entrepreneur"",""concessional finance""]",0,,2026-08-16T17:59:30.943821,2026-08-16T17:59:30.943822
c9905788-9a17-4daa-b63f-9d8d554f9403,Pradhan Mantri Fasal Bima Yojana (PMFBY) - Detailed Current,Ministry of Agriculture and Farmers Welfare,PMFBY provides comprehensive crop insurance coverage against non-preventable natural risks at a very low premium for farmers. The government subsidises the major portion of the premium so that farmers pay only a nominal share (1.5%–5% depending on the crop and season).,Agriculture,Scheme,Central,"[""Crop insurance against natural calamities, pests and diseases"",""Farmer pays only 1.5% to 5% premium depending on crop season"",""Government bears the remaining premium subsidy"",""Use of technology for faster claim settlement"",""Coverage from pre-sowing to post-harvest in notified areas""]","[""All farmers (loanee and non-loanee) growing notified crops in notified areas"",""Sharecroppers and tenant farmers also eligible with proper documents"",""Enrolment before the cut-off date of the season"",""Who is NOT eligible: Farmers growing non-notified crops or outside notified areas""]","[""Aadhaar Card"",""Land records or cultivation certificate (for non-loanee)"",""Bank Account details"",""Sowing declaration / crop details""]",,Crop Insurance at Low Premium (Highly Subsidised),,,,,,,,,,,All,18,,,"[""General"",""OBC"",""SC"",""ST""]",Rural,Seasonal cut-off dates,Active,https://pmfby.gov.in/,"[""pmfby"",""crop insurance"",""farmer"",""premium subsidy"",""risk cover""]",0,,2026-08-16T18:00:43.363329,2026-08-16T18:00:43.363387
ee992bba-2e34-46fc-9a3c-d9c56538252e,Kisan Credit Card (KCC) Scheme - Detailed,Ministry of Agriculture and Farmers Welfare / Ministry of Finance,"Kisan Credit Card provides farmers with timely and adequate credit for crop production, post-harvest expenses, working capital for animal husbandry and fisheries, and some consumption needs through a revolving cash credit facility.",Agriculture,Loan,Central,"[""Revolving credit for crop and allied activities"",""Flexible withdrawal and repayment"",""Interest subvention benefits available on eligible limits"",""Insurance coverage options under crop insurance convergence"",""Simplified documentation and renewal""]","[""Farmers (individual or joint), tenant farmers, sharecroppers, SHGs and JLGs of farmers"",""Allied activities (dairy, fisheries, poultry) also covered under expanded KCC"",""Who is NOT eligible: Non-agricultural purposes outside the scheme guidelines""]","[""Aadhaar Card"",""Land records or tenancy proof"",""Bank Account details"",""Passport size photographs"",""Identity and address proof""]",300000,Revolving Crop & Allied Credit through Kisan Credit Card,7.0,60,false,0,3.0,"[""All Banks"",""RRBs"",""Cooperative Banks""]",,,,,All,18,,,"[""General"",""OBC"",""SC"",""ST""]",Rural,Ongoing,Active,Through any bank branch or https://www.nabard.org/,"[""kcc"",""kisan credit card"",""crop loan"",""revolving credit"",""farmer""]",0,,2026-08-16T18:00:43.363428,2026-08-16T18:00:43.363430
f0aa70e3-96f5-4815-8741-cde2669f298e,Interest Subvention Scheme for Short-Term Crop Loans,Ministry of Agriculture and Farmers Welfare / Ministry of Finance,The Interest Subvention Scheme provides interest relief to farmers on short-term crop loans up to Rs 3 lakh. Farmers receive loans at subvented rates and prompt repayment incentive further reduces the effective rate.,Agriculture,Loan,Central,"[""Interest subvention making short-term crop loans available at low effective rates"",""Additional incentive for prompt repayment"",""Support for crop production credit needs"",""Available through banks and cooperative institutions""]","[""Farmers taking short-term crop loans up to Rs 3 lakh"",""Loan from scheduled banks, RRBs or cooperatives"",""Who is NOT eligible: Loans above the ceiling for full subvention benefit and non-crop loans""]","[""Aadhaar Card"",""Land records / cultivation certificate"",""Loan application through bank"",""KYC documents""]",300000,Low Interest Short-Term Crop Loans (with Subvention),7.0,12,false,0,3.0,"[""Scheduled Commercial Banks"",""RRBs"",""Cooperative Banks""]",,,,,All,18,,,"[""General"",""OBC"",""SC"",""ST""]",Rural,Ongoing (seasonal),Active,Through banks / https://www.nabard.org/,"[""interest subvention"",""crop loan"",""kcc"",""farmer credit"",""short term""]",0,,2026-08-16T18:00:43.363451,2026-08-16T18:00:43.363452
30be8ed4-d0ae-4c64-8c8a-64b1591201e0,"Formation and Promotion of 10,000 FPOs Scheme",Ministry of Agriculture and Farmers Welfare,"The Central Sector Scheme for Formation and Promotion of 10,000 Farmer Producer Organizations aims to collectivise farmers, especially small and marginal farmers, into producer organisations so they can benefit from economies of scale in input purchase, processing and marketing.",Agriculture,Scheme,Central,"[""Financial support for FPO formation and handholding"",""Equity grant and credit guarantee support"",""Training and capacity building of FPO members and boards"",""Better market access and bargaining power for farmers"",""Professional management support for a limited period""]","[""Groups of farmers (especially small and marginal) willing to form FPOs"",""Implemented through Cluster Based Business Organizations and Implementing Agencies"",""Who is NOT eligible: Already mature large FPOs not needing formation support""]","[""Farmer identity and land details"",""Group resolution / application through Implementing Agency"",""Bank Account of the proposed FPO""]",,Support for Formation & Strengthening of Farmer Producer Organizations,,,,,,,,,,,All,18,,,"[""General"",""OBC"",""SC"",""ST""]",Rural,Ongoing,Active,https://www.fpo.dac.gov.in/ or through Implementing Agencies,"[""fpo"",""farmer producer organization"",""collectivisation"",""10,000 fpos"",""agriculture""]",0,,2026-08-16T18:00:43.363471,2026-08-16T18:00:43.363472
24a7e986-336d-4f6a-91b7-62a346378162,National Beekeeping and Honey Mission (NBHM) - Full,Ministry of Agriculture and Farmers Welfare,"NBHM promotes scientific beekeeping, honey production, quality testing, processing and marketing under the goal of Sweet Revolution. It supports infrastructure, capacity building, women participation and market linkages through Mini Missions.",Agriculture,Subsidy,Central,"[""Assistance for bee colonies, hives and equipment"",""Support for honey testing labs and processing units"",""Training and capacity building"",""Promotion of FPOs and women beekeepers"",""Market development and branding support""]","[""Beekeepers, farmers, SHGs, FPOs, cooperatives and implementing agencies"",""Projects aligned with NBHM guidelines"",""Who is NOT eligible: Pure trading activities without production or infrastructure component""]","[""Aadhaar / entity documents"",""Project proposal"",""Bank Account details""]",500000,Subsidy & Infrastructure Support for Beekeeping and Honey,,,,,,,50.0,500000,true,false,All,18,,,"[""General"",""OBC"",""SC"",""ST""]",Both,Ongoing,Active,https://nbb.gov.in/,"[""nbhm"",""beekeeping"",""honey"",""sweet revolution"",""subsidy""]",0,,2026-08-16T18:00:43.363487,2026-08-16T18:00:43.363489
f814911f-0be7-47b0-aa10-6d2a846ecd63,Mission for Integrated Development of Horticulture (MIDH) - Current,Ministry of Agriculture and Farmers Welfare,"MIDH is a Centrally Sponsored Scheme for the holistic growth of the horticulture sector covering fruits, vegetables, root and tuber crops, mushrooms, spices, flowers, aromatic plants, coconut, cashew, cocoa and bamboo.",Agriculture,Subsidy,Central,"[""Assistance for planting material, area expansion and protected cultivation"",""Post-harvest management and cold chain support"",""Market infrastructure and brand promotion"",""Capacity building and technology dissemination"",""Support for organic and precision horticulture in components""]","[""Farmers, FPOs, cooperatives, self-help groups and private entrepreneurs as per component"",""State Horticulture Missions implement the scheme"",""Who is NOT eligible: Activities outside the approved MIDH components""]","[""Aadhaar Card"",""Land records"",""Bank Account details"",""Project / quotation documents""]",500000,Holistic Support for Horticulture Production & Post-Harvest,,,,,,,50.0,500000,true,true,All,18,,,"[""General"",""OBC"",""SC"",""ST""]",Rural,Ongoing,Active,https://midh.gov.in/,"[""midh"",""horticulture"",""fruits vegetables"",""protected cultivation"",""cold chain""]",0,,2026-08-16T18:00:43.363505,2026-08-16T18:00:43.363506
535796ee-4aec-4eae-bf68-0107ef4761fd,Sub-Mission on Agricultural Mechanization (SMAM) - Full Details,Ministry of Agriculture and Farmers Welfare,"SMAM promotes agricultural mechanisation among small and marginal farmers through financial assistance for purchase of machinery, establishment of Custom Hiring Centres and Farm Machinery Banks, and training.",Agriculture,Subsidy,Central,"[""Subsidy on purchase of tractors, power tillers and other farm equipment"",""Higher subsidy rates for SC/ST, small & marginal farmers and women"",""Support for Custom Hiring Centres"",""Training and demonstration of equipment""]","[""Farmers, especially small and marginal, SC/ST and women farmers"",""Purchase from approved sources as per state guidelines"",""Who is NOT eligible: Non-farmers and those already availing similar subsidy for the same machine recently""]","[""Aadhaar Card"",""Land records"",""Bank Account details"",""Quotation from supplier"",""Caste certificate if claiming higher rate""]",150000,Subsidy on Farm Machinery & Custom Hiring Centres,,,,,,,50.0,150000,true,true,All,18,,,"[""General"",""OBC"",""SC"",""ST""]",Rural,Ongoing,Active,https://agrimachinery.nic.in/,"[""smam"",""farm machinery"",""tractor subsidy"",""mechanization"",""custom hiring""]",0,,2026-08-16T18:00:43.363519,2026-08-16T18:00:43.363520
d0d0a43a-9787-415b-845f-e2475a18f44f,Pradhan Mantri Krishi Sinchayee Yojana (PMKSY) - Detailed,Ministry of Agriculture and Farmers Welfare / Ministry of Jal Shakti,"PMKSY aims to enhance physical access of water on farm, expand cultivable area under assured irrigation, improve on-farm water use efficiency and introduce sustainable water conservation practices through components like Accelerated Irrigation Benefits, Har Khet Ko Pani and Per Drop More Crop.",Agriculture,Subsidy,Central,"[""Subsidy and support for micro-irrigation (drip and sprinkler)"",""Accelerated completion of irrigation projects"",""Watershed development and water harvesting"",""Improved water use efficiency at farm level""]","[""Farmers, water user associations, state agencies as per component"",""Priority to water-stressed areas and small/marginal farmers in many components"",""Who is NOT eligible: Activities not covered under approved PMKSY components""]","[""Aadhaar Card"",""Land records"",""Bank Account details"",""Project / quotation documents for micro-irrigation""]",500000,Micro-Irrigation Subsidy + Irrigation Infrastructure Support,,,,,,,55.0,500000,true,true,All,18,,,"[""General"",""OBC"",""SC"",""ST""]",Rural,Ongoing,Active,https://pmksy.gov.in/,"[""pmksy"",""micro irrigation"",""per drop more crop"",""irrigation"",""watershed""]",0,,2026-08-16T18:00:43.363536,2026-08-16T18:00:43.363537
f4909d39-9d67-490b-be46-3ff2e98012c1,Soil Health Card Scheme - Current Implementation,Ministry of Agriculture and Farmers Welfare,Soil Health Card Scheme provides farmers with information on the nutrient status of their soil along with recommendations on the appropriate dosage of nutrients for improving soil health and fertility. It promotes balanced use of fertilisers.,Agriculture,Scheme,Central,"[""Soil Health Card with nutrient status and crop-wise recommendations"",""Promotes balanced fertiliser use and reduced cost of cultivation"",""Periodic soil testing cycle"",""Improved soil fertility and productivity""]","[""All farmers with agricultural land"",""Cards issued based on grid-based soil sampling"",""Who is NOT eligible: Non-farmers""]","[""Aadhaar Card"",""Land details / khasra"",""Contact details for card delivery""]",,Free Soil Health Card with Nutrient Recommendations,,,,,,,,,,,All,18,,,"[""General"",""OBC"",""SC"",""ST""]",Rural,Ongoing,Active,https://soilhealth.dac.gov.in/,"[""soil health card"",""soil testing"",""fertiliser recommendation"",""agriculture""]",0,,2026-08-16T18:00:43.363549,2026-08-16T18:00:43.363550
86731f73-108c-4489-bf0e-79be3e0e51b3,National Food Security Mission (NFSM) - Current,Ministry of Agriculture and Farmers Welfare,"NFSM aims to increase production of rice, wheat, pulses, coarse cereals and nutri-cereals through area expansion and productivity enhancement in a sustainable manner, restoring soil fertility and creating employment opportunities.",Agriculture,Subsidy,Central,"[""Subsidy on seeds, farm machinery and other inputs for target crops"",""Support for demonstrations and cropping system based approaches"",""Focus on pulses and nutri-cereals for nutritional security"",""Capacity building of farmers""]","[""Farmers in identified districts for specific crops under NFSM"",""As per state implementation plans"",""Who is NOT eligible: Farmers outside the notified districts/crops for specific interventions""]","[""Aadhaar Card"",""Land records"",""Bank Account details"",""Crop details""]",100000,"Input Subsidy & Support for Rice, Wheat, Pulses & Nutri-Cereals",,,,,,,50.0,100000,true,false,All,18,,,"[""General"",""OBC"",""SC"",""ST""]",Rural,Ongoing,Active,https://www.nfsm.gov.in/,"[""nfsm"",""food security"",""pulses"",""nutri cereals"",""seed subsidy""]",0,,2026-08-16T18:00:43.363563,2026-08-16T18:00:43.363564
92a54358-508c-4844-8a16-66cdbff3238f,Pradhan Mantri Matsya Sampada Yojana (PMMSY) - Comprehensive,"Ministry of Fisheries, Animal Husbandry and Dairying","PMMSY is a flagship scheme for sustainable and responsible development of the fisheries sector covering marine and inland fisheries, aquaculture, infrastructure, post-harvest management, traceability and welfare of fishers with both central and state shares.",Agriculture,Subsidy,Central,"[""Capital and input subsidies for aquaculture, fishing vessels, hatcheries and cold chain"",""Support for infrastructure and post-harvest facilities"",""Livelihood and welfare components for fishers"",""Traceability and quality assurance support"",""Enhanced production and income opportunities""]","[""Fishers, fish farmers, SHGs, FPOs, cooperatives, private entrepreneurs and state agencies"",""As per specific activity guidelines under PMMSY"",""Who is NOT eligible: Activities outside the approved components""]","[""Aadhaar Card"",""Fisher identity / registration if applicable"",""Project proposal"",""Bank Account details"",""Land or water body documents""]",5000000,Comprehensive Subsidy & Support for Fisheries and Aquaculture,,,,,,,40.0,5000000,true,false,All,18,,,"[""General"",""OBC"",""SC"",""ST""]",Both,Ongoing,Active,https://pmmsy.dof.gov.in/,"[""pmmsy"",""fisheries"",""aquaculture"",""matsya sampada"",""subsidy""]",0,,2026-08-16T18:01:54.882419,2026-08-16T18:01:54.882485
4ce8c9b5-ec0e-4b39-a000-ba5e7fcbc80c,Fisheries and Aquaculture Infrastructure Development Fund (FIDF) - Current,"Ministry of Fisheries, Animal Husbandry and Dairying / NABARD","FIDF provides concessional finance for development of fisheries infrastructure including fishing harbours, fish landing centres, cold chain, ice plants, hatcheries and aquaculture infrastructure.",Agriculture,Loan,Central,"[""Concessional financing / interest subvention for fisheries infrastructure"",""Support for harbours, cold chain, processing and aquaculture facilities"",""Longer repayment periods"",""Encourages private and cooperative investment in fisheries value chain""]","[""State governments, cooperatives, private entrepreneurs, FPOs and other eligible entities"",""Projects meeting FIDF guidelines for infrastructure creation"",""Who is NOT eligible: Pure working capital without infrastructure component""]","[""Detailed Project Report"",""Entity registration documents"",""Land and technical clearances"",""Bank / NABARD related documentation""]",100000000,Concessional Finance for Fisheries Infrastructure,8.0,120,true,24,3.0,"[""NABARD"",""Scheduled Banks"",""NCDC""]",,,,,All,,,,"[""General"",""OBC"",""SC"",""ST""]",Both,Ongoing,Active,https://dof.gov.in/ or NABARD portals,"[""fidf"",""fisheries infrastructure"",""harbour"",""cold chain"",""nabard""]",0,,2026-08-16T18:01:54.882521,2026-08-16T18:01:54.882523
6373a983-2f46-4c0b-93f3-de5bdba83403,National Livestock Mission (NLM) - Comprehensive,"Ministry of Fisheries, Animal Husbandry and Dairying","National Livestock Mission supports entrepreneurship development, breed improvement, feed and fodder development and risk management in the livestock sector. Capital subsidy is provided for various livestock-related entrepreneurial activities.",Agriculture,Subsidy,Central,"[""Capital subsidy for livestock entrepreneurship projects"",""Breed improvement and genetic upgradation support"",""Feed and fodder development assistance"",""Risk management and insurance related components"",""Rural entrepreneurship promotion""]","[""Individual entrepreneurs, SHGs, FPOs, Section 8 companies and other eligible entities"",""Projects in notified livestock activities"",""Who is NOT eligible: Activities outside the approved NLM components""]","[""Aadhaar / entity documents"",""Project report"",""Bank Account details"",""Land or unit proof""]",5000000,Capital Subsidy for Livestock Entrepreneurship & Breed Improvement,,,,,,,50.0,5000000,true,false,All,18,,,"[""General"",""OBC"",""SC"",""ST""]",Rural,Ongoing,Active,https://nlm.udyamimitra.in/,"[""nlm"",""livestock"",""entrepreneurship"",""breed improvement"",""fodder""]",0,,2026-08-16T18:01:54.882566,2026-08-16T18:01:54.882568
753caa0e-6eff-4ccf-b35f-98e1b25e2a92,Animal Husbandry Infrastructure Development Fund (AHIDF) - Comprehensive,"Ministry of Fisheries, Animal Husbandry and Dairying","AHIDF incentivises investment in dairy processing, meat processing, animal feed plants and breed improvement infrastructure by providing interest subvention on bank loans.",Agriculture,Loan,Central,"[""Interest subvention on eligible bank loans"",""Support for dairy and meat processing infrastructure"",""Animal feed plant and breed improvement facilities"",""Longer repayment periods with moratorium"",""Encourages private sector investment""]","[""Individual entrepreneurs, FPOs, private companies, Section 8 companies and MLCs"",""Viable projects in dairy, meat, feed or breed improvement"",""Who is NOT eligible: Pure trading without infrastructure creation""]","[""Project report"",""Entity registration"",""Land and technical documents"",""Bank KYC""]",50000000,"Interest Subvention for Dairy, Meat & Feed Infrastructure",9.0,120,true,24,3.0,"[""Scheduled Banks"",""NABARD refinanced institutions""]",,,,,All,18,,,"[""General"",""OBC"",""SC"",""ST""]",Both,Ongoing,Active,https://ahidf.udyamimitra.in/,"[""ahidf"",""dairy processing"",""meat processing"",""animal feed"",""interest subvention""]",0,,2026-08-16T18:01:54.882788,2026-08-16T18:01:54.882790
ed5c0156-b447-4300-becc-66df3cae278b,Dairy Infrastructure Development Fund (DIDF) - Current,"Ministry of Fisheries, Animal Husbandry and Dairying / NABARD","DIDF and related dairy credit schemes provide interest subvention and financing support for setting up and modernising milk processing plants, chilling infrastructure and value-added dairy product facilities.",Agriculture,Loan,Central,"[""Interest subvention on loans for dairy processing and chilling infrastructure"",""Support for value-added dairy product facilities"",""Longer repayment periods"",""Strengthens organised dairy sector and farmer incomes""]","[""Dairy cooperatives, producer companies, FPOs and private dairy entrepreneurs"",""Projects for processing, chilling or value addition"",""Who is NOT eligible: Pure trading without processing infrastructure""]","[""Project report"",""Entity registration documents"",""Land and technical clearances"",""Bank documents""]",50000000,Interest Subvention for Dairy Processing & Chilling Infrastructure,9.0,120,true,24,2.5,"[""NABARD"",""Commercial Banks"",""Cooperative Banks""]",,,,,All,18,,,"[""General"",""OBC"",""SC"",""ST""]",Both,Ongoing,Active,https://www.nabard.org/,"[""didf"",""dairy processing"",""chilling"",""milk"",""interest subvention""]",0,,2026-08-16T18:01:54.883043,2026-08-16T18:01:54.883045
390119b7-b128-43d3-8a9d-1a1749a974a0,National Programme for Dairy Development (NPDD) - Current,"Ministry of Fisheries, Animal Husbandry and Dairying","NPDD aims to enhance quality of milk and milk products and increase share of organised milk procurement through strengthening of dairy cooperatives and producer institutions, quality testing and cold chain infrastructure.",Agriculture,Subsidy,Central,"[""Support for strengthening dairy cooperatives and producer companies"",""Quality testing infrastructure and training"",""Cold chain and milk chilling support"",""Increased organised milk procurement and better farmer prices""]","[""Dairy cooperatives, producer companies, state federations and implementing agencies"",""Projects approved under NPDD guidelines"",""Who is NOT eligible: Activities outside the quality and cooperative strengthening mandate""]","[""Project proposal"",""Institutional documents"",""Technical details""]",,"Support for Dairy Cooperatives, Quality Testing & Cold Chain",,,,,,,50.0,,false,false,All,,,,"[""General"",""OBC"",""SC"",""ST""]",Both,Ongoing,Active,https://dahd.nic.in/,"[""npdd"",""dairy development"",""cooperatives"",""quality testing"",""cold chain""]",0,,2026-08-16T18:01:54.883069,2026-08-16T18:01:54.883070
897c8ff2-8996-489d-ac03-37fce1225701,Pradhan Mantri Kisan Maan Dhan Yojana (PM-KMY) - Detailed,Ministry of Agriculture and Farmers Welfare,"PM-KMY is a voluntary pension scheme for small and marginal farmers. Farmers contribute a small monthly amount and receive a minimum pension of Rs 3,000 per month after the age of 60, with matching contribution from the government.",Agriculture,Scheme,Central,"[""Minimum assured pension of Rs 3,000 per month after 60 years"",""Matching contribution by the Central Government"",""Family pension to spouse on death of the subscriber"",""Low and age-based contribution structure"",""Simple enrolment through CSCs""]","[""Small and marginal farmers aged 18 to 40 years"",""Cultivable land up to 2 hectares"",""Not covered under other statutory pension schemes in many cases"",""Who is NOT eligible: Large farmers and those already in organised sector pension schemes""]","[""Aadhaar Card"",""Land records proving small/marginal status"",""Savings bank account"",""Mobile number""]",3000,"Assured Pension Rs 3,000/month for Small & Marginal Farmers",,,,,,,,,,,All,18,40,,"[""General"",""OBC"",""SC"",""ST""]",Rural,Ongoing,Active,https://maandhan.in/ or https://pmkmy.gov.in/,"[""pm-kmy"",""kisan maan dhan"",""farmer pension"",""small marginal farmer""]",0,,2026-08-16T18:01:54.883120,2026-08-16T18:01:54.883122
dafab915-9f3f-405f-9b7c-fa2e7321ba8f,Agriculture Infrastructure Fund (AIF) - Comprehensive,Ministry of Agriculture and Farmers Welfare,Agriculture Infrastructure Fund provides medium to long-term financing facility for investment in viable projects of post-harvest management infrastructure and community farming assets with 3% interest subvention and credit guarantee support.,Agriculture,Loan,Central,"[""3% interest subvention on loans up to Rs 2 crore for up to 7 years"",""Credit guarantee through CGTMSE for eligible borrowers"",""Supports warehouses, cold stores, sorting-grading units, ripeness chambers, etc."",""10% promoter contribution"",""Long tenure with moratorium""]","[""Farmers, FPOs, PACS, cooperatives, SHGs, startups, state agencies and agri-entrepreneurs"",""Project must create post-harvest or community farming infrastructure"",""Who is NOT eligible: Pure working capital loans without infrastructure creation""]","[""Project report"",""Entity / farmer documents"",""Land documents"",""Bank Account and KYC""]",20000000,3% Interest Subvention + Credit Guarantee for Agri Infrastructure,9.0,84,false,12,3.0,"[""Scheduled Banks"",""NBFCs"",""Cooperatives"",""RRBs""]",,,,,All,18,,,"[""General"",""OBC"",""SC"",""ST""]",Rural,Ongoing,Active,https://agriinfra.dac.gov.in/,"[""aif"",""agriculture infrastructure fund"",""cold chain"",""warehouse"",""interest subvention""]",0,,2026-08-16T18:01:54.883141,2026-08-16T18:01:54.883142
10294c11-5211-474d-a23f-d3ec0cc0d234,Pradhan Mantri Formalisation of Micro Food Processing Enterprises (PMFME) - Comprehensive,Ministry of Food Processing Industries,"PMFME provides financial, technical and business support for upgradation of existing micro food processing enterprises. Credit-linked subsidy of 35% (max Rs 10 lakh) is a major component along with branding, marketing and capacity building under ODOP approach.",Business,Subsidy,Central,"[""35% credit-linked capital subsidy up to Rs 10 lakh"",""Support for FPOs, SHGs and cooperatives"",""Branding and marketing assistance"",""Capacity building and common infrastructure""]","[""Existing micro food processing units or new units under ODOP"",""Individuals, FPOs, SHGs, cooperatives"",""Age 18+ and minimum educational criteria in some cases"",""Who is NOT eligible: Units not in food processing or already fully assisted""]","[""Aadhaar Card"",""Udyam / business proof"",""Project report"",""Bank Account details"",""Land / premises documents""]",1000000,35% Subsidy up to Rs 10 Lakh for Micro Food Processing,,,,,,,35.0,1000000,true,false,All,18,,,"[""General"",""OBC"",""SC"",""ST""]",Both,Ongoing,Active,https://pmfme.mofpi.gov.in/,"[""pmfme"",""food processing"",""odop"",""micro enterprise"",""subsidy""]",0,,2026-08-16T18:01:54.883182,2026-08-16T18:01:54.883184
cceb3135-bde6-48de-a2e0-068650c6f7f3,One District One Product (ODOP) Support under PMFME,Ministry of Food Processing Industries / State Governments,"ODOP approach under PMFME and state initiatives identifies one product per district for focused development of processing, branding and marketing. Financial and technical support is provided to micro enterprises in the ODOP product value chain.",Business,Subsidy,Central,"[""Priority under PMFME subsidy for ODOP products"",""Branding, marketing and common infrastructure support"",""Capacity building for local products"",""Value chain development at district level""]","[""Micro food processing units dealing with ODOP products of the district"",""FPOs, SHGs and individual entrepreneurs in the value chain"",""Who is NOT eligible: Units not linked to the notified ODOP product of the district""]","[""Aadhaar / entity documents"",""Project report linked to ODOP"",""Bank Account details"",""Proof of activity""]",1000000,Focused Subsidy & Support for District ODOP Products,,,,,,,35.0,1000000,true,false,All,18,,,"[""General"",""OBC"",""SC"",""ST""]",Both,Ongoing,Active,https://pmfme.mofpi.gov.in/,"[""odop"",""one district one product"",""pmfme"",""food processing"",""district""]",0,,2026-08-16T18:01:54.883203,2026-08-16T18:01:54.883204
189afed9-a6dd-4480-ae29-6229a35201f6,National Scholarship Portal (NSP) - Central Sector Schemes Hub,Ministry of Education / Ministry of Social Justice and Empowerment,"The National Scholarship Portal is a one-stop platform for various Central and State scholarship schemes. It enables students to apply online for multiple scholarships including pre-matric, post-matric, merit-cum-means and top-class education schemes for different categories.",Education,Scheme,Central,"[""Single window for multiple scholarship applications"",""Direct Benefit Transfer to student bank accounts"",""Covers school to higher education levels"",""Supports SC, ST, OBC, minority, disability and merit-based scholarships"",""Transparent tracking of application status""]","[""As per individual scholarship scheme criteria (category, income, marks, course)"",""Students studying in recognised institutions"",""Who is NOT eligible: Those not meeting the specific scheme conditions""]","[""Aadhaar Card"",""Caste / income certificates as required"",""Mark sheets"",""Admission proof"",""Bank Account details""]",50000,One-Stop Portal for Multiple Central & State Scholarships,,,,,,,,,,,All,6,35,800000,"[""General"",""OBC"",""SC"",""ST""]",Both,As per individual scheme schedule on NSP,Active,https://scholarships.gov.in/,"[""nsp"",""national scholarship portal"",""scholarship"",""dbt"",""education""]",0,,2026-08-16T18:03:30.120788,2026-08-16T18:03:30.120848
4fafff55-4d21-466b-b1d8-3c01c787963d,Pre-Matric Scholarship for SC Students,Ministry of Social Justice and Empowerment,Pre-Matric Scholarship for Scheduled Caste students provides financial assistance to SC students studying in Classes IX and X to reduce dropout rates and encourage continuation of education at the secondary level.,Education,Scheme,Central,"[""Scholarship amount for day scholars and hostellers"",""Additional allowances in some cases"",""Support for books and other educational expenses"",""Helps reduce dropout at secondary stage""]","[""SC students studying in Class IX or X"",""Family income within the prescribed limit"",""Studying in recognised schools"",""Who is NOT eligible: Students above income limit or not belonging to SC category""]","[""Aadhaar Card"",""SC Caste Certificate"",""Income Certificate"",""School enrolment / bonafide certificate"",""Bank Account details""]",5000,Pre-Matric Scholarship for SC Students (Class IX-X),,,,,,,,,,,All,13,18,250000,"[""SC""]",Both,As per NSP / state schedule,Active,https://scholarships.gov.in/,"[""pre matric"",""sc scholarship"",""class 9 10"",""nsp""]",0,,2026-08-16T18:03:30.120880,2026-08-16T18:03:30.120881
4d2cec81-5203-4f9f-adf6-d14209579876,Pre-Matric Scholarship for ST Students,Ministry of Tribal Affairs,Pre-Matric Scholarship for Scheduled Tribe students provides financial support to ST students in Classes IX and X to promote education and reduce dropout rates among tribal communities.,Education,Scheme,Central,"[""Scholarship for day scholars and hostellers"",""Support for educational expenses"",""Encourages retention of ST students in secondary education""]","[""ST students studying in Class IX or X"",""Family income within prescribed limit"",""Recognised school enrolment"",""Who is NOT eligible: Non-ST students and those above income ceiling""]","[""Aadhaar Card"",""ST Caste Certificate"",""Income Certificate"",""School bonafide"",""Bank Account details""]",5000,Pre-Matric Scholarship for ST Students (Class IX-X),,,,,,,,,,,All,13,18,250000,"[""ST""]",Both,As per NSP / state schedule,Active,https://scholarships.gov.in/,"[""pre matric"",""st scholarship"",""tribal"",""class 9 10""]",0,,2026-08-16T18:03:30.120926,2026-08-16T18:03:30.120928
5f246758-be0b-4643-b7ee-0e0d5bed0f7a,Merit-cum-Means Scholarship for Professional and Technical Courses (Minorities),Ministry of Minority Affairs,Merit-cum-Means Scholarship provides financial assistance to meritorious students belonging to minority communities for pursuing professional and technical courses at undergraduate and postgraduate levels.,Education,Scheme,Central,"[""Course fee reimbursement up to prescribed limit"",""Maintenance allowance for hostellers and day scholars"",""Supports professional and technical education"",""Direct Benefit Transfer""]","[""Students from notified minority communities (Muslim, Christian, Sikh, Buddhist, Jain, Parsi)"",""Family income up to Rs 2.5 lakh per annum"",""At least 50% marks in previous examination"",""Who is NOT eligible: Students above income limit or not from minority communities""]","[""Aadhaar Card"",""Minority community certificate / declaration"",""Income Certificate"",""Mark sheets"",""Admission proof"",""Bank Account details""]",30000,Scholarship for Minority Students in Professional & Technical Courses,,,,,,,,,,,All,17,30,250000,"[""General""]",Both,As per NSP schedule,Active,https://scholarships.gov.in/,"[""merit cum means"",""minority scholarship"",""professional courses"",""nsp""]",0,,2026-08-16T18:03:30.120947,2026-08-16T18:03:30.120949
78494994-0fb8-49f4-9d7f-f58d9b03dd81,Post Matric Scholarship for Students with Disabilities,Ministry of Social Justice and Empowerment,Post Matric Scholarship for Students with Disabilities provides financial assistance to students with benchmark disabilities studying at post-matriculation or post-secondary stage to enable them to complete their education.,Education,Scheme,Central,"[""Maintenance allowance and disability allowance"",""Reimbursement of non-refundable fees"",""Book allowance and other components"",""Support from Class XI to postgraduate and professional courses""]","[""Students with benchmark disabilities (40% or more)"",""Family income within prescribed limit"",""Studying in recognised institutions after Class X"",""Who is NOT eligible: Students without valid disability certificate or above income limit""]","[""Aadhaar Card"",""Disability Certificate / UDID"",""Income Certificate"",""Mark sheets"",""Admission proof"",""Bank Account details""]",25000,Post Matric Scholarship for Students with Disabilities,,,,,,,,,,,All,16,35,250000,"[""General"",""OBC"",""SC"",""ST""]",Both,As per NSP schedule,Active,https://scholarships.gov.in/,"[""disability scholarship"",""post matric"",""pwd"",""nsp""]",0,,2026-08-16T18:03:30.120965,2026-08-16T18:03:30.120966
079e2384-bdfa-46de-99c3-520e49077da4,AICTE Saksham Scholarship for Differently Abled Students,Ministry of Education / AICTE,Saksham Scholarship Scheme by AICTE provides financial assistance to specially-abled students admitted to AICTE-approved technical degree or diploma courses to support their technical education.,Education,Scheme,Central,"[""Tuition fee and contingency grant support"",""Encourages technical education among differently-abled students"",""Direct Benefit Transfer""]","[""Differently-abled students (disability 40% or more) admitted to AICTE-approved technical courses"",""Family income up to Rs 8 lakh per annum"",""Who is NOT eligible: Students without valid disability certificate or above income limit""]","[""Aadhaar Card"",""Disability Certificate / UDID"",""Income Certificate"",""Admission proof"",""Bank Account details""]",50000,Scholarship for Differently-Abled Students in AICTE Courses,,,,,,,,,,,All,17,30,800000,"[""General"",""OBC"",""SC"",""ST""]",Both,As per AICTE / NSP notification,Active,https://www.aicte-india.org/ or https://scholarships.gov.in/,"[""saksham"",""aicte"",""disability scholarship"",""technical education""]",0,,2026-08-16T18:03:30.120981,2026-08-16T18:03:30.120982
c6a75218-b0f4-4c31-8539-3ba32ef8de5a,Ishan Uday Special Scholarship for North Eastern Region,Ministry of Education / UGC,"Ishan Uday is a special scholarship scheme for students from the North Eastern Region to promote higher education by providing financial assistance for general degree courses, technical and professional courses.",Education,Scheme,Central,"[""Scholarship amount for general, technical and professional courses"",""Supports students from North Eastern states"",""Helps reduce financial barriers to higher education"",""Direct Benefit Transfer""]","[""Students with domicile of North Eastern Region (Arunachal Pradesh, Assam, Manipur, Meghalaya, Mizoram, Nagaland, Sikkim, Tripura)"",""Passed Class XII or equivalent"",""Family income up to Rs 4.5 lakh per annum"",""Who is NOT eligible: Students from outside NER or above income limit""]","[""Aadhaar Card"",""Domicile certificate of NER state"",""Income Certificate"",""Mark sheets"",""Admission proof"",""Bank Account details""]",7800,Special Scholarship for Students from North Eastern Region,,,,,,,,,,,All,17,25,450000,"[""General"",""OBC"",""SC"",""ST""]",Both,As per UGC / NSP notification,Active,https://scholarships.gov.in/ or UGC portal,"[""ishan uday"",""north east"",""ner scholarship"",""ugc""]",0,,2026-08-16T18:03:30.120996,2026-08-16T18:03:30.120997
40eebe77-625c-45de-87fd-793596f549cb,Central Sector Interest Subsidy Scheme (CSIS) for Education Loans,Ministry of Education,CSIS provides full interest subsidy on education loans taken by students from economically weaker sections for professional and technical courses during the moratorium period (course period + 1 year).,Education,Subsidy,Central,"[""Full interest subsidy during moratorium period on education loans"",""Reduces burden of interest for EWS students"",""Applicable for professional and technical courses in India"",""Loan from scheduled banks under IBA model education loan scheme""]","[""Students from economically weaker sections with parental income up to Rs 4.5 lakh per annum"",""Admitted to professional / technical courses in recognised institutions"",""Loan availed from scheduled bank under IBA scheme"",""Who is NOT eligible: Students above income limit or pursuing courses outside the scheme scope""]","[""Aadhaar Card"",""Income Certificate"",""Admission proof"",""Loan documents from bank"",""Mark sheets""]",,Full Interest Subsidy on Education Loans for EWS Students (Moratorium Period),,,,,,,100.0,,true,false,All,17,30,450000,"[""General"",""OBC"",""SC"",""ST""]",Both,Ongoing,Active,Through banks / https://www.education.gov.in/,"[""csis"",""interest subsidy"",""education loan"",""ews"",""moratorium""]",0,,2026-08-16T18:03:30.121014,2026-08-16T18:03:30.121015
7614c0e3-4cca-4a54-857c-4e369c9078f8,National Means-cum-Merit Scholarship Scheme (NMMSS) - Detailed,Ministry of Education,"NMMSS provides scholarships to meritorious students of economically weaker sections to prevent drop-outs at class VIII and encourage them to continue studies at secondary stage. Selected students receive Rs 12,000 per annum from Class IX to XII.",Education,Scheme,Central,"[""Scholarship of Rs 12,000 per year (Rs 1,000 per month)"",""Awarded from Class IX to XII"",""Helps meritorious poor students continue secondary education"",""Direct Benefit Transfer to student bank account""]","[""Students studying in Class VIII in government or government-aided schools"",""Must secure at least 55% marks (relaxable for reserved categories)"",""Parental income not exceeding Rs 3.5 lakh per annum"",""Must pass the state-level selection test"",""Who is NOT eligible: Students of private unaided schools and those already receiving other scholarships of similar nature""]","[""Aadhaar Card"",""Income Certificate"",""Mark sheet of Class VIII"",""Bank Account details"",""Caste certificate if applicable""]",12000,"Rs 12,000 per year Scholarship (Class IX-XII) for Meritorious Poor Students",,,,,,,,,,,All,13,18,350000,"[""General"",""OBC"",""SC"",""ST""]",Both,As per state notification,Active,https://scholarships.gov.in/,"[""nmmss"",""means cum merit"",""scholarship"",""secondary education""]",0,,2026-08-16T18:03:52.335318,2026-08-16T18:03:52.335333
0c16bbc5-c9fc-4d57-b024-a96398710dcd,Central Sector Scheme of Scholarship for College and University Students - Detailed,Ministry of Education,This scheme provides financial assistance to meritorious students from low-income families to meet a part of their day-to-day expenses while pursuing higher studies. Scholarship is awarded on the basis of Class XII results through the National Scholarship Portal.,Education,Scheme,Central,"[""Scholarship amount for undergraduate and postgraduate studies"",""Helps cover day-to-day expenses of meritorious students"",""Direct Benefit Transfer"",""Renewable based on academic performance""]","[""Students who are above 80th percentile of successful candidates in Class XII from a particular board"",""Family income up to the prescribed limit (typically Rs 4.5–8 lakh depending on year)"",""Pursuing regular degree courses"",""Who is NOT eligible: Students in distance education or already receiving other major scholarships in some cases""]","[""Aadhaar Card"",""Class XII mark sheet"",""Income Certificate"",""Admission proof"",""Bank Account details""]",20000,Merit-cum-Means Scholarship for College & University Students,,,,,,,,,,,All,17,25,800000,"[""General"",""OBC"",""SC"",""ST""]",Both,As per NSP schedule,Active,https://scholarships.gov.in/,"[""central sector scholarship"",""nsp"",""college scholarship"",""merit cum means""]",0,,2026-08-16T18:03:52.335360,2026-08-16T18:03:52.335362
7ed1f89d-643a-440a-b475-476dce00f02c,Ayushman Bharat - Pradhan Mantri Jan Arogya Yojana (PM-JAY) - Detailed,Ministry of Health and Family Welfare,Ayushman Bharat PM-JAY is the world's largest health assurance scheme providing health cover of Rs 5 lakh per family per year for secondary and tertiary care hospitalisation to over 12 crore poor and vulnerable families. It offers cashless and paperless access at empaneled hospitals.,Healthcare,Scheme,Central,"[""Health cover of Rs 5 lakh per family per year"",""Cashless treatment at empaneled public and private hospitals"",""Covers pre and post hospitalisation expenses"",""No restriction on family size, age or gender"",""Over 1900 procedures covered""]","[""Families identified as per SECC 2011 and state-specific criteria"",""Automatically included vulnerable categories"",""Who is NOT eligible: Families not meeting SECC/state inclusion criteria in most cases""]","[""Aadhaar Card"",""Ration Card / SECC verification"",""PM-JAY e-Card if issued""]",500000,Rs 5 Lakh Health Cover per Family per Year,,,,,,,,,,,All,,,,"[""General"",""OBC"",""SC"",""ST""]",Both,Ongoing,Active,https://pmjay.gov.in/,"[""pmjay"",""ayushman bharat"",""health cover"",""5 lakh"",""hospitalisation""]",0,,2026-08-16T18:05:08.950407,2026-08-16T18:05:08.950457
5f7ee1ca-bf3a-4eee-aba1-108bc8f002df,Ayushman Bharat Health and Wellness Centres (AB-HWC) - Detailed,Ministry of Health and Family Welfare,"Ayushman Bharat Health and Wellness Centres provide comprehensive primary health care closer to the community, including maternal and child health, non-communicable diseases, free essential drugs and diagnostic services, and wellness activities.",Healthcare,Scheme,Central,"[""Comprehensive primary healthcare near the community"",""Free essential medicines and diagnostics"",""Screening for NCDs and communicable diseases"",""Maternal, child and wellness services"",""Reduced out-of-pocket expenditure""]","[""All individuals in the catchment area of the Health and Wellness Centre"",""No income restriction for primary care services"",""Who is NOT eligible: None for basic primary care access""]","[""Aadhaar Card preferred"",""Any identity proof""]",,Free Primary Healthcare at Health & Wellness Centres,,,,,,,,,,,All,,,,"[""General"",""OBC"",""SC"",""ST""]",Both,Ongoing,Active,https://ab-hwc.nhp.gov.in/,"[""ayushman bharat"",""health wellness centre"",""primary care"",""ab-hwc""]",0,,2026-08-16T18:05:08.950490,2026-08-16T18:05:08.950491
4b884457-e6c2-4812-9ed7-ecad0ab5bcfd,National Health Mission (NHM) - Comprehensive,Ministry of Health and Family Welfare,"National Health Mission strengthens health systems in rural and urban areas and delivers a range of free or highly subsidised services including maternal and child health, immunisation, communicable and non-communicable disease control, and health infrastructure support.",Healthcare,Scheme,Central,"[""Free or subsidised maternal and child health services"",""Immunisation under Mission Indradhanush / UIP"",""Support for health facilities and ASHA workers"",""Disease control programmes and essential medicines in many cases""]","[""All citizens accessing public health facilities, with focus on vulnerable groups"",""Specific programme-based eligibility for certain interventions"",""Who is NOT eligible: No universal exclusion; services are largely public""]","[""Aadhaar Card preferred"",""Ration card or identity proof"",""Health records as required for specific services""]",,Free / Subsidised Public Health Services Nationwide,,,,,,,,,,,All,,,,"[""General"",""OBC"",""SC"",""ST""]",Both,Ongoing,Active,https://nhm.gov.in/,"[""nhm"",""national health mission"",""public health"",""immunisation"",""maternal health""]",0,,2026-08-16T18:05:08.950535,2026-08-16T18:05:08.950537
f339b138-da94-4e66-a843-e694e055a867,Mission Indradhanush / Intensified Mission Indradhanush,Ministry of Health and Family Welfare,Mission Indradhanush aims to achieve full immunisation coverage for all children and pregnant women by focusing on areas with low immunisation coverage through special drives and intensification of routine immunisation.,Healthcare,Scheme,Central,"[""Free vaccines under Universal Immunisation Programme"",""Special immunisation drives in low-coverage areas"",""Protection against vaccine-preventable diseases"",""Focus on children under 2 years and pregnant women""]","[""Children under 2 years and pregnant women, especially in low-coverage areas"",""Open to all eligible beneficiaries"",""Who is NOT eligible: None for age-appropriate immunisation""]","[""Aadhaar preferred"",""MCP Card / immunisation card"",""Birth related documents for children""]",,Free Immunisation for Children & Pregnant Women,,,,,,,,,,,All,0,2,,"[""General"",""OBC"",""SC"",""ST""]",Both,Ongoing,Active,https://nhm.gov.in/ or nearest health facility,"[""mission indradhanush"",""immunisation"",""vaccination"",""children"",""pregnant women""]",0,,2026-08-16T18:05:08.950557,2026-08-16T18:05:08.950558
f8d0e0a9-f8ef-4594-b3a8-68f771a951d7,Janani Suraksha Yojana (JSY),Ministry of Health and Family Welfare,Janani Suraksha Yojana is a safe motherhood intervention under NHM that promotes institutional delivery among poor pregnant women by providing cash assistance and linking them to health facilities.,Healthcare,Scheme,Central,"[""Cash assistance for institutional delivery"",""Higher assistance in low-performing states"",""Encourages antenatal care and institutional births"",""Reduces maternal and neonatal mortality""]","[""Pregnant women belonging to BPL families or as per state criteria"",""Especially in low-performing states"",""Who is NOT eligible: Women not meeting state-specific eligibility for cash assistance""]","[""Aadhaar Card"",""BPL / ration card or equivalent"",""MCP Card / pregnancy records"",""Bank Account details""]",1400,Cash Assistance for Institutional Delivery (Safe Motherhood),,,,,,,,,,,Female,18,,,"[""General"",""OBC"",""SC"",""ST""]",Both,Ongoing,Active,https://nhm.gov.in/ or nearest health facility / ASHA,"[""jsy"",""janani suraksha"",""institutional delivery"",""maternal health"",""cash assistance""]",0,,2026-08-16T18:05:08.950575,2026-08-16T18:05:08.950576
9979a621-6915-4420-a740-e3d4e5061a84,Poshan Abhiyaan / Saksham Anganwadi and Poshan 2.0 - Detailed,Ministry of Women and Child Development,"Poshan Abhiyaan and the strengthened Saksham Anganwadi & Poshan 2.0 aim to improve nutritional outcomes for children, adolescent girls, pregnant women and lactating mothers through Anganwadi services, growth monitoring, supplementary nutrition and behaviour change.",Healthcare,Scheme,Central,"[""Supplementary nutrition through Anganwadi Centres"",""Growth monitoring and counselling"",""Support for pregnant women, lactating mothers and children under 6"",""Adolescent girl nutrition components"",""Convergence with health services""]","[""Children under 6 years, pregnant women, lactating mothers and adolescent girls registered at Anganwadi"",""As per ICDS / Poshan guidelines"",""Who is NOT eligible: Those outside the target age and category groups""]","[""Aadhaar Card"",""MCP Card / Anganwadi registration"",""Birth related documents for children""]",,Nutrition Support via Anganwadi for Women & Children,,,,,,,,,,,All,0,19,,"[""General"",""OBC"",""SC"",""ST""]",Both,Ongoing,Active,https://icds-wcd.nic.in/ or Poshan tracker related portals,"[""poshan"",""anganwadi"",""nutrition"",""icds"",""women child""]",0,,2026-08-16T18:05:08.950591,2026-08-16T18:05:08.950592
9e714f77-a59c-4910-a0e7-c24e3b91f938,Integrated Child Development Services (ICDS) - Comprehensive,Ministry of Women and Child Development,"ICDS is one of the world's largest programmes for early childhood care and development. It provides a package of services including supplementary nutrition, immunisation, health check-up, referral, pre-school education and nutrition & health education through Anganwadi Centres.",Healthcare,Scheme,Central,"[""Supplementary nutrition for children under 6, pregnant and lactating women"",""Pre-school non-formal education"",""Immunisation, health check-up and referral services"",""Nutrition and health education"",""Anganwadi based delivery close to the community""]","[""Children under 6 years, pregnant women and lactating mothers in the Anganwadi area"",""Open to all eligible beneficiaries in the catchment"",""Who is NOT eligible: Those outside the target age and physiological groups""]","[""Aadhaar Card preferred"",""MCP Card / Anganwadi registration"",""Birth related documents for children""]",,Supplementary Nutrition + Pre-School + Health Services via Anganwadi,,,,,,,,,,,All,0,6,,"[""General"",""OBC"",""SC"",""ST""]",Both,Ongoing,Active,https://icds-wcd.nic.in/,"[""icds"",""anganwadi"",""child development"",""nutrition"",""pre school""]",0,,2026-08-16T18:05:08.950724,2026-08-16T18:05:08.950726
4bc5965b-d88b-4ca0-a10c-ac7ccf25e2de,Pradhan Mantri Matru Vandana Yojana (PMMVY) - Full Details,Ministry of Women and Child Development,"PMMVY provides cash maternity benefit to pregnant women and lactating mothers for the first living child to improve health-seeking behaviour and nutrition. Benefits are linked to antenatal check-ups, delivery and vaccination milestones.",Healthcare,Scheme,Central,"[""Cash incentive of Rs 5,000 in instalments"",""Promotes antenatal care, institutional delivery and immunisation"",""Direct Benefit Transfer to the woman's account"",""Supports maternal and child nutrition""]","[""Pregnant woman or lactating mother for the first living child"",""Age 19 years and above"",""Must complete prescribed health check-ups and vaccinations for full benefit"",""Who is NOT eligible: Women for second or subsequent living child (with limited exceptions)""]","[""Aadhaar Card of the woman"",""MCP Card / pregnancy records"",""Bank Account details of the woman""]",5000,"Rs 5,000 Maternity Cash Benefit for First Child",,,,,,,,,,,Female,19,,,"[""General"",""OBC"",""SC"",""ST""]",Both,Ongoing,Active,https://pmmvy.wcd.gov.in/,"[""pmmvy"",""maternity benefit"",""pregnant women"",""first child"",""dbt""]",0,,2026-08-16T18:05:08.950748,2026-08-16T18:05:08.950749
247a9c52-3491-4f65-a3f1-7d33f4d98687,Pradhan Mantri Ujjwala Yojana (PMUY) - Detailed,Ministry of Petroleum and Natural Gas,"PMUY provides free LPG connections to women from poor households to reduce dependence on traditional cooking fuels, improve health and empower women. It includes deposit-free connection and first refill support in many phases.",Social Welfare,Subsidy,Central,"[""Deposit-free LPG connection in the name of the woman"",""Support for first refill and stove in eligible cases"",""Improved indoor air quality and health"",""Women empowerment through cleaner cooking fuel""]","[""Woman from a poor household (as per SECC or state-identified criteria)"",""No existing LPG connection in the household"",""Adult woman as the beneficiary"",""Who is NOT eligible: Households already having LPG connection""]","[""Aadhaar Card"",""BPL / ration card / SECC related proof"",""Bank Account details"",""Passport size photograph"",""Proof of address""]",1600,Free LPG Connection for Women from Poor Households,,,,,,,100.0,1600,true,true,Female,18,,,"[""General"",""OBC"",""SC"",""ST""]",Both,Ongoing,Active,https://www.pmuy.gov.in/,"[""pmuy"",""ujjwala"",""lpg"",""women"",""clean cooking""]",0,,2026-08-16T18:05:08.950786,2026-08-16T18:05:08.950788
b39549fb-5168-4ac5-b21b-f72a07557ca8,Jal Jeevan Mission (JJM) / Har Ghar Jal - Detailed,Ministry of Jal Shakti,Jal Jeevan Mission aims to provide Functional Household Tap Connection (FHTC) to every rural household with adequate quantity and prescribed quality of water on a regular and long-term basis. It focuses on source sustainability and community participation.,Social Welfare,Scheme,Central,"[""Tap water connection to every rural household"",""Adequate quantity (55 litres per capita per day) of safe water"",""Community ownership and grey water management"",""Improved health and reduced drudgery for women""]","[""Rural households in villages covered under the Mission"",""As per village action plan and implementation progress"",""Who is NOT eligible: Purely urban households under this specific mission""]","[""Aadhaar Card"",""Residence proof in the village"",""Household details for connection""]",,Functional Tap Water Connection to Every Rural Household,,,,,,,,,,,All,,,,"[""General"",""OBC"",""SC"",""ST""]",Rural,Ongoing,Active,https://jaljeevanmission.gov.in/,"[""jal jeevan mission"",""har ghar jal"",""tap water"",""rural water""]",0,,2026-08-16T18:05:08.950813,2026-08-16T18:05:08.950814
d34b5590-ea19-4599-9a4c-c19c89c0fdd9,Swachh Bharat Mission (SBM) - Grameen & Urban - Detailed,Ministry of Jal Shakti / Ministry of Housing and Urban Affairs,"Swachh Bharat Mission focuses on achieving open defecation free status, solid and liquid waste management, and behavioural change for cleanliness in both rural and urban areas. It provides incentive support for toilet construction and waste management infrastructure.",Social Welfare,Subsidy,Central,"[""Incentive for individual household latrine construction"",""Support for community toilets and solid waste management"",""Behavioural change communication"",""Improved sanitation and dignity""]","[""Households without toilets in eligible categories"",""Urban and rural local bodies for community infrastructure"",""Who is NOT eligible: Households already having functional toilets in many incentive components""]","[""Aadhaar Card"",""Residence proof"",""Bank Account details"",""Photograph of toilet site if required""]",12000,Toilet Construction Incentive + Sanitation Support,,,,,,,100.0,12000,true,false,All,,,,"[""General"",""OBC"",""SC"",""ST""]",Both,Ongoing,Active,https://swachhbharatmission.gov.in/,"[""swachh bharat"",""sbm"",""toilet"",""sanitation"",""odf""]",0,,2026-08-16T18:06:20.783051,2026-08-16T18:06:20.783091
68fbfd45-0e6c-4fdc-9584-6be701ef4ede,Pradhan Mantri Awas Yojana - Urban (PMAY-U) - Detailed Current,Ministry of Housing and Urban Affairs,"PMAY-Urban aims to provide housing for all eligible urban families. Under various verticals including Beneficiary Led Construction, Affordable Housing in Partnership and other components, financial assistance is provided for construction or purchase of houses, with focus on EWS and LIG.",Housing,Subsidy,Central,"[""Financial assistance for construction or upgradation of houses"",""Interest subsidy benefits in residual CLSS cases"",""Preference for female ownership or joint ownership"",""Convergence with basic amenities"",""Support for EWS and LIG categories""]","[""Urban families not owning a pucca house in India"",""Income criteria for EWS/LIG as notified"",""Who is NOT eligible: Families already owning a pucca house anywhere in India""]","[""Aadhaar Card"",""Income Certificate"",""Affidavit of no existing pucca house"",""Bank Account details"",""Land or property documents if applicable""]",250000,Financial Assistance for Urban Housing (EWS/LIG),,,,,,,,250000,true,false,All,18,,600000,"[""General"",""OBC"",""SC"",""ST""]",Urban,Ongoing,Active,https://pmaymis.gov.in/,"[""pmay-u"",""pmay urban"",""housing for all"",""ews"",""lig""]",0,,2026-08-16T18:06:20.783126,2026-08-16T18:06:20.783127
ac55805c-8f80-4c0d-a8db-645fe4b0a0b9,Pradhan Mantri Awas Yojana - Gramin (PMAY-G) - Detailed,Ministry of Rural Development,"PMAY-Gramin aims to provide pucca houses with basic amenities to houseless households and those living in kutcha or dilapidated houses in rural areas. Financial assistance is provided for construction of houses, with preference to vulnerable groups.",Housing,Subsidy,Central,"[""Financial assistance of Rs 1.20 lakh in plain areas and Rs 1.30 lakh in hilly/difficult areas"",""Support for construction of pucca house"",""Convergence with toilets, LPG, electricity and water schemes"",""House preferably in the name of female member or joint ownership""]","[""Rural households that are houseless or living in zero, one or two room kutcha houses"",""As per SECC 2011 data and subsequent exclusions/inclusions by Gram Sabha"",""Who is NOT eligible: Households already owning pucca house or those excluded after verification""]","[""Aadhaar Card"",""Job card / SECC related details"",""Bank Account details"",""Land documents if required"",""Consent for female ownership where applicable""]",130000,Rs 1.20 - 1.30 Lakh for Rural Pucca House,,,,,,,100.0,130000,true,false,All,18,,,"[""General"",""OBC"",""SC"",""ST""]",Rural,Ongoing,Active,https://pmayg.nic.in/,"[""pmay-g"",""pmay gramin"",""rural housing"",""pucca house"",""subsidy""]",0,,2026-08-16T18:06:20.783147,2026-08-16T18:06:20.783149
ce7c57d6-b9a7-48b2-80a4-ea5ad5681951,Credit Linked Subsidy Scheme (CLSS) under PMAY - Residual,Ministry of Housing and Urban Affairs,"CLSS component under PMAY-Urban provided interest subsidy on home loans for EWS, LIG and MIG beneficiaries for acquisition or construction of houses. Residual and related interest subsidy benefits continue for eligible beneficiaries.",Housing,Subsidy,Central,"[""Interest subsidy on housing loans for eligible income categories"",""Reduces EMI burden for first-time home buyers"",""Support for EWS, LIG and previously MIG segments"",""Linked to PMAY-Urban goals of Housing for All""]","[""First-time home buyers in eligible income groups (EWS/LIG)"",""House should meet carpet area norms of the scheme"",""Who is NOT eligible: Those already owning a pucca house in the country""]","[""Aadhaar Card"",""Income Certificate"",""Loan sanction documents from bank"",""Property documents"",""Affidavit of no existing house""]",267000,Interest Subsidy on Home Loans for EWS/LIG,,,,,,,,267000,true,false,All,18,70,600000,"[""General"",""OBC"",""SC"",""ST""]",Urban,As per residual notifications,Active,https://pmaymis.gov.in/,"[""clss"",""pmay urban"",""interest subsidy"",""housing loan"",""ews lig""]",0,,2026-08-16T18:06:20.783165,2026-08-16T18:06:20.783166
6aae2089-51aa-4d34-967c-6b43788f019d,Pradhan Mantri Gram Sadak Yojana (PMGSY) - Detailed,Ministry of Rural Development,"Pradhan Mantri Gram Sadak Yojana aims to provide all-weather road connectivity to eligible unconnected rural habitations. It focuses on new connectivity and upgradation of existing rural roads to improve access to markets, health and education facilities.",Social Welfare,Scheme,Central,"[""All-weather road connectivity to rural habitations"",""Upgradation of existing rural roads"",""Improved access to markets, schools and health centres"",""Employment generation during construction"",""Long-term rural economic development""]","[""Eligible unconnected habitations as per population criteria and core network"",""Implemented by state rural roads agencies"",""Who is NOT eligible: Already connected habitations for new connectivity component""]","[""Project proposals from state agencies"",""Technical and environmental clearances""]",,All-Weather Rural Road Connectivity,,,,,,,,,,,All,,,,"[""General"",""OBC"",""SC"",""ST""]",Rural,Ongoing,Active,https://pmgsy.nic.in/,"[""pmgsy"",""rural roads"",""all weather connectivity"",""gram sadak""]",0,,2026-08-16T18:06:20.783218,2026-08-16T18:06:20.783221
7a3f719c-c793-4e64-8af0-db8d23a1d376,Deen Dayal Antyodaya Yojana - National Urban Livelihoods Mission (DAY-NULM) - Detailed,Ministry of Housing and Urban Affairs,"DAY-NULM aims to reduce poverty and vulnerability of urban poor households by enabling them to access gainful self-employment and skilled wage employment opportunities, resulting in an appreciable improvement in their livelihoods on a sustainable basis.",Social Welfare,Scheme,Central,"[""Formation and support of Self Help Groups in urban areas"",""Skill training and placement support"",""Self-employment and micro-enterprise credit support"",""Shelter for urban homeless"",""Support for street vendors""]","[""Urban poor households, especially women, SC/ST and vulnerable groups"",""As per city-level implementation and vulnerability criteria"",""Who is NOT eligible: Rural households under this specific urban mission""]","[""Aadhaar Card"",""Urban residence proof"",""BPL or vulnerability related documents"",""Bank Account details""]",,"Urban Livelihoods, Skill & SHG Support for Urban Poor",,,,,,,,,,,All,18,,,"[""General"",""OBC"",""SC"",""ST""]",Urban,Ongoing,Active,https://nulm.gov.in/,"[""day-nulm"",""urban livelihoods"",""shg"",""skill"",""street vendor""]",0,,2026-08-16T18:06:20.783239,2026-08-16T18:06:20.783240
23f4a02b-2813-4d3a-87d4-c85c88063a7f,Pradhan Mantri Street Vendor's AtmaNirbhar Nidhi (PM SVANidhi) - Detailed,Ministry of Housing and Urban Affairs,PM SVANidhi provides affordable working capital loans to street vendors to resume and expand their livelihoods. It offers collateral-free loans in tranches with interest subsidy on timely repayment and incentives for digital transactions.,Business,Loan,Central,"[""Collateral-free working capital loans in tranches (up to Rs 50,000 in later cycles)"",""Interest subsidy of 7% on timely repayment"",""Cashback incentives for digital transactions"",""No collateral required"",""Helps formalise street vendors""]","[""Street vendors operating in urban areas including Census Towns"",""Vendors identified by ULB or possessing Certificate of Vending"",""Age 18 years and above"",""Who is NOT eligible: Vendors purely in non-Census rural areas in most cases""]","[""Aadhaar Card"",""Vending Certificate or ULB ID"",""Bank Account details"",""Passport size photograph""]",50000,"Up to Rs 50,000 Collateral-Free Loan + 7% Interest Subsidy",12.0,24,false,0,7.0,"[""Banks"",""NBFCs"",""MFIs"",""RRBs""]",,,,,All,18,,,"[""General"",""OBC"",""SC"",""ST""]",Urban,Ongoing,Active,https://pmsvanidhi.mohua.gov.in/,"[""pm svanidhi"",""street vendor"",""micro credit"",""urban"",""interest subsidy""]",0,,2026-08-16T18:06:20.783328,2026-08-16T18:06:20.783331
65354b31-8c7b-449f-93bd-04a6653c4d24,Smart Cities Mission - Detailed,Ministry of Housing and Urban Affairs,"Smart Cities Mission aims to develop selected cities with core infrastructure, clean and sustainable environment and application of smart solutions. It focuses on area-based development and pan-city solutions using technology and citizen participation.",Technology,Scheme,Central,"[""Funding and technical support for smart city projects"",""Area-based development and pan-city smart solutions"",""Improved urban services through technology"",""Citizen engagement and better quality of life""]","[""Selected Smart Cities and their Special Purpose Vehicles (SPVs)"",""Projects approved under the Mission guidelines"",""Who is NOT eligible: Cities not selected under the Mission""]","[""SPV documents"",""Detailed Project Reports"",""State and ULB approvals""]",,Smart Infrastructure & Technology Solutions for Selected Cities,,,,,,,,,,,All,,,,"[""General"",""OBC"",""SC"",""ST""]",Urban,Ongoing,Active,https://smartcities.gov.in/,"[""smart cities"",""urban development"",""technology"",""spv""]",0,,2026-08-16T18:06:20.783353,2026-08-16T18:06:20.783354
f53e0c4b-f4ba-4686-abe3-c404d24f7e37,Atal Mission for Rejuvenation and Urban Transformation (AMRUT 2.0) - Detailed,Ministry of Housing and Urban Affairs,"AMRUT 2.0 aims to make cities water secure by providing universal water supply through functional taps to all households and managing used water. It also supports city water balance plans, rejuvenation of water bodies and development of green spaces.",Housing,Scheme,Central,"[""Universal water supply through functional household taps"",""Used water management and recycle/reuse"",""Rejuvenation of water bodies and aquifers"",""Green spaces and park development"",""Pey Jal Survekshan and related incentives""]","[""All statutory towns as per AMRUT 2.0 coverage"",""Projects approved under city water action plans"",""Who is NOT eligible: Purely rural water supply under JJM""]","[""City water balance plans and Detailed Project Reports"",""ULB and state approvals""]",,Universal Water Supply & Used Water Management in Cities,,,,,,,,,,,All,,,,"[""General"",""OBC"",""SC"",""ST""]",Urban,Ongoing,Active,https://mohua.gov.in/ or AMRUT portal,"[""amrut 2.0"",""water supply"",""used water"",""urban water security""]",0,,2026-08-16T18:06:20.783368,2026-08-16T18:06:20.783369
f4b93398-77ce-4b4e-be63-b27a7cdae69b,National Urban Health Mission (NUHM) - Detailed,Ministry of Health and Family Welfare,"NUHM is a sub-mission under the National Health Mission that addresses health needs of the urban population, particularly the urban poor, through strengthening of urban primary health infrastructure, outreach and referral services.",Healthcare,Scheme,Central,"[""Urban Primary Health Centres and outreach services"",""Focus on urban poor and vulnerable populations"",""Maternal, child and communicable disease services in urban areas"",""Referral linkages with higher facilities"",""Community health workers in urban settings""]","[""Urban population, with priority to urban poor and vulnerable groups"",""Services delivered through public urban health facilities"",""Who is NOT eligible: No universal exclusion for public health services""]","[""Aadhaar preferred"",""Any identity proof for services""]",,Primary Healthcare Strengthening for Urban Population,,,,,,,,,,,All,,,,"[""General"",""OBC"",""SC"",""ST""]",Urban,Ongoing,Active,https://nhm.gov.in/,"[""nuhm"",""urban health"",""primary healthcare"",""urban poor""]",0,,2026-08-16T18:06:20.783383,2026-08-16T18:06:20.783384
4a01b894-5625-4b33-a4cd-6cdc713e9d27,Pradhan Mantri Kaushal Vikas Yojana (PMKVY) - Detailed,Ministry of Skill Development and Entrepreneurship,"PMKVY is the flagship skill development scheme that provides free short-term skill training and Recognition of Prior Learning (RPL) to youth, with a focus on employment and entrepreneurship outcomes. Training is aligned to National Skill Qualification Framework.",Education,Scheme,Central,"[""Free skill training in NSQF aligned courses"",""Recognition of Prior Learning certification"",""Monetary reward / certificate on successful assessment"",""Placement and entrepreneurship support facilitation"",""Special focus on women, SC/ST and underprivileged youth""]","[""Indian youth in the eligible age group (typically 15-45 years depending on component)"",""As per guidelines of the specific PMKVY version"",""Who is NOT eligible: Those already fully trained and certified in the same job role recently""]","[""Aadhaar Card"",""Educational certificates if required for the course"",""Bank Account details"",""Passport size photographs""]",,Free Skill Training + Certification under PMKVY,,,,,,,,,,,All,15,45,,"[""General"",""OBC"",""SC"",""ST""]",Both,Ongoing,Active,https://www.pmkvyofficial.org/ or Skill India portal,"[""pmkvy"",""skill development"",""nsqf"",""rpl"",""training""]",0,,2026-08-16T18:07:35.526167,2026-08-16T18:07:35.526233
c6164558-d2a3-4d4c-ac24-f8686756545d,Deen Dayal Upadhyaya Grameen Kaushalya Yojana (DDU-GKY) - Detailed,Ministry of Rural Development,"DDU-GKY is a placement-linked skill development programme for rural poor youth. It provides free training, boarding & lodging (in residential programmes) and facilitates wage employment with minimum salary guarantees and post-placement support.",Education,Scheme,Central,"[""Free skill training in industry-relevant trades"",""Residential facilities and stipend support in many programmes"",""Placement in wage employment"",""Post-placement support and tracking"",""Focus on rural youth including SC/ST and women""]","[""Rural youth from poor households (SECC or state criteria)"",""Age generally 15-35 years (relaxed for special groups)"",""Willing to undergo training and take up placement"",""Who is NOT eligible: Urban youth and those above poverty criteria""]","[""Aadhaar Card"",""Proof of rural residence / BPL or SECC related"",""Age proof"",""Bank Account details"",""Educational certificates if required for the trade""]",,Free Skill Training + Placement for Rural Youth,,,,,,,,,,,All,15,35,,"[""General"",""OBC"",""SC"",""ST""]",Rural,Ongoing,Active,https://ddugky.gov.in/,"[""ddu-gky"",""skill development"",""rural youth"",""placement"",""training""]",0,,2026-08-16T18:07:35.526318,2026-08-16T18:07:35.526320
59204d23-d9e8-43cc-9b93-2f574c04a92e,National Apprenticeship Promotion Scheme (NAPS) - Detailed,Ministry of Skill Development and Entrepreneurship,NAPS promotes apprenticeship training by providing financial support to establishments for engaging apprentices. It shares stipend costs and provides basic training support to make apprenticeship more attractive for both employers and youth.,Education,Scheme,Central,"[""Sharing of stipend cost with employers"",""Support for basic training of apprentices"",""Encourages industry to engage more apprentices"",""Practical on-the-job training for youth"",""Certificate on successful completion""]","[""Establishments engaging apprentices under the Apprentices Act"",""Youth eligible for apprenticeship as per trade and age criteria"",""Who is NOT eligible: Establishments not registered under the scheme""]","[""Establishment registration"",""Apprentice Aadhaar and educational documents"",""As per apprenticeship portal requirements""]",,Stipend Support for Apprenticeship Training,,,,,,,,,,,All,14,35,,"[""General"",""OBC"",""SC"",""ST""]",Both,Ongoing,Active,https://www.apprenticeshipindia.gov.in/,"[""naps"",""apprenticeship"",""stipend"",""skill"",""on the job training""]",0,,2026-08-16T18:07:35.526341,2026-08-16T18:07:35.526342
2f6bbb42-4c47-4342-bdc1-fb61c661001d,National Career Service (NCS) - Detailed,Ministry of Labour and Employment,"National Career Service portal connects job seekers with employers, provides career counselling, information on skill development and facilitates employment related services. It is the modern avatar of employment exchanges.",Social Welfare,Scheme,Central,"[""Free registration for job seekers and employers"",""Job matching and career counselling"",""Information on skill courses and apprenticeships"",""Model Career Centres support"",""Transparent employment services""]","[""Any Indian job seeker or employer"",""No income restriction for registration"",""Who is NOT eligible: None for basic registration""]","[""Aadhaar Card"",""Educational and experience details for profile"",""Resume upload optional""]",,Free Job Portal + Career Counselling Services,,,,,,,,,,,All,18,,,"[""General"",""OBC"",""SC"",""ST""]",Both,Ongoing,Active,https://www.ncs.gov.in/,"[""ncs"",""national career service"",""job portal"",""employment exchange""]",0,,2026-08-16T18:07:35.526357,2026-08-16T18:07:35.526358
f57fbd9f-37ca-4bac-a48d-8a0942e3a948,eShram Portal - Unorganised Workers Registration - Detailed,Ministry of Labour and Employment,"eShram is the national database of unorganised workers. Registration provides a Universal Account Number (UAN) and enables access to social security schemes, accident insurance and future benefits targeted at unorganised sector workers.",Social Welfare,Scheme,Central,"[""Universal Account Number (UAN) for unorganised workers"",""Accidental insurance cover of Rs 2 lakh through convergence in many cases"",""Gateway to future social security and welfare schemes"",""Portable identity across locations and jobs"",""Helps in delivery of benefits during crises""]","[""Unorganised worker aged 16 to 59 years"",""Not a member of EPFO or ESIC in most cases"",""Aadhaar mandatory"",""Who is NOT eligible: Organised sector workers already covered under EPFO/ESIC""]","[""Aadhaar Card"",""Mobile number linked to Aadhaar"",""Bank Account details (preferred)"",""Occupation details""]",200000,UAN + Accident Insurance Gateway for Unorganised Workers,,,,,,,,,,,All,16,59,,"[""General"",""OBC"",""SC"",""ST""]",Both,Ongoing,Active,https://eshram.gov.in/,"[""eshram"",""unorganised worker"",""uan"",""social security"",""labour""]",0,,2026-08-16T18:07:35.526374,2026-08-16T18:07:35.526375
8dc9386a-02c7-42e8-80f6-30925ed272c6,Pradhan Mantri Shram Yogi Maan-dhan (PM-SYM) - Detailed,Ministry of Labour and Employment,"PM-SYM is a voluntary and contributory pension scheme for unorganised workers. Subscribers receive a minimum assured pension of Rs 3,000 per month after attaining the age of 60 years, with matching contribution from the government.",Social Welfare,Scheme,Central,"[""Minimum assured pension of Rs 3,000 per month after 60 years"",""Equal matching contribution by the Central Government"",""Family pension to spouse on death of subscriber"",""Low monthly contribution based on entry age"",""Simple enrolment through CSCs and online""]","[""Unorganised worker aged 18 to 40 years"",""Monthly income up to Rs 15,000"",""Not covered under EPFO, ESIC or NPS (government)"",""Aadhaar and savings bank account mandatory"",""Who is NOT eligible: Organised sector workers and those above income limit""]","[""Aadhaar Card"",""Savings bank account / Jan Dhan account"",""Mobile number""]",3000,"Assured Pension Rs 3,000/month for Unorganised Workers",,,,,,,,,,,All,18,40,180000,"[""General"",""OBC"",""SC"",""ST""]",Both,Ongoing,Active,https://maandhan.in/ or https://eshram.gov.in/,"[""pm-sym"",""shram yogi maan-dhan"",""unorganised pension"",""3,000 pension""]",0,,2026-08-16T18:07:35.526390,2026-08-16T18:07:35.526391
61195fe9-4814-478e-9257-f0e1a84ad381,Atal Pension Yojana (APY) - Detailed,Ministry of Finance / PFRDA,"Atal Pension Yojana is a government-backed pension scheme for workers in the unorganised sector. Subscribers receive a fixed minimum pension between Rs 1,000 and Rs 5,000 per month after the age of 60, depending on their contribution amount and age of joining.",Finance,Scheme,Central,"[""Guaranteed minimum pension of Rs 1,000 to Rs 5,000 per month after 60 years"",""Government co-contribution for eligible subscribers (for a limited period)"",""Same pension to spouse after subscriber's death"",""Return of corpus to nominee after death of subscriber and spouse"",""Low and flexible contribution options""]","[""Indian citizen aged 18 to 40 years"",""Must have a savings bank account and Aadhaar"",""Primarily targeted at unorganised sector workers"",""Who is NOT eligible: Those already covered under statutory social security schemes in some co-contribution cases""]","[""Aadhaar Card"",""Savings bank account details"",""Mobile number"",""Age proof""]",5000,"Guaranteed Pension Rs 1,000–5,000/month after 60",,,,,,,,,,,All,18,40,,"[""General"",""OBC"",""SC"",""ST""]",Both,Ongoing,Active,https://www.npscra.nsdl.co.in/ or any bank / post office,"[""atal pension"",""apy"",""unorganised sector"",""pension"",""pfrda""]",0,,2026-08-16T18:07:35.526429,2026-08-16T18:07:35.526431
22b38c16-bfab-4628-983c-9ae592b964e5,Pradhan Mantri Jeevan Jyoti Bima Yojana (PMJJBY) - Detailed,Ministry of Finance,PMJJBY is an affordable life insurance scheme offering Rs 2 lakh life cover for death due to any reason at a very low annual premium. It is available to savings bank account holders in the age group 18-50 years and is renewable yearly.,Finance,Scheme,Central,"[""Life insurance cover of Rs 2 lakh for death due to any reason"",""Very low annual premium (around Rs 436 as per latest rates)"",""Auto-debit from linked bank account"",""Easy enrolment through bank or post office""]","[""Savings bank account holder aged 18 to 50 years"",""Must consent to auto-debit of premium"",""Who is NOT eligible: Persons outside the 18-50 age group at entry""]","[""Aadhaar Card"",""Savings bank account details"",""Consent form for auto-debit""]",200000,Rs 2 Lakh Life Insurance at Very Low Premium,,,,,,,,,,,All,18,50,,"[""General"",""OBC"",""SC"",""ST""]",Both,Ongoing (annual renewal),Active,https://www.jansuraksha.gov.in/ or through banks,"[""pmjjby"",""life insurance"",""jeevan jyoti"",""low premium"",""bank""]",0,,2026-08-16T18:07:35.526469,2026-08-16T18:07:35.526471
82c6ae86-7ac3-4812-af4c-8ca5ab4e1776,Pradhan Mantri Suraksha Bima Yojana (PMSBY) - Detailed,Ministry of Finance,PMSBY is an accident insurance scheme providing Rs 2 lakh cover for accidental death and full disability and Rs 1 lakh for partial disability at an extremely low annual premium of Rs 20. It is linked to savings bank accounts.,Finance,Scheme,Central,"[""Rs 2 lakh for accidental death or full permanent disability"",""Rs 1 lakh for partial permanent disability"",""Annual premium of only Rs 20"",""Auto-debit facility from bank account""]","[""Savings bank account holder aged 18 to 70 years"",""Must give consent for auto-debit"",""Who is NOT eligible: Persons above 70 years at the time of renewal""]","[""Aadhaar Card"",""Savings bank account details"",""Consent for auto-debit""]",200000,Rs 2 Lakh Accident Insurance at Rs 20/year,,,,,,,,,,,All,18,70,,"[""General"",""OBC"",""SC"",""ST""]",Both,Ongoing (annual renewal),Active,https://www.jansuraksha.gov.in/ or through banks,"[""pmsby"",""accident insurance"",""suraksha bima"",""low premium""]",0,,2026-08-16T18:07:35.526496,2026-08-16T18:07:35.526497
fb116b1e-dd87-4fb6-b8f4-120c900d19ad,Pradhan Mantri Jan Dhan Yojana (PMJDY) - Detailed,"Department of Financial Services, Ministry of Finance","Pradhan Mantri Jan Dhan Yojana is the national mission for financial inclusion. It provides universal access to banking facilities with zero-balance savings accounts, RuPay debit cards, accidental insurance cover, overdraft facility and direct benefit transfer readiness for every household.",Finance,Scheme,Central,"[""Zero-balance savings bank account"",""RuPay debit card with inbuilt accident insurance of Rs 2 lakh"",""Overdraft facility up to Rs 10,000 after satisfactory operation"",""Access to Direct Benefit Transfer of government schemes"",""Life cover of Rs 30,000 in eligible cases""]","[""Any Indian citizen (including minors with guardian)"",""No existing bank account required for basic account opening"",""Aadhaar preferred for seeding"",""Who is NOT eligible: Persons already holding multiple full-KYC accounts in some restricted cases""]","[""Aadhaar Card (preferred)"",""Any officially valid identity and address proof"",""Passport size photograph""]",10000,Zero Balance Account + RuPay Card + Insurance + Overdraft,,,,,,,,,,,All,10,,,"[""General"",""OBC"",""SC"",""ST""]",Both,Ongoing,Active,https://www.pmjdy.gov.in/,"[""pmjdy"",""jan dhan"",""financial inclusion"",""zero balance"",""rupay""]",0,,2026-08-16T18:07:35.526514,2026-08-16T18:07:35.526515
0bbd9b7d-5859-4ad0-97d7-394d7766f955,Sukanya Samriddhi Yojana (SSY) - Detailed,Ministry of Finance / Department of Economic Affairs,"Sukanya Samriddhi Yojana is a small savings scheme for the girl child that offers high interest rate, tax benefits under Section 80C and partial withdrawal for education or marriage. It encourages parents to save for the future of their girl child.",Finance,Scheme,Central,"[""High interest rate (compounded annually)"",""Tax benefits under Section 80C on deposit and interest"",""Partial withdrawal allowed for higher education or marriage"",""Account matures after 21 years or on marriage after 18 years"",""Account can be opened in post office or authorised banks""]","[""Girl child below 10 years of age"",""Only one account per girl child (maximum two girls in a family with exceptions for twins)"",""Account opened by parent or legal guardian"",""Who is NOT eligible: Boy child and girl child above 10 years at the time of opening""]","[""Birth certificate of girl child"",""Aadhaar of child and parent/guardian"",""Identity and address proof of guardian"",""Passport size photographs""]",150000,High Interest + Tax Benefit Savings for Girl Child,,,,,,,,,,,Female,0,10,,"[""General"",""OBC"",""SC"",""ST""]",Both,Ongoing,Active,https://www.indiapost.gov.in/ or authorised banks,"[""sukanya samriddhi"",""ssy"",""girl child"",""savings"",""tax benefit""]",0,,2026-08-16T18:08:39.521902,2026-08-16T18:08:39.521964
4b48ba1d-c6e9-4236-9e82-9dca50b9e9f8,Public Provident Fund (PPF) - Detailed,Ministry of Finance,"Public Provident Fund is a long-term, government-backed savings-cum-tax-saving scheme with EEE tax status. Deposits qualify for deduction under Section 80C, interest is tax-free, and the maturity amount is also exempt. The tenure is 15 years, extendable in blocks of 5 years.",Finance,Scheme,Central,"[""Tax deduction under Section 80C on deposits (up to Rs 1.5 lakh)"",""Tax-free interest and tax-free maturity"",""Government-backed safety"",""Partial withdrawal and loan facility after prescribed lock-in"",""15-year tenure with extension option""]","[""Any Indian resident individual (one account per person)"",""Account can be opened for a minor by a guardian"",""Who is NOT eligible: HUFs and NRIs for new accounts in standard form""]","[""Aadhaar Card"",""PAN Card"",""Identity and address proof"",""Passport size photograph""]",150000,Tax-Free Long-Term Savings with 80C Benefit (up to Rs 1.5 Lakh/year),,,,,,,,,,,All,0,,,"[""General"",""OBC"",""SC"",""ST""]",Both,Ongoing,Active,https://www.indiapost.gov.in/ or any authorised bank,"[""ppf"",""public provident fund"",""tax saving"",""80c"",""long term""]",0,,2026-08-16T18:08:39.522039,2026-08-16T18:08:39.522041
ecee7c5c-3e42-4e19-b8c0-31d9e4adef71,National Savings Certificate (NSC) - Detailed,Ministry of Finance / India Post,"National Savings Certificate is a fixed-income, government-backed savings instrument available at post offices. It offers fixed interest rate, tax benefit under Section 80C and is suitable for small and medium savers seeking safety.",Finance,Scheme,Central,"[""Fixed interest rate compounded annually but payable at maturity"",""Tax deduction under Section 80C"",""Government-backed safety"",""Available in different denominations"",""5-year maturity period""]","[""Any Indian individual (single or joint)"",""Trusts and other eligible entities as per rules"",""Who is NOT eligible: NRIs in most cases for new investments""]","[""Aadhaar Card"",""PAN Card"",""Identity and address proof"",""Photograph""]",150000,5-Year Government Savings Certificate with 80C Benefit,,,,,,,,,,,All,0,,,"[""General"",""OBC"",""SC"",""ST""]",Both,Ongoing,Active,https://www.indiapost.gov.in/,"[""nsc"",""national savings certificate"",""post office"",""tax saving"",""80c""]",0,,2026-08-16T18:08:39.522064,2026-08-16T18:08:39.522065
d1631c4b-d924-4d11-ac5f-1f2b208ef044,Senior Citizens Savings Scheme (SCSS) - Detailed,Ministry of Finance / India Post,"Senior Citizens Savings Scheme is a government-backed savings scheme for individuals aged 60 years and above (and certain early retirees). It offers higher interest rate and quarterly interest payout, making it suitable for regular income needs of senior citizens.",Finance,Scheme,Central,"[""Higher interest rate than most small savings schemes"",""Quarterly interest payout"",""Tax benefit under Section 80C on deposit"",""5-year tenure (extendable by 3 years)"",""Government-backed safety""]","[""Individual aged 60 years or above"",""Early retirees under certain conditions (55+ or 50+ for defence) as per rules"",""Who is NOT eligible: Persons below the prescribed age without early retirement eligibility""]","[""Aadhaar Card"",""Age proof"",""PAN Card"",""Identity and address proof"",""Photograph""]",3000000,High Interest Quarterly Payout Scheme for Senior Citizens,,,,,,,,,,,All,60,,,"[""General"",""OBC"",""SC"",""ST""]",Both,Ongoing,Active,https://www.indiapost.gov.in/ or authorised banks,"[""scss"",""senior citizens"",""quarterly interest"",""pension alternative"",""80c""]",0,,2026-08-16T18:08:39.522082,2026-08-16T18:08:39.522083
a110fcea-f641-49ae-9dbf-ffed6930f8d9,Kisan Vikas Patra (KVP) - Detailed,Ministry of Finance / India Post,Kisan Vikas Patra is a small savings instrument that doubles the invested amount in a predetermined period at the prevailing interest rate. It is available at post offices and authorised banks and is popular among small savers seeking guaranteed doubling.,Finance,Scheme,Central,"[""Amount doubles in a fixed period (as per current rate)"",""Government-backed safety"",""Can be transferred and pledged as security"",""Available in multiple denominations"",""No upper investment limit in most cases""]","[""Any adult individual (single or joint)"",""Trusts as per rules"",""Who is NOT eligible: NRIs for new investments in standard form""]","[""Aadhaar Card"",""PAN Card"",""Identity and address proof"",""Photograph""]",,Doubling of Investment in Fixed Period (Government Backed),,,,,,,,,,,All,18,,,"[""General"",""OBC"",""SC"",""ST""]",Both,Ongoing,Active,https://www.indiapost.gov.in/,"[""kvp"",""kisan vikas patra"",""doubling scheme"",""post office"",""small savings""]",0,,2026-08-16T18:08:39.522120,2026-08-16T18:08:39.522123
64a488ec-987c-434c-af5e-685f066d6b87,National Pension System (NPS) - All Citizen Model - Detailed,Ministry of Finance / PFRDA,"National Pension System is a voluntary, long-term retirement savings scheme open to all Indian citizens. It offers market-linked returns with a mix of equity, corporate bonds and government securities, and provides tax benefits under Section 80C and 80CCD.",Finance,Scheme,Central,"[""Market-linked returns with choice of funds"",""Tax benefits under 80C and additional 80CCD(1B)"",""Partial withdrawal for specific needs"",""Annuity purchase at retirement for regular pension"",""Low-cost and transparent structure"",""Portable across jobs and locations""]","[""Any Indian citizen aged 18 to 70 years (for All Citizen model)"",""Must have KYC compliant account"",""Who is NOT eligible: Persons outside the age criteria for new accounts""]","[""Aadhaar Card"",""PAN Card"",""Bank Account details"",""Photograph and signature/thumb impression""]",,Voluntary Market-Linked Retirement Savings with Tax Benefits,,,,,,,,,,,All,18,70,,"[""General"",""OBC"",""SC"",""ST""]",Both,Ongoing,Active,https://www.npscra.nsdl.co.in/ or https://enps.nsdl.com/,"[""nps"",""national pension system"",""retirement"",""80ccd"",""pfrda""]",0,,2026-08-16T18:08:39.522165,2026-08-16T18:08:39.522167
28f913a3-d02d-4d5d-bde1-cb80021bf27a,Sovereign Gold Bond Scheme (SGB) - Detailed,Ministry of Finance / RBI,"Sovereign Gold Bonds are government securities denominated in grams of gold. They offer an alternative to physical gold with interest payout, capital gains treatment benefits on redemption, and elimination of storage and purity risks.",Finance,Scheme,Central,"[""Interest of 2.5% per annum on the nominal amount (payable semi-annually)"",""Redemption linked to gold price"",""No storage or purity risk"",""Capital gains tax exemption on redemption for individual investors if held till maturity in many cases"",""Tradable on exchanges and eligible as collateral""]","[""Resident individuals, HUFs, trusts, universities and charitable institutions"",""Minimum 1 gram investment"",""Who is NOT eligible: NRIs for primary issuance in standard form (can hold secondary)""]","[""Aadhaar / PAN"",""Bank Account details"",""Demat account if opting for demat form"",""KYC documents""]",,Government Gold Bonds with 2.5% Interest + Gold Price Linked Returns,,,,,,,,,,,All,0,,,"[""General"",""OBC"",""SC"",""ST""]",Both,As per RBI tranche notification,Active,https://www.rbi.org.in/ or through banks / Stock Holding / Post Office,"[""sovereign gold bond"",""sgb"",""gold"",""rbi"",""interest + gold returns""]",0,,2026-08-16T18:08:39.522248,2026-08-16T18:08:39.522250
2b3f162d-0cfe-49a7-ac74-a893f9e6402c,Mahila Samman Savings Certificate (MSSC) - Detailed,Ministry of Finance / Department of Economic Affairs,Mahila Samman Savings Certificate is a short-term small savings scheme for women and girls offering attractive interest rate and flexibility of partial withdrawal. It was introduced to encourage savings among women.,Finance,Scheme,Central,"[""Attractive fixed interest rate for the tenure"",""Partial withdrawal facility after a lock-in period"",""Account can be opened in the name of a woman or a girl child"",""Available at post offices and authorised banks""]","[""Woman or girl child (guardian can open for minor girl)"",""As per the specific scheme notification period"",""Who is NOT eligible: Male account holders for this specific scheme""]","[""Aadhaar Card"",""Identity and address proof"",""Age proof for minor"",""Passport size photograph""]",200000,Special High-Interest Savings Scheme for Women,,,,,,,,,,,Female,0,,,"[""General"",""OBC"",""SC"",""ST""]",Both,As per scheme notification,Active,https://www.indiapost.gov.in/ or authorised banks,"[""mahila samman"",""mssc"",""women savings"",""small savings"",""post office""]",0,,2026-08-16T18:08:39.522271,2026-08-16T18:08:39.522272
f32a1715-19ee-456c-b37e-1a031fb37f31,Monthly Income Scheme (MIS) - Post Office - Detailed,Ministry of Finance / India Post,Post Office Monthly Income Scheme provides a regular monthly income to investors through interest payouts on a lump-sum deposit. It is popular among retirees and those seeking predictable income with government safety.,Finance,Scheme,Central,"[""Regular monthly interest income"",""Government-backed safety"",""Fixed tenure (typically 5 years)"",""Capital repayment at maturity"",""Suitable for retirees and income-seeking investors""]","[""Any individual (single or joint accounts permitted as per rules)"",""Who is NOT eligible: NRIs and certain entities restricted under small savings rules""]","[""Aadhaar Card"",""PAN Card"",""Identity and address proof"",""Photograph""]",900000,Monthly Interest Income with Government Safety,,,,,,,,,,,All,18,,,"[""General"",""OBC"",""SC"",""ST""]",Both,Ongoing,Active,https://www.indiapost.gov.in/,"[""mis"",""monthly income scheme"",""post office"",""regular income"",""retiree""]",0,,2026-08-16T18:08:39.522332,2026-08-16T18:08:39.522334
58037f7d-cbc0-40d8-87eb-966e1e4c4a88,Employees' Provident Fund (EPF) / EPFO - Detailed,Ministry of Labour and Employment / EPFO,"Employees' Provident Fund is a mandatory savings-cum-retirement scheme for organised sector employees. Both employee and employer contribute a percentage of wages. It provides lump-sum accumulation at retirement, partial withdrawals for specific needs and pension benefits under EPS.",Finance,Scheme,Central,"[""Accumulated savings with interest at retirement or exit"",""Partial withdrawals for housing, education, marriage, medical needs"",""Pension under Employees' Pension Scheme (EPS)"",""Insurance cover under EDLI in many cases"",""Portable across jobs with UAN""]","[""Employees of covered establishments (generally 20 or more employees)"",""Wage ceiling and contribution rules as per EPFO"",""Who is NOT eligible: Unorganised sector workers not under EPFO coverage""]","[""UAN / Aadhaar seeding"",""Bank Account details"",""KYC documents"",""Employer registration""]",,Mandatory Retirement Savings + Pension for Organised Sector Employees,,,,,,,,,,,All,18,,,"[""General"",""OBC"",""SC"",""ST""]",Both,Ongoing,Active,https://www.epfindia.gov.in/,"[""epf"",""epfo"",""provident fund"",""eps"",""organised sector""]",0,,2026-08-16T18:08:39.522355,2026-08-16T18:08:39.522356
32136e82-f91a-4a5f-8ada-ac15baf43309,Employees' State Insurance (ESI) Scheme - Detailed,Ministry of Labour and Employment / ESIC,"ESI Scheme provides comprehensive social security to workers in the organised sector in the form of medical care and cash benefits during sickness, maternity, disablement and death due to employment injury, covering the worker and dependents.",Healthcare,Scheme,Central,"[""Full medical care for insured person and family"",""Sickness benefit (cash compensation)"",""Maternity benefit"",""Disablement and dependent benefits"",""Funeral expenses and other related supports""]","[""Employees of covered factories and establishments drawing wages up to the prescribed ceiling"",""Contribution by employer and employee"",""Who is NOT eligible: Employees above the wage ceiling and unorganised workers""]","[""ESIC registration / IP number"",""Aadhaar Card"",""Employer contribution records"",""Bank Account for cash benefits""]",,Comprehensive Medical + Cash Benefits for Organised Sector Workers,,,,,,,,,,,All,18,,,"[""General"",""OBC"",""SC"",""ST""]",Both,Ongoing,Active,https://www.esic.gov.in/,"[""esi"",""esic"",""medical care"",""sickness benefit"",""maternity""]",0,,2026-08-16T18:09:55.770852,2026-08-16T18:09:55.770920
14a5895f-05bf-440c-bb73-37100226ade9,Building and Other Construction Workers (BOCW) Welfare Schemes - Detailed,Ministry of Labour and Employment / State BOCW Boards,"Under the BOCW Act, state Building and Other Construction Workers Welfare Boards provide social security and welfare benefits such as education assistance, medical support, pension, housing assistance and skill training to registered construction workers.",Social Welfare,Scheme,Central,"[""Education assistance for children of registered workers"",""Medical and maternity benefits"",""Pension and disability support in many states"",""Housing and tool assistance in some boards"",""Skill training and safety measures""]","[""Construction workers registered with the State BOCW Welfare Board"",""Minimum days of work as per state rules"",""Who is NOT eligible: Unregistered workers and non-construction occupations""]","[""Aadhaar Card"",""BOCW registration / identity card"",""Work proof / employer certificate"",""Bank Account details""]",,Welfare Benefits for Registered Construction Workers,,,,,,,,,,,All,18,60,,"[""General"",""OBC"",""SC"",""ST""]",Both,Ongoing,Active,State BOCW Welfare Board portals,"[""bocw"",""construction workers"",""welfare board"",""education assistance"",""labour""]",0,,2026-08-16T18:09:55.771009,2026-08-16T18:09:55.771012
e3247f68-f502-4248-8960-c0b55045397c,Rashtriya Vayoshri Yojana (RVY) - Detailed,Ministry of Social Justice and Empowerment,"Rashtriya Vayoshri Yojana provides physical aids and assisted-living devices to senior citizens belonging to BPL category who suffer from age-related disabilities or infirmities. Devices include walking sticks, elbow crutches, walkers, hearing aids, spectacles and dentures.",Social Welfare,Subsidy,Central,"[""Free assisted-living devices for BPL senior citizens"",""Covers walking aids, hearing aids, spectacles, dentures etc."",""Camp-based distribution"",""Improves mobility and quality of life of elderly""]","[""Senior citizens (60+) belonging to BPL category"",""Suffering from age-related disability or infirmity"",""Who is NOT eligible: Non-BPL senior citizens and those without age-related need""]","[""Aadhaar Card"",""Age proof"",""BPL / ration card or equivalent"",""Photograph""]",10000,Free Assisted-Living Devices for BPL Senior Citizens,,,,,,,100.0,10000,false,true,All,60,,100000,"[""General"",""OBC"",""SC"",""ST""]",Both,Ongoing,Active,https://socialjustice.gov.in/ or implementing agencies,"[""rashtriya vayoshri"",""rvy"",""senior citizens"",""assisted living"",""bpl""]",0,,2026-08-16T18:09:55.771040,2026-08-16T18:09:55.771041
72a3732f-a923-4bf8-98a7-4fa086a7fb9b,Assistance to Disabled Persons for Purchase/Fitting of Aids and Appliances (ADIP) - Detailed,Ministry of Social Justice and Empowerment,"ADIP scheme provides aids and assistive devices to persons with disabilities to improve their mobility, communication and daily living. Devices include hearing aids, wheelchairs, prosthetic limbs, Braille kits and other assistive technology.",Social Welfare,Subsidy,Central,"[""Free or subsidised aids and appliances"",""Covers a wide range of assistive devices"",""Camp-based and institutional distribution"",""Improves independence and quality of life"",""Follow-up and repair support in many cases""]","[""Persons with disabilities having income up to the prescribed limit"",""Valid disability certificate"",""Who is NOT eligible: Persons above income ceiling or without disability certificate""]","[""Aadhaar Card"",""Disability Certificate / UDID"",""Income Certificate"",""Photograph"",""Bank Account details if required""]",20000,Free / Subsidised Aids & Assistive Devices for PwDs,,,,,,,100.0,20000,false,true,All,0,,300000,"[""General"",""OBC"",""SC"",""ST""]",Both,Ongoing,Active,https://disabilityaffairs.gov.in/ or ADIP implementing agencies,"[""adip"",""aids appliances"",""assistive devices"",""pwd"",""wheelchair""]",0,,2026-08-16T18:09:55.771058,2026-08-16T18:09:55.771059
99e99dbb-6b82-4790-8589-ce5d4565f3aa,Unique Disability ID (UDID) / Swavlamban Card - Detailed,Ministry of Social Justice and Empowerment,"The Unique Disability ID project issues a single disability certificate and identity card valid across the country. It facilitates access to various schemes, concessions and benefits for persons with disabilities under the Rights of Persons with Disabilities Act.",Social Welfare,Scheme,Central,"[""Single national disability identity card (UDID)"",""Facilitates access to government schemes, concessions and benefits"",""Online application and verification process"",""Portable across states"",""Linked to various welfare and empowerment schemes""]","[""Persons with benchmark disabilities as defined under the RPwD Act"",""Who is NOT eligible: Persons without disability or below the prescribed percentage""]","[""Aadhaar Card"",""Medical documents / assessment reports"",""Photograph"",""Proof of residence""]",,National Disability ID Card for Access to Schemes & Concessions,,,,,,,,,,,All,0,,,"[""General"",""OBC"",""SC"",""ST""]",Both,Ongoing,Active,https://www.swavlambancard.gov.in/,"[""udid"",""swavlamban"",""disability id"",""pwd"",""certificate""]",0,,2026-08-16T18:09:55.771096,2026-08-16T18:09:55.771098
a63f6a96-f828-4013-87ca-304359a2f701,National Handicapped Finance and Development Corporation (NHFDC) Schemes - Detailed,Ministry of Social Justice and Empowerment,"NHFDC provides concessional credit and financial assistance to persons with disabilities for self-employment, education and skill development. It channels funds through state channelising agencies, banks and NGOs for livelihood and higher education support.",Business,Loan,Central,"[""Concessional loans for self-employment ventures"",""Education loans for professional and technical courses"",""Skill development and training support"",""Lower interest rates for persons with disabilities"",""Repayment assistance and subsidies in some components""]","[""Persons with benchmark disabilities (40% or more)"",""Age and income criteria as per specific NHFDC scheme"",""Who is NOT eligible: Persons without valid disability certificate""]","[""Aadhaar Card"",""Disability Certificate / UDID"",""Income proof"",""Project report or admission proof"",""Bank Account details""]",2500000,Concessional Loans for Self-Employment & Education of PwDs,5.0,120,false,12,0.0,"[""NHFDC"",""State Channelising Agencies"",""Banks""]",,,,,All,18,60,,"[""General"",""OBC"",""SC"",""ST""]",Both,Ongoing,Active,https://www.nhfdc.nic.in/,"[""nhfdc"",""disability loan"",""pwd"",""self employment"",""concessional credit""]",0,,2026-08-16T18:09:55.771123,2026-08-16T18:09:55.771124
013bd948-b615-4e43-aa11-d4b7ae7c254d,Support for Marginalized Individuals for Livelihood and Enterprise (SMILE) - Detailed,Ministry of Social Justice and Empowerment,"SMILE is a comprehensive scheme for the welfare, rehabilitation and livelihood of transgender persons and persons engaged in begging. It provides shelter, medical care, counselling, education, skill development and livelihood opportunities.",Social Welfare,Scheme,Central,"[""Rehabilitation and skill development support"",""Medical care and counselling services"",""Education and livelihood opportunities"",""Shelter and social integration support"",""Focus on transgender persons and people engaged in begging""]","[""Transgender persons and persons engaged in the act of begging"",""As per identification and guidelines of the scheme"",""Who is NOT eligible: Persons not belonging to the target groups""]","[""Aadhaar Card"",""Transgender identity certificate / relevant proof"",""Bank Account details"",""Photographs""]",,"Rehabilitation, Skill & Livelihood Support for Transgender & Beggars",,,,,,,,,,,All,,,,"[""General"",""OBC"",""SC"",""ST""]",Both,Ongoing,Active,https://socialjustice.gov.in/ or SMILE related portal,"[""smile"",""transgender"",""begging rehabilitation"",""livelihood"",""social justice""]",0,,2026-08-16T18:09:55.771141,2026-08-16T18:09:55.771142
75f671e0-abae-4e69-b1fd-26425acdcd9f,Pradhan Mantri Adarsh Gram Yojana (PMAGY) - Detailed,Ministry of Social Justice and Empowerment,PMAGY aims at integrated development of selected villages with a significant Scheduled Caste population by converging various central and state schemes and providing gap-filling funds for infrastructure and livelihood activities.,Social Welfare,Scheme,Central,"[""Integrated development of SC-majority villages"",""Convergence of existing schemes plus gap-filling support"",""Infrastructure and livelihood improvement"",""Focus on education, health, sanitation and skill development""]","[""Villages selected under PMAGY with substantial SC population"",""Implemented through state and district agencies"",""Who is NOT eligible: Villages not selected under the scheme""]","[""Village selection and project plans at district level""]",,Integrated Development of SC-Majority Villages,,,,,,,,,,,All,,,,"[""SC""]",Rural,Ongoing,Active,https://socialjustice.gov.in/,"[""pmagy"",""adarsh gram"",""sc village"",""integrated development""]",0,,2026-08-16T18:09:55.771157,2026-08-16T18:09:55.771158
7d4e4fbe-e086-432c-9272-3ca51332538a,Venture Capital Fund for Scheduled Castes (VCF-SC) - Detailed,Ministry of Social Justice and Empowerment / IFCI Venture,Venture Capital Fund for Scheduled Castes provides concessional finance to SC entrepreneurs for setting up or expanding growth-oriented businesses. It aims to promote entrepreneurship among Scheduled Castes through equity and soft loan support.,Business,Loan,Central,"[""Concessional finance / soft loans for SC entrepreneurs"",""Support for growth-oriented projects"",""Equity participation in some cases"",""Mentoring and handholding support"",""Encourages SC entrepreneurship and wealth creation""]","[""Entrepreneurs belonging to Scheduled Castes"",""Viable growth-oriented projects meeting fund criteria"",""Who is NOT eligible: Non-SC entrepreneurs""]","[""Aadhaar Card"",""SC Caste Certificate"",""Project report / business plan"",""Company documents"",""Financial projections""]",15000000,Concessional Finance for SC Entrepreneurs (Venture Capital Style),8.0,96,false,24,0.0,"[""IFCI Venture / Fund Managers""]",,,,,All,18,65,,"[""SC""]",Both,Ongoing,Active,https://www.vcfsc.in/ or socialjustice.gov.in,"[""vcf-sc"",""venture capital"",""sc entrepreneur"",""concessional finance""]",0,,2026-08-16T18:09:55.771181,2026-08-16T18:09:55.771183
8d03e6fb-0b23-460a-8813-e5e56ea37991,Integrated Programme for Senior Citizens (IPSrC) - Detailed,Ministry of Social Justice and Empowerment,"IPSrC provides financial assistance to organisations for running and maintaining old age homes, continuous care homes, mobile medicare units and other programmes for the welfare of senior citizens.",Social Welfare,Scheme,Central,"[""Support for old age homes and continuous care facilities"",""Mobile medicare units for senior citizens"",""Physiotherapy and rehabilitation support in components"",""Improved care and dignity for elderly""]","[""Registered organisations running eligible projects for senior citizens"",""Who is NOT eligible: Individuals applying for personal cash benefits under this scheme""]","[""Organisation registration and project proposals""]",,Support for Old Age Homes & Senior Citizen Care Programmes,,,,,,,,,,,All,60,,,"[""General"",""OBC"",""SC"",""ST""]",Both,Ongoing,Active,https://socialjustice.gov.in/,"[""ipsrc"",""senior citizens"",""old age home"",""elderly care""]",0,,2026-08-16T18:10:19.593110,2026-08-16T18:10:19.593124
5ac3d55a-71b5-4949-9f74-fd30942d8211,Pradhan Mantri Mudra Yojana (PMMY) - Comprehensive,Ministry of Finance / SIDBI / MUDRA,"PMMY provides collateral-free loans up to Rs 20 lakh to non-corporate, non-farm small and micro enterprises under Shishu, Kishore, Tarun and Tarun Plus categories to fund the unfunded and promote entrepreneurship.",Business,Loan,Central,"[""Collateral-free loans up to Rs 20 lakh"",""Categories: Shishu, Kishore, Tarun, Tarun Plus"",""Support for income generating activities"",""Helps build credit history for small entrepreneurs""]","[""Non-corporate, non-farm small/micro enterprises"",""Indian citizen with viable business plan"",""Age generally 18+"",""Who is NOT eligible: Large corporates and farm sector primary activities in pure form""]","[""Aadhaar Card"",""PAN if available"",""Business plan / project details"",""Identity and address proof"",""Bank Account details""]",2000000,Collateral-Free Loan up to Rs 20 Lakh (Mudra),9.5,60,false,6,0.0,"[""All Banks"",""NBFCs"",""MFIs"",""RRBs""]",,,,,All,18,65,,"[""General"",""OBC"",""SC"",""ST""]",Both,Ongoing,Active,https://www.mudra.org.in/ or https://udyamimitra.in/,"[""mudra"",""pmmy"",""shishu"",""kishore"",""tarun"",""collateral free""]",0,,2026-08-16T18:11:33.616595,2026-08-16T18:11:33.616649
04a7e34d-fe12-4864-a60e-958672ec1307,Stand-Up India Scheme - Comprehensive,Department of Financial Services / SIDBI,Stand-Up India facilitates bank loans between Rs 10 lakh and Rs 1 crore to at least one Scheduled Caste or Scheduled Tribe borrower and at least one woman borrower per bank branch for setting up a greenfield enterprise.,Business,Loan,Central,"[""Bank loans from Rs 10 lakh to Rs 1 crore"",""Focus on SC/ST and women entrepreneurs"",""Composite loan (term + working capital)"",""Handholding support for project preparation and bank linkage"",""Repayment period up to 7 years with moratorium""]","[""SC or ST or Woman entrepreneur aged 18 years and above"",""Greenfield project only"",""Not a defaulter of any bank/financial institution"",""Who is NOT eligible: Existing enterprises (non-greenfield) for the core scheme window""]","[""Aadhaar Card"",""Caste certificate for SC/ST"",""Project report"",""Identity and address proof"",""Bank statements""]",10000000,Rs 10 Lakh to 1 Crore Loan for SC/ST & Women Greenfield Enterprises,9.5,84,false,12,0.0,"[""All Scheduled Commercial Banks""]",,,,,All,18,65,,"[""SC"",""ST""]",Both,Ongoing,Active,https://www.standupmitra.in/,"[""stand up india"",""women entrepreneur"",""sc st loan"",""greenfield""]",0,,2026-08-16T18:11:33.616683,2026-08-16T18:11:33.616706
309351b7-5e8a-4e68-8a61-982cc180b7ed,Prime Minister's Employment Generation Programme (PMEGP) - Comprehensive,"Ministry of Micro, Small and Medium Enterprises / KVIC",PMEGP is a credit-linked subsidy scheme for generating self-employment opportunities through establishment of micro-enterprises in the non-farm sector. Margin money subsidy is provided by the government on the bank loan.,Business,Loan,Central,"[""Margin money subsidy 15-35% of project cost (higher for special categories and rural/NE areas)"",""Bank finance for the balance project cost"",""Project cost ceiling Rs 50 lakh (manufacturing) / Rs 20 lakh (service)"",""EDP training support"",""Only for new units""]","[""Individuals above 18 years, SHGs, societies, trusts, etc."",""Only new projects (no existing unit assistance)"",""Educational qualification criteria for higher project costs"",""Who is NOT eligible: Existing units and those who have already availed government subsidy for the same purpose""]","[""Aadhaar Card"",""Project report"",""Educational certificate if applicable"",""Caste certificate for higher subsidy"",""Bank Account details""]",5000000,15-35% Margin Money Subsidy + Bank Loan for New Micro Enterprises,11.0,84,false,12,0.0,"[""Banks through KVIC / DIC / KVIB""]",,,,,All,18,,,"[""General"",""OBC"",""SC"",""ST""]",Both,Ongoing,Active,https://www.kviconline.gov.in/pmegpeportal/,"[""pmegp"",""margin money"",""self employment"",""kvic"",""micro enterprise""]",0,,2026-08-16T18:11:33.616762,2026-08-16T18:11:33.616764
88fbe21a-7671-4f4a-987b-d9048d1512da,Credit Guarantee Fund Trust for Micro and Small Enterprises (CGTMSE) - Detailed,"Ministry of Micro, Small and Medium Enterprises / SIDBI",CGTMSE provides credit guarantee cover to Member Lending Institutions for collateral-free or reduced-collateral loans to Micro and Small Enterprises. It encourages banks to lend to MSEs without insisting on collateral security.,Business,Loan,Central,"[""Credit guarantee cover up to a high percentage of the loan amount"",""Enables collateral-free lending to MSEs"",""Covers both term loans and working capital"",""Supports new and existing micro and small enterprises"",""Wide coverage across banks and NBFCs""]","[""New and existing Micro and Small Enterprises"",""Loans extended by Member Lending Institutions under CGTMSE"",""Who is NOT eligible: Medium enterprises beyond MSE definition and large corporates""]","[""Udyam Registration"",""Project report / business plan"",""KYC documents"",""Financial statements if existing unit""]",50000000,Credit Guarantee for Collateral-Free MSE Loans,10.0,84,false,6,0.0,"[""Member Banks and NBFCs under CGTMSE""]",,,,,All,18,,,"[""General"",""OBC"",""SC"",""ST""]",Both,Ongoing,Active,https://www.cgtmse.in/,"[""cgtmse"",""credit guarantee"",""mse"",""collateral free"",""sidbi""]",0,,2026-08-16T18:11:33.616786,2026-08-16T18:11:33.616787
a8394713-03af-4527-83ae-0f74496f1b2b,Credit Guarantee Scheme for Startups (CGSS) - Detailed,Department for Promotion of Industry and Internal Trade (DPIIT),CGSS provides credit guarantee cover to Member Institutions for loans extended to DPIIT-recognised startups. It enables collateral-free or reduced-collateral lending by covering a significant portion of the default risk.,Business,Loan,Central,"[""Credit guarantee cover for startup loans (high coverage percentages)"",""Facilitates collateral-free lending to startups"",""Supports DPIIT-recognised innovative startups"",""Encourages banks and NBFCs to lend to early-stage companies""]","[""DPIIT-recognised startups"",""Loan from a Member Institution under CGSS"",""Who is NOT eligible: Non-recognised entities and traditional MSMEs not qualifying as startups""]","[""DPIIT Startup recognition certificate"",""Business plan / pitch"",""KYC of founders"",""Financial projections"",""Bank Account details""]",200000000,Credit Guarantee for Collateral-Free Startup Loans,11.0,60,false,6,0.0,"[""Member Banks and NBFCs under CGSS""]",,,,,All,18,,,"[""General"",""OBC"",""SC"",""ST""]",Both,Ongoing,Active,https://www.startupindia.gov.in/,"[""cgss"",""startup"",""credit guarantee"",""dpiit"",""collateral free""]",0,,2026-08-16T18:11:33.616803,2026-08-16T18:11:33.616804
b7049518-532a-479d-9033-e0fc1e7f9cdf,Startup India Seed Fund Scheme (SISFS) - Detailed,Department for Promotion of Industry and Internal Trade (DPIIT),"Startup India Seed Fund Scheme provides financial assistance to early-stage startups for proof of concept, prototype development, product trials, market entry and commercialization through eligible incubators in the form of grants and debt/convertible instruments.",Business,Scheme,Central,"[""Grant up to Rs 20 lakh for validation of proof of concept and prototype"",""Investment support up to Rs 50 lakh as debt or convertible instruments"",""Access through approved incubators"",""Helps bridge early-stage funding gap"",""Mentorship and ecosystem support""]","[""DPIIT-recognised startups incorporated not more than 2 years ago"",""Must have a scalable business model with high potential"",""Who is NOT eligible: Startups that have already raised significant external equity beyond scheme limits""]","[""DPIIT Startup recognition"",""Company incorporation documents"",""Pitch deck / business plan"",""Incubator recommendation"",""Founder KYC""]",7000000,Up to Rs 70 Lakh (Grant + Investment) for Early-Stage Startups,,,,,,,,,,,All,18,,,"[""General"",""OBC"",""SC"",""ST""]",Both,Ongoing,Active,https://seedfund.startupindia.gov.in/,"[""startup india"",""seed fund"",""sisfs"",""grant"",""early stage""]",0,,2026-08-16T18:11:33.616840,2026-08-16T18:11:33.616842
c3d27f38-0859-4ea4-8703-3b0a32890e9f,Zero Defect Zero Effect (ZED) Certification Scheme - Detailed,"Ministry of Micro, Small and Medium Enterprises","ZED scheme encourages MSMEs to adopt zero defect processes and zero effect on the environment through assessment, certification, handholding and financial support for improving quality and environmental performance.",Business,Subsidy,Central,"[""Subsidy on cost of ZED certification and gap analysis"",""Handholding and training support"",""Improved quality, productivity and environmental performance"",""Recognition and preferential treatment in some government procurements"",""Levels of certification (Bronze, Silver, Gold)""]","[""Udyam registered Manufacturing MSMEs"",""Willing to undergo assessment and improvement process"",""Who is NOT eligible: Service sector MSMEs in pure form for manufacturing ZED focus""]","[""Udyam Registration"",""Application on ZED portal"",""Basic unit details""]",50000,Subsidy on ZED Certification for MSME Quality & Environment,,,,,,,80.0,50000,true,false,All,,,,"[""General"",""OBC"",""SC"",""ST""]",Both,Ongoing,Active,https://zed.msme.gov.in/,"[""zed"",""zero defect zero effect"",""msme"",""quality"",""certification""]",0,,2026-08-16T18:11:33.616866,2026-08-16T18:11:33.616868
1911672f-ebde-4e65-8d8a-969a1c54d80c,Scheme of Fund for Regeneration of Traditional Industries (SFURTI) - Detailed,"Ministry of Micro, Small and Medium Enterprises","SFURTI organises traditional industries and artisans into clusters to make them competitive and provide sustainable employment. It supports Common Facility Centres, infrastructure, capacity building, marketing and design interventions.",Business,Subsidy,Central,"[""Support for Common Facility Centres and infrastructure"",""Soft interventions for capacity building, design and marketing"",""Improved competitiveness of traditional industry clusters"",""Sustainable employment for artisans"",""Focus on khadi, coir, village industries and other traditional sectors""]","[""Traditional industry clusters and implementing agencies as per SFURTI guidelines"",""Artisans and enterprises in the cluster benefit through the interventions"",""Who is NOT eligible: Standalone individual units outside cluster approach""]","[""Cluster development proposals through Implementing Agencies"",""Artisan identity documents for benefits""]",,Cluster Support for Traditional Industries & Artisans,,,,,,,100.0,,false,false,All,18,,,"[""General"",""OBC"",""SC"",""ST""]",Both,Ongoing,Active,https://www.sfurti.msme.gov.in/,"[""sfurti"",""traditional industries"",""cluster"",""artisans"",""khadi""]",0,,2026-08-16T18:11:33.616908,2026-08-16T18:11:33.616910
c26fa03a-7f72-44b1-ba20-902635bd80cd,"A Scheme for Promotion of Innovation, Rural Industries and Entrepreneurship (ASPIRE) - Detailed","Ministry of Micro, Small and Medium Enterprises",ASPIRE promotes innovation and rural entrepreneurship through Livelihood Business Incubators and Technology Business Incubators. It supports creation of incubation centres and provides funding for innovative ideas in the agro-rural sector.,Business,Scheme,Central,"[""Support for setting up Livelihood and Technology Business Incubators"",""Funding and mentoring for rural and agro-based innovative enterprises"",""Skill development and entrepreneurship promotion in rural areas"",""Focus on job creation near rural clusters""]","[""Institutions and organisations setting up incubators under ASPIRE guidelines"",""Startups and innovators incubated under the supported centres"",""Who is NOT eligible: Purely urban non-agro innovation outside scheme focus""]","[""Proposals from eligible institutions"",""As per incubator guidelines for startups""]",,Incubation Support for Rural & Agro Innovation / Entrepreneurship,,,,,,,,,,,All,18,,,"[""General"",""OBC"",""SC"",""ST""]",Rural,Ongoing,Active,https://aspire.msme.gov.in/,"[""aspire"",""rural incubation"",""agro innovation"",""livelihood business incubator""]",0,,2026-08-16T18:11:33.616938,2026-08-16T18:11:33.616940
e8880a7b-77df-47b8-b489-8d316e10e815,National SC-ST Hub (NSSH) - Comprehensive,"Ministry of Micro, Small and Medium Enterprises","National SC-ST Hub provides professional support to Scheduled Caste and Scheduled Tribe entrepreneurs to fulfil the obligations under the Public Procurement Policy, facilitate sharing of business opportunities and mentor them for growth.",Business,Scheme,Central,"[""Mentorship and capacity building for SC/ST entrepreneurs"",""Support for public procurement participation"",""Market linkages and business opportunity sharing"",""Special credit related facilitation and subsidies in components"",""Vendor development programmes""]","[""SC and ST owned MSMEs and entrepreneurs"",""Who is NOT eligible: Non-SC/ST entrepreneurs for the core Hub benefits""]","[""Aadhaar Card"",""Caste Certificate"",""Udyam Registration"",""Business documents""]",,"Mentorship, Procurement & Credit Support for SC/ST Entrepreneurs",,,,,,,,,,,All,18,,,"[""SC"",""ST""]",Both,Ongoing,Active,https://www.scsthub.in/,"[""national sc st hub"",""nssh"",""sc st entrepreneur"",""public procurement""]",0,,2026-08-16T18:11:33.616955,2026-08-16T18:11:33.616956
60661d9e-9962-4b57-a9af-2c44710634c6,PM Surya Ghar: Muft Bijli Yojana - Comprehensive,Ministry of New and Renewable Energy,"PM Surya Ghar Muft Bijli Yojana provides substantial subsidy for installation of rooftop solar systems on residential houses so that households can generate their own electricity, reduce electricity bills and become energy self-reliant. The scheme targets one crore households with Direct Benefit Transfer of subsidy.",Energy,Subsidy,Central,"[""Subsidy up to 60% for systems up to 2 kW and 40% for additional capacity up to 3 kW"",""Free electricity up to certain units after installation"",""Reduced electricity bills and surplus power sale possibility"",""Environmental benefits and energy independence"",""Direct Benefit Transfer of subsidy""]","[""Residential households with suitable rooftop space and valid electricity connection"",""Must install through empanelled vendors"",""Who is NOT eligible: Commercial and industrial consumers for the household subsidy component""]","[""Aadhaar Card"",""Electricity bill"",""Proof of ownership or consent"",""Bank Account details"",""Photograph of rooftop""]",78000,Up to 60% Subsidy on Rooftop Solar for Homes,,,,,,,60.0,78000,true,true,All,18,,,"[""General"",""OBC"",""SC"",""ST""]",Both,Ongoing,Active,https://pmsuryaghar.gov.in/,"[""pm surya ghar"",""rooftop solar"",""muft bijli"",""subsidy"",""renewable""]",0,,2026-08-16T18:12:53.606506,2026-08-16T18:12:53.606567
4bd6d0c6-3191-4a1d-9c60-f9072991cde5,PM-KUSUM Scheme - Comprehensive Components,Ministry of New and Renewable Energy,"PM-KUSUM aims to provide energy security to farmers by promoting installation of solar pumps and grid-connected solar power plants on barren land. It has three components covering standalone solar pumps, solarisation of existing grid-connected pumps and solar power plants.",Agriculture,Subsidy,Central,"[""Subsidy on solar agricultural pumps"",""Solarisation of existing grid-connected pumps"",""Opportunity for farmers to sell surplus solar power"",""Reduced diesel and electricity costs for irrigation"",""Central and state financial assistance""]","[""Individual farmers, groups of farmers, cooperatives, panchayats, FPOs"",""Suitable land or existing pump connection as per component"",""Who is NOT eligible: Non-agricultural consumers for the farmer-focused components""]","[""Aadhaar Card"",""Land records / cultivation proof"",""Electricity connection details if applicable"",""Bank Account details""]",500000,Subsidy on Solar Pumps & Solarisation for Farmers,,,,,,,60.0,500000,true,true,All,18,,,"[""General"",""OBC"",""SC"",""ST""]",Rural,Ongoing,Active,https://pmkusum.mnre.gov.in/,"[""pm kusum"",""solar pump"",""farmer"",""renewable"",""subsidy""]",0,,2026-08-16T18:12:53.606601,2026-08-16T18:12:53.606602
e108769a-835a-411a-81ba-8c4248facb08,Unnat Jyoti by Affordable LEDs for All (UJALA) - Detailed,Ministry of Power / EESL,"UJALA scheme distributes energy-efficient LED bulbs, tube lights and fans at highly subsidised rates to households to reduce electricity consumption, lower bills and cut carbon emissions. It is one of the world's largest LED distribution programmes.",Energy,Subsidy,Central,"[""Highly affordable LED bulbs, tube lights and energy-efficient fans"",""Significant reduction in household electricity bills"",""Lower carbon footprint"",""Wide availability through DISCOMs and retail points"",""Improved lighting quality""]","[""Any domestic electricity consumer"",""Usually one or limited quantity per household as per phase"",""Who is NOT eligible: Commercial bulk consumers in pure domestic distribution phases""]","[""Electricity bill / consumer number"",""Identity proof in some cases""]",100,Subsidised / Affordable LED Bulbs & Energy Efficient Appliances,,,,,,,50.0,500,false,true,All,,,,"[""General"",""OBC"",""SC"",""ST""]",Both,Ongoing,Active,https://www.eeslindia.org/ or local DISCOM,"[""ujala"",""led"",""energy efficiency"",""eesl"",""bulb""]",0,,2026-08-16T18:12:53.606622,2026-08-16T18:12:53.606624
a0a72e14-fbc0-4649-936e-cb7af6c28565,Street Lighting National Programme (SLNP) - Detailed,Ministry of Power / EESL,"Street Lighting National Programme replaces conventional street lights with energy-efficient LED street lights across cities and towns. It is implemented by EESL on an ESCO model, reducing energy consumption and maintenance costs for Urban Local Bodies.",Energy,Scheme,Central,"[""Replacement of conventional street lights with LEDs"",""Significant energy and cost savings for municipalities"",""Better illumination and safety"",""Reduced carbon emissions"",""No upfront capital cost for ULBs in many cases under ESCO model""]","[""Urban Local Bodies and state agencies partnering with EESL"",""Who is NOT eligible: Individual households""]","[""Project agreements between EESL and ULB""]",,LED Street Lighting Replacement for Cities & Towns,,,,,,,,,,,All,,,,"[""General"",""OBC"",""SC"",""ST""]",Urban,Ongoing,Active,https://www.eeslindia.org/,"[""slnp"",""street lighting"",""led"",""eesl"",""energy efficiency""]",0,,2026-08-16T18:12:53.606638,2026-08-16T18:12:53.606639
315cdabe-77d2-4406-a58f-3a944da6e040,FAME India Scheme (Faster Adoption and Manufacturing of Electric Vehicles) - Residual / Current,Ministry of Heavy Industries,FAME India and subsequent electric mobility schemes provide demand incentives for electric vehicles and support for charging infrastructure to accelerate adoption of electric mobility and reduce dependence on fossil fuels.,Business,Subsidy,Central,"[""Demand incentive / subsidy on eligible electric two-wheelers, three-wheelers and four-wheelers"",""Support for public charging infrastructure"",""Promotion of domestic EV manufacturing"",""Reduced upfront cost of electric vehicles""]","[""Buyers of eligible electric vehicles meeting localisation and technical criteria"",""Purchase from registered dealers"",""Who is NOT eligible: Vehicles not meeting scheme technical and local content requirements""]","[""Aadhaar Card"",""Vehicle invoice"",""Registration documents"",""Bank details if applicable""]",150000,EV Purchase Subsidy & Charging Infrastructure Support,,,,,,,40.0,150000,false,true,All,18,,,"[""General"",""OBC"",""SC"",""ST""]",Both,Ongoing,Active,https://heavyindustries.gov.in/ or FAME portal,"[""fame"",""electric vehicle"",""ev subsidy"",""e-mobility"",""charging""]",0,,2026-08-16T18:12:53.606654,2026-08-16T18:12:53.606656
5124c190-8cb4-4757-8fc3-b05610a7a690,National Electric Mobility Mission Plan / Related EV Support - Detailed,Ministry of Heavy Industries,"National Electric Mobility Mission and related programmes aim to promote hybrid and electric vehicles through demand incentives, manufacturing support, R&D and charging infrastructure to achieve energy security and environmental goals.",Business,Scheme,Central,"[""Policy support for electric and hybrid vehicles"",""Incentives for manufacturing and adoption"",""Charging infrastructure development"",""R&D and technology promotion"",""Contribution to reduced oil dependence""]","[""Manufacturers, consumers and infrastructure providers as per specific scheme components"",""Who is NOT eligible: Activities outside the notified EV policy framework""]","[""As per specific component guidelines""]",,Policy & Incentive Support for Electric Mobility,,,,,,,,,,,All,,,,"[""General"",""OBC"",""SC"",""ST""]",Both,Ongoing,Active,https://heavyindustries.gov.in/,"[""electric mobility"",""ev mission"",""hybrid"",""charging infrastructure""]",0,,2026-08-16T18:12:53.606669,2026-08-16T18:12:53.606670
c0902c1b-99cc-40bc-a79c-f5706a9e10e6,Pradhan Mantri Innovative Learning Programme (DHRUV) - Detailed,Ministry of Education,"DHRUV is a programme to identify and encourage talented children and help them realise their full potential in different fields such as science, performing arts, creative writing and other areas through mentoring and exposure.",Education,Scheme,Central,"[""Identification of gifted students"",""Mentoring by experts and institutions of excellence"",""Exposure visits and specialised training"",""Encouragement of talent in academics, arts and innovation""]","[""School students showing exceptional talent in identified fields"",""Selected through a rigorous process"",""Who is NOT eligible: Students not selected in the talent search""]","[""School recommendation / nomination documents"",""Aadhaar Card"",""Academic and achievement records""]",,Mentoring & Exposure for Gifted / Talented Students,,,,,,,,,,,All,10,18,,"[""General"",""OBC"",""SC"",""ST""]",Both,As per selection cycles,Active,https://www.education.gov.in/ or DHRUV related notifications,"[""dhruv"",""gifted students"",""talent"",""mentoring"",""innovative learning""]",0,,2026-08-16T18:12:53.606683,2026-08-16T18:12:53.606684
aa3d3a81-1023-4305-b3a1-a563366328ee,Top Class Education Scheme for SC Students - Detailed,Ministry of Social Justice and Empowerment,"The scheme provides full financial support including tuition fee, living expenses and other allowances to SC students for pursuing studies in notified institutions of excellence such as IITs, IIMs, AIIMS, NITs and other premier institutions.",Education,Scheme,Central,"[""Full tuition fee support"",""Living expenses and other allowances"",""Support for studying in premier institutions"",""Covers undergraduate and postgraduate courses in notified institutions""]","[""SC students securing admission in notified institutions of excellence"",""Family income within the prescribed limit"",""Who is NOT eligible: Students not admitted to the notified list of institutions""]","[""Aadhaar Card"",""SC Caste Certificate"",""Income Certificate"",""Admission letter from notified institution"",""Bank Account details""]",200000,Full Financial Support for SC Students in Premier Institutions,,,,,,,,,,,All,17,35,800000,"[""SC""]",Both,As per NSP / scheme notification,Active,https://scholarships.gov.in/,"[""top class education"",""sc students"",""iit iim"",""premier institutions"",""scholarship""]",0,,2026-08-16T18:12:53.606698,2026-08-16T18:12:53.606699
e83c2362-bd22-4445-b98d-11cfbd84c2b9,National Fellowship for Higher Education of ST Students - Detailed,Ministry of Tribal Affairs,The scheme provides fellowships to ST students for pursuing M.Phil. and Ph.D. programmes in universities and institutions recognised by UGC. It aims to increase the number of ST research scholars in higher education.,Education,Scheme,Central,"[""Fellowship amount for M.Phil. and Ph.D. scholars belonging to ST category"",""Contingency grant and other allowances"",""Support for research scholars"",""Encourages higher education and research among ST communities""]","[""ST students admitted to M.Phil. or Ph.D. programmes in recognised institutions"",""Who is NOT eligible: Students not belonging to ST category or not pursuing research degrees""]","[""Aadhaar Card"",""ST Caste Certificate"",""Admission proof"",""Research proposal details"",""Bank Account details""]",31000,Fellowship for ST Scholars in M.Phil. / Ph.D. Programmes,,,,,,,,,,,All,22,40,,"[""ST""]",Both,As per notification,Active,https://tribal.nic.in/ or UGC / NSP portals,"[""st fellowship"",""mphil"",""phd"",""tribal affairs"",""research""]",0,,2026-08-16T18:12:53.606712,2026-08-16T18:12:53.606713
2d0f4cfb-2647-431a-8f1a-4aaf7547cfe5,National Fellowship for OBC Students - Detailed,Ministry of Social Justice and Empowerment,The scheme provides fellowships to students belonging to Other Backward Classes for pursuing M.Phil. and Ph.D. in universities and institutions recognised by UGC to promote research among OBC communities.,Education,Scheme,Central,"[""Fellowship amount for M.Phil. and Ph.D. scholars belonging to OBC category"",""Contingency grant and other allowances"",""Support for research scholars"",""Encourages higher education and research among OBC communities""]","[""OBC students admitted to M.Phil. or Ph.D. programmes in recognised institutions"",""Family income within prescribed limits in some years"",""Who is NOT eligible: Students not belonging to OBC category""]","[""Aadhaar Card"",""OBC Certificate"",""Income Certificate if required"",""Admission proof"",""Bank Account details""]",31000,Fellowship for OBC Scholars in M.Phil. / Ph.D. Programmes,,,,,,,,,,,All,22,40,800000,"[""OBC""]",Both,As per notification,Active,https://socialjustice.gov.in/ or UGC / NSP portals,"[""obc fellowship"",""mphil"",""phd"",""research"",""social justice""]",0,,2026-08-16T18:12:53.606725,2026-08-16T18:12:53.606726
021572f9-ac4e-4ff1-b1f0-573cb0c715e2,Beti Bachao Beti Padhao (BBBP) - Comprehensive,Ministry of Women and Child Development,"Beti Bachao Beti Padhao is a multi-sectoral national initiative to address the declining Child Sex Ratio and related issues of empowerment of the girl child through advocacy, education, health and protection interventions.",Social Welfare,Scheme,Central,"[""Awareness and advocacy for the value of the girl child"",""Support for education and enrolment of girls"",""Convergence with health, nutrition and protection schemes"",""District-level action plans in focused districts"",""Improved sex ratio and girl child empowerment indicators""]","[""Girl children and families across India with focused interventions in selected districts"",""Open awareness and convergence programme"",""Who is NOT eligible: Not a direct individual cash transfer scheme; benefits flow through programmes""]","[""Aadhaar for related education/health linkages"",""School enrolment documents for education components""]",,"National Mission for Girl Child Survival, Protection & Education",,,,,,,,,,,Female,0,18,,"[""General"",""OBC"",""SC"",""ST""]",Both,Ongoing,Active,https://wcd.nic.in/ or BBBP related state portals,"[""beti bachao beti padhao"",""bbbp"",""girl child"",""sex ratio"",""education""]",0,,2026-08-16T18:14:04.499777,2026-08-16T18:14:04.499861
07b1a732-7140-4e61-97d3-e4960f664905,Scheme for Adolescent Girls (SAG) under Saksham Anganwadi & Poshan 2.0 - Comprehensive,Ministry of Women and Child Development,"The Scheme for Adolescent Girls aims to improve the nutritional and health status of out-of-school adolescent girls, promote awareness about health, hygiene and nutrition, and provide life skills and vocational training support through Anganwadi centres.",Healthcare,Scheme,Central,"[""Supplementary nutrition for adolescent girls"",""Health check-up and referral services"",""Nutrition and health education"",""Life skills education and vocational guidance in components"",""Support through Anganwadi network""]","[""Out-of-school adolescent girls in the target age group (mainly 11–14 years or as notified)"",""Registered at Anganwadi centres"",""Who is NOT eligible: School-going girls already covered under other mid-day meal or school programmes in many cases""]","[""Aadhaar Card"",""Age proof"",""Anganwadi registration""]",,Nutrition & Life Skills Support for Adolescent Girls,,,,,,,,,,,Female,11,18,,"[""General"",""OBC"",""SC"",""ST""]",Both,Ongoing,Active,https://wcd.nic.in/ or Anganwadi / Poshan portals,"[""scheme for adolescent girls"",""sag"",""nutrition"",""anganwadi"",""adolescent""]",0,,2026-08-16T18:14:04.499901,2026-08-16T18:14:04.499903
a5a6df0d-29bc-4106-9764-5f2b1b3ad970,Working Women Hostel Scheme - Detailed,Ministry of Women and Child Development,The scheme provides financial assistance for construction or expansion of hostel buildings for working women and day care centres for their children. It aims to promote safe and affordable accommodation for working women away from their hometowns.,Social Welfare,Scheme,Central,"[""Grant-in-aid for construction / expansion of working women hostels"",""Support for day care centres for children of working women"",""Safe and affordable accommodation"",""Encourages women's participation in workforce""]","[""Organisations (government, local bodies, NGOs, trusts) eligible to construct or run hostels"",""Working women in need of accommodation benefit as residents"",""Who is NOT eligible: Individuals applying for personal construction assistance""]","[""Organisation registration and project proposals"",""Land documents and technical plans""]",,Support for Construction / Running of Working Women Hostels,,,,,,,,,,,Female,18,,,"[""General"",""OBC"",""SC"",""ST""]",Both,Ongoing,Active,https://wcd.nic.in/,"[""working women hostel"",""women safety"",""accommodation"",""day care""]",0,,2026-08-16T18:14:04.499923,2026-08-16T18:14:04.499925
63e9aab5-03d7-45da-9d96-698140bbd907,One Stop Centre (Sakhi) Scheme - Detailed,Ministry of Women and Child Development,"One Stop Centres (Sakhi) provide integrated support and assistance under one roof to women affected by violence, including medical, legal, psychological and counselling support, temporary shelter and police facilitation.",Social Welfare,Scheme,Central,"[""Integrated support to women affected by violence"",""Medical aid, legal aid, counselling and temporary shelter"",""Police facilitation and referral services"",""24x7 support in many centres"",""Empowerment and rehabilitation support""]","[""Women and girls affected by violence (domestic, sexual, workplace, etc.)"",""Open access without income restriction"",""Who is NOT eligible: None for the core support services""]","[""Identity proof preferred (Aadhaar)"",""As required for specific services""]",,Integrated Support Centre for Women Affected by Violence,,,,,,,,,,,Female,,,,"[""General"",""OBC"",""SC"",""ST""]",Both,Ongoing,Active,https://wcd.nic.in/ or local One Stop Centre / Sakhi,"[""one stop centre"",""sakhi"",""women violence"",""support"",""shelter""]",0,,2026-08-16T18:14:04.499941,2026-08-16T18:14:04.499942
fcdc604f-ad20-461d-835f-49c15d8f609d,Women Helpline Scheme (181) - Detailed,Ministry of Women and Child Development,"The Women Helpline (181) provides 24-hour emergency response to women affected by violence through referral to police, hospitals, One Stop Centres and other support services. It is a universal emergency number for women in distress.",Social Welfare,Scheme,Central,"[""24x7 toll-free emergency response"",""Referral to police, medical and support services"",""Information and counselling support"",""Integration with One Stop Centres and other schemes""]","[""Any woman in distress or needing information / support"",""No documentation required for calling"",""Who is NOT eligible: None for the helpline service""]","[""None for calling the helpline""]",,24x7 Women Helpline (181) for Emergency Support,,,,,,,,,,,Female,,,,"[""General"",""OBC"",""SC"",""ST""]",Both,Ongoing,Active,Call 181 or https://wcd.nic.in/,"[""women helpline"",""181"",""emergency"",""violence support""]",0,,2026-08-16T18:14:04.499957,2026-08-16T18:14:04.499958
5fe16896-cdc1-495c-be45-1a87f76f54fb,Mahila Shakti Kendra Scheme - Detailed,Ministry of Women and Child Development,"Mahila Shakti Kendra aims to empower rural women through community participation, awareness generation, skill development and facilitation of access to government schemes and services at the village and block level.",Social Welfare,Scheme,Central,"[""Community-based awareness and mobilisation of rural women"",""Skill development and capacity building"",""Facilitation of access to government schemes"",""Support for women's collectives and leadership"",""Convergence with other women-centric programmes""]","[""Rural women in the selected blocks and villages"",""Implemented through state and district agencies"",""Who is NOT eligible: Purely urban-focused interventions under this scheme""]","[""As per local facilitation requirements""]",,Rural Women Empowerment through Community Support & Skill,,,,,,,,,,,Female,18,,,"[""General"",""OBC"",""SC"",""ST""]",Rural,Ongoing,Active,https://wcd.nic.in/,"[""mahila shakti kendra"",""rural women"",""empowerment"",""skill"",""awareness""]",0,,2026-08-16T18:14:04.499971,2026-08-16T18:14:04.499972
67272ca8-f483-4fc8-b700-1585df530387,Nari Shakti Puraskar - Detailed,Ministry of Women and Child Development,Nari Shakti Puraskar is the highest civilian honour for women in India conferred by the President on International Women's Day. It recognises exceptional contribution of women and institutions in the field of women empowerment.,Social Welfare,Scheme,Central,"[""National recognition and award"",""Cash prize component in many years"",""Inspiration and visibility for women achievers"",""Encourages excellence in women empowerment work""]","[""Women and institutions making outstanding contribution to women empowerment"",""Nominations invited annually"",""Who is NOT eligible: Self-nominations are generally not accepted in standard process""]","[""Nomination forms and supporting documents as per annual notification""]",200000,Highest Civilian Honour & Recognition for Women Achievers,,,,,,,,,,,Female,,,,"[""General"",""OBC"",""SC"",""ST""]",Both,As per annual notification,Active,https://wcd.nic.in/,"[""nari shakti puraskar"",""women award"",""recognition"",""empowerment""]",0,,2026-08-16T18:14:04.500011,2026-08-16T18:14:04.500012
a8277b53-3899-40e1-b354-d13036231f32,Gender Budgeting Scheme - Detailed,Ministry of Women and Child Development,"Gender Budgeting is a strategy for ensuring that the benefits of development reach women as much as men. The scheme supports training, research and capacity building of government functionaries for gender responsive budgeting and planning.",Social Welfare,Scheme,Central,"[""Capacity building of government officers on gender budgeting"",""Research and documentation support"",""Tools and manuals for gender analysis of budgets"",""Promotes gender-responsive public expenditure""]","[""Central and state government departments and training institutions"",""Who is NOT eligible: Direct individual cash benefits are not part of this scheme""]","[""Proposals from eligible institutions""]",,Capacity Building for Gender-Responsive Budgeting & Planning,,,,,,,,,,,All,,,,"[""General"",""OBC"",""SC"",""ST""]",Both,Ongoing,Active,https://wcd.nic.in/,"[""gender budgeting"",""capacity building"",""women empowerment"",""planning""]",0,,2026-08-16T18:14:04.500078,2026-08-16T18:14:04.500080
427caf2d-3fdc-424f-aa11-fdec98465624,Ujjawala Scheme for Prevention of Trafficking - Detailed,Ministry of Women and Child Development,"Ujjawala is a comprehensive scheme for prevention of trafficking, rescue, rehabilitation, reintegration and repatriation of victims of trafficking for commercial sexual exploitation. It supports protective homes and rehabilitation services.",Social Welfare,Scheme,Central,"[""Prevention and awareness activities"",""Rescue operations support"",""Rehabilitation through protective homes"",""Skill training and reintegration support"",""Repatriation assistance for cross-border victims""]","[""Victims of trafficking for commercial sexual exploitation"",""Organisations running approved projects"",""Who is NOT eligible: Non-trafficking related cases for the core components""]","[""As per rescue and rehabilitation process"",""Organisation project documents""]",,"Prevention, Rescue & Rehabilitation of Trafficking Victims",,,,,,,,,,,Female,,,,"[""General"",""OBC"",""SC"",""ST""]",Both,Ongoing,Active,https://wcd.nic.in/,"[""ujjawala"",""trafficking"",""rescue"",""rehabilitation"",""women""]",0,,2026-08-16T18:14:04.500124,2026-08-16T18:14:04.500127
e21bbc2f-7709-4416-bf92-a42544c9284d,Swadhar Greh Scheme - Detailed,Ministry of Women and Child Development,"Swadhar Greh scheme provides temporary residential accommodation, food, clothing, medical and counselling services to women in difficult circumstances who are without any social or economic support.",Social Welfare,Scheme,Central,"[""Temporary shelter and basic needs support"",""Counselling and emotional support"",""Skill development and rehabilitation assistance"",""Medical and legal aid facilitation"",""Support for women in distress including destitute, widows and survivors of violence""]","[""Women in difficult circumstances without social or economic support"",""As per scheme guidelines for admission to Swadhar Greh"",""Who is NOT eligible: Women with adequate family support in normal circumstances""]","[""Identity proof preferred"",""As required by the implementing agency""]",,Temporary Shelter & Support for Women in Difficult Circumstances,,,,,,,,,,,Female,18,,,"[""General"",""OBC"",""SC"",""ST""]",Both,Ongoing,Active,https://wcd.nic.in/ or local Swadhar Greh,"[""swadhar greh"",""shelter home"",""women in distress"",""rehabilitation""]",0,,2026-08-16T18:14:04.500148,2026-08-16T18:14:04.500149
b456989f-7ac8-415e-8758-96ffa014ce32,Pradhan Mantri Garib Kalyan Anna Yojana (PMGKAY) - Detailed,"Ministry of Consumer Affairs, Food and Public Distribution",PMGKAY provides free foodgrains (rice or wheat) to all Antyodaya and Priority Household beneficiaries under the National Food Security Act. It was expanded during the COVID period and continues as a major food security support measure for the poor.,Social Welfare,Scheme,Central,"[""Free foodgrains (5 kg per person per month) over and above NFSA entitlements in many phases"",""Support to Antyodaya and Priority Households"",""Direct distribution through Fair Price Shops"",""Major food security safety net for the poor""]","[""All Antyodaya Anna Yojana (AAY) and Priority Household (PHH) ration card holders under NFSA"",""Who is NOT eligible: Households not covered under NFSA ration cards""]","[""Ration Card (AAY or Priority)"",""Aadhaar Card preferred for authentication""]",,Free Foodgrains for NFSA Beneficiaries (PMGKAY),,,,,,,,,,,All,,,,"[""General"",""OBC"",""SC"",""ST""]",Both,Ongoing / as extended,Active,https://nfsa.gov.in/ or local Fair Price Shop,"[""pmgkay"",""free ration"",""food security"",""nfsa"",""antyodaya""]",0,,2026-08-17T05:11:09.259881,2026-08-17T05:11:09.260013
c1a9c376-5fae-4931-97e0-cf57e9c9a4a8,National Food Security Act (NFSA) / Targeted Public Distribution System - Detailed,"Ministry of Consumer Affairs, Food and Public Distribution","The National Food Security Act provides legal entitlement to highly subsidised foodgrains to about two-thirds of the population. Under TPDS, Antyodaya and Priority Households receive rice, wheat and coarse grains at highly subsidised rates through Fair Price Shops.",Social Welfare,Scheme,Central,"[""Highly subsidised foodgrains (rice/wheat/coarse grains)"",""Antyodaya households receive 35 kg per family per month"",""Priority households receive 5 kg per person per month"",""Legal entitlement under NFSA"",""Aadhaar seeding and e-POS for transparency""]","[""Households identified as Antyodaya or Priority under state guidelines and SECC-based criteria"",""Who is NOT eligible: Households not included in the NFSA beneficiary list""]","[""Ration Card"",""Aadhaar Card for authentication""]",,Highly Subsidised Foodgrains under NFSA / TPDS,,,,,,,,,,,All,,,,"[""General"",""OBC"",""SC"",""ST""]",Both,Ongoing,Active,https://nfsa.gov.in/,"[""nfsa"",""tpds"",""ration"",""food security"",""antyodaya""]",0,,2026-08-17T05:11:09.260068,2026-08-17T05:11:09.260070
6a67dde1-bde4-42cf-8b69-047ea6df9ad2,One Nation One Ration Card (ONORC) - Detailed,"Ministry of Consumer Affairs, Food and Public Distribution",One Nation One Ration Card enables inter-state and intra-state portability of ration cards so that migrant workers and their families can access subsidised foodgrains from any Fair Price Shop in the country using their existing ration card.,Social Welfare,Scheme,Central,"[""Portability of ration benefits across states and districts"",""Migrant workers can access foodgrains from any FPS"",""Aadhaar-based authentication for transparent delivery"",""Supports food security for mobile populations""]","[""Existing NFSA ration card holders (AAY and Priority)"",""Aadhaar seeding of family members preferred"",""Who is NOT eligible: Households without valid NFSA ration cards""]","[""Ration Card"",""Aadhaar Card of the member collecting ration""]",,Nationwide Portability of Ration Benefits for Migrants,,,,,,,,,,,All,,,,"[""General"",""OBC"",""SC"",""ST""]",Both,Ongoing,Active,https://nfsa.gov.in/ or Impds portal,"[""onorc"",""one nation one ration card"",""migrant"",""portability"",""ration""]",0,,2026-08-17T05:11:09.260093,2026-08-17T05:11:09.260094
bf5128d4-9d8d-405a-adb7-da98a1d46079,Pradhan Mantri Ujjwala Yojana (PMUY) 2.0 / Current - Detailed,Ministry of Petroleum and Natural Gas,"PMUY provides free LPG connections to women from poor households to promote clean cooking fuel, improve health and reduce the burden of collecting firewood. PMUY 2.0 continues the expansion with additional support for first refill and stove in eligible cases.",Social Welfare,Subsidy,Central,"[""Deposit-free LPG connection in the name of the woman"",""Support for first refill and stove in eligible cases"",""Improved indoor air quality and health"",""Women empowerment through cleaner cooking fuel""]","[""Woman from a poor household (as per SECC or state-identified criteria)"",""No existing LPG connection in the household"",""Adult woman as the beneficiary"",""Who is NOT eligible: Households already having LPG connection""]","[""Aadhaar Card"",""BPL / ration card / SECC related proof"",""Bank Account details"",""Passport size photograph"",""Proof of address""]",1600,Free LPG Connection for Women from Poor Households,,,,,,,100.0,1600,true,true,Female,18,,,"[""General"",""OBC"",""SC"",""ST""]",Both,Ongoing,Active,https://www.pmuy.gov.in/,"[""pmuy"",""ujjwala"",""lpg"",""women"",""clean cooking""]",0,,2026-08-17T05:11:09.260150,2026-08-17T05:11:09.260152
ddfec6c5-7f09-4c00-b764-765c2afa4ef1,PAHAL (DBTL) - Direct Benefit Transfer for LPG - Detailed,Ministry of Petroleum and Natural Gas,"PAHAL (Pratyaksh Hanstantrit Labh) is the Direct Benefit Transfer scheme for LPG subsidy. Consumers receive the subsidy amount directly in their bank accounts after purchasing LPG cylinders at market price, ensuring targeted delivery of subsidy.",Finance,Subsidy,Central,"[""Direct transfer of LPG subsidy into bank account"",""Transparent and targeted subsidy delivery"",""Eliminates diversion of subsidised cylinders"",""Consumers can choose to give up subsidy under GiveItUp campaign""]","[""Domestic LPG consumers with Aadhaar and bank account seeded"",""Who is NOT eligible: Commercial LPG consumers and those who have given up subsidy""]","[""Aadhaar Card"",""Bank Account details"",""LPG consumer number""]",,Direct Bank Transfer of LPG Subsidy (PAHAL),,,,,,,,,true,false,All,18,,,"[""General"",""OBC"",""SC"",""ST""]",Both,Ongoing,Active,https://my.lpg.gov.in/ or Oil Marketing Company portals,"[""pahal"",""dbtl"",""lpg subsidy"",""direct benefit transfer""]",0,,2026-08-17T05:11:09.260173,2026-08-17T05:11:09.260174
aa1fe87b-0255-47ab-9be1-e7c81de7dda4,Pradhan Mantri Kisan Samman Nidhi (PM-KISAN) - Detailed,Ministry of Agriculture and Farmers Welfare,"PM-KISAN provides income support of Rs 6,000 per year to all landholding farmer families across the country in three equal instalments of Rs 2,000 each. The amount is transferred directly to the bank accounts of the beneficiaries.",Agriculture,Scheme,Central,"[""Rs 6,000 per year in three instalments of Rs 2,000"",""Direct Benefit Transfer to farmer bank accounts"",""Support for all landholding farmer families"",""Helps meet agricultural and household needs""]","[""All landholding farmer families (as defined under the scheme)"",""Subject to exclusion criteria (institutional landholders, higher income taxpayers, etc.)"",""Who is NOT eligible: Institutional landholders, former and present holders of constitutional posts, higher income professionals and income tax payers as per exclusion list""]","[""Aadhaar Card"",""Land records"",""Bank Account details"",""Mobile number""]",6000,"Rs 6,000 per year Income Support to Farmer Families",,,,,,,,,,,All,18,,,"[""General"",""OBC"",""SC"",""ST""]",Rural,Ongoing,Active,https://pmkisan.gov.in/,"[""pm-kisan"",""kisan samman nidhi"",""farmer income support"",""dbt""]",0,,2026-08-17T05:11:09.260190,2026-08-17T05:11:09.260191
3a3dfe00-8fa2-438b-acac-61f51e769c30,Kisan Credit Card (KCC) for Animal Husbandry and Fisheries - Detailed,"Ministry of Fisheries, Animal Husbandry and Dairying / Ministry of Agriculture","The Kisan Credit Card scheme has been extended to animal husbandry and fisheries farmers to provide short-term working capital for dairy, poultry, fisheries and related activities at concessional interest rates with interest subvention benefits.",Agriculture,Loan,Central,"[""Working capital credit for animal husbandry and fisheries activities"",""Interest subvention benefits similar to crop KCC"",""Flexible withdrawal and repayment"",""Supports dairy, poultry, goatry, fisheries and related livelihoods""]","[""Farmers engaged in animal husbandry or fisheries activities"",""Existing or new KCC holders"",""Who is NOT eligible: Purely non-agricultural non-allied activities""]","[""Aadhaar Card"",""Proof of animal husbandry / fisheries activity"",""Bank Account details"",""Identity and address proof""]",300000,"Concessional Working Capital for Dairy, Poultry & Fisheries",7.0,60,false,0,3.0,"[""All Banks"",""RRBs"",""Cooperative Banks""]",,,,,All,18,,,"[""General"",""OBC"",""SC"",""ST""]",Both,Ongoing,Active,Through any bank branch or https://www.nabard.org/,"[""kcc"",""animal husbandry"",""fisheries"",""dairy"",""working capital""]",0,,2026-08-17T05:11:09.260213,2026-08-17T05:11:09.260215
4b2cbfae-96af-4cfd-8a0b-5f3f931dbb5d,Soil Health Card Scheme - Comprehensive,Ministry of Agriculture and Farmers Welfare,Soil Health Card Scheme provides farmers with information on the nutrient status of their soil along with recommendations on the appropriate dosage of nutrients for improving soil health and fertility. It promotes balanced use of fertilisers.,Agriculture,Scheme,Central,"[""Soil Health Card with nutrient status and crop-wise recommendations"",""Promotes balanced fertiliser use and reduced cost of cultivation"",""Periodic soil testing cycle"",""Improved soil fertility and productivity""]","[""All farmers with agricultural land"",""Cards issued based on grid-based soil sampling"",""Who is NOT eligible: Non-farmers""]","[""Aadhaar Card"",""Land details / khasra"",""Contact details for card delivery""]",,Free Soil Health Card with Nutrient Recommendations,,,,,,,,,,,All,18,,,"[""General"",""OBC"",""SC"",""ST""]",Rural,Ongoing,Active,https://soilhealth.dac.gov.in/,"[""soil health card"",""soil testing"",""fertiliser recommendation"",""agriculture""]",0,,2026-08-17T05:11:09.260230,2026-08-17T05:11:09.260231
325f5184-4b55-4b38-8f29-fbe3aad04118,Paramparagat Krishi Vikas Yojana (PKVY) - Detailed,Ministry of Agriculture and Farmers Welfare,"PKVY is a component of the National Mission for Sustainable Agriculture that promotes organic farming through cluster approach. It provides financial assistance for organic inputs, certification, packaging and marketing to farmers adopting organic practices.",Agriculture,Subsidy,Central,"[""Financial assistance for organic inputs and conversion"",""Support for certification and branding"",""Cluster-based approach for economies of scale"",""Training and capacity building on organic practices"",""Market linkage support""]","[""Farmers willing to adopt organic farming in clusters of 20 hectares or as per guidelines"",""Groups, FPOs and individual farmers in selected clusters"",""Who is NOT eligible: Farmers not participating in approved clusters""]","[""Aadhaar Card"",""Land records"",""Bank Account details"",""Cluster registration documents""]",50000,Financial Support for Organic Farming Clusters,,,,,,,50.0,50000,true,false,All,18,,,"[""General"",""OBC"",""SC"",""ST""]",Rural,Ongoing,Active,https://pgsindia-ncof.gov.in/ or state agriculture departments,"[""pkvy"",""organic farming"",""paramparagat"",""cluster"",""certification""]",0,,2026-08-17T05:11:09.260246,2026-08-17T05:11:09.260247
3c95127a-f4c5-4ae0-a435-4641f49409dd,National Mission on Natural Farming / Bhartiya Prakritik Krishi Paddhati - Detailed,Ministry of Agriculture and Farmers Welfare,"The National Mission on Natural Farming promotes chemical-free, traditional and natural farming practices based on on-farm biomass recycling, multi-cropping and local resource-based inputs. It aims to reduce cost of cultivation and improve soil and environmental health.",Agriculture,Scheme,Central,"[""Promotion of natural farming practices"",""Training and demonstration support"",""Reduced dependence on external chemical inputs"",""Improved soil health and lower cost of cultivation"",""Support for farmer groups and clusters""]","[""Farmers and farmer groups willing to adopt natural farming"",""As per state implementation plans"",""Who is NOT eligible: Farmers not participating in the mission activities""]","[""Aadhaar Card"",""Land records"",""Bank Account details if financial support is involved""]",,Promotion & Support for Chemical-Free Natural Farming,,,,,,,,,,,All,18,,,"[""General"",""OBC"",""SC"",""ST""]",Rural,Ongoing,Active,https://naturalfarming.dac.gov.in/ or state agriculture departments,"[""natural farming"",""bpkp"",""chemical free"",""organic"",""traditional""]",0,,2026-08-17T05:11:09.260300,2026-08-17T05:11:09.260303
c94000ce-6433-4c1f-96f4-a9067eb0f8cd,Digital India Programme - Detailed Components,Ministry of Electronics and Information Technology,"Digital India is a flagship programme to transform India into a digitally empowered society and knowledge economy. It focuses on digital infrastructure, digital services delivery and digital literacy, enabling citizens to access government services online.",Technology,Scheme,Central,"[""Digital infrastructure (broadband, mobile connectivity)"",""e-Governance and online service delivery"",""Digital literacy programmes"",""Open data and digital platforms"",""Improved access to government services""]","[""All citizens benefit from digital services"",""Specific components have their own eligibility (e.g., PMGDISHA for digital literacy)"",""Who is NOT eligible: No universal exclusion""]","[""Aadhaar for many digital services"",""As per specific component""]",,"Digital Infrastructure, e-Services & Digital Literacy for Citizens",,,,,,,,,,,All,,,,"[""General"",""OBC"",""SC"",""ST""]",Both,Ongoing,Active,https://www.digitalindia.gov.in/,"[""digital india"",""e-governance"",""digital literacy"",""broadband"",""online services""]",0,,2026-08-17T05:12:13.557145,2026-08-17T05:12:13.557185
4c37cb04-3c0d-46fe-a514-1859c3f9b9f6,Pradhan Mantri Gramin Digital Saksharta Abhiyan (PMGDISHA) - Detailed,Ministry of Electronics and Information Technology,"PMGDISHA aims to make six crore persons in rural areas digitally literate. It provides training on digital devices, internet, digital payments and access to government services so that rural citizens can participate in the digital economy.",Education,Scheme,Central,"[""Free digital literacy training for rural citizens"",""Training on computers, smartphones, internet and digital payments"",""Certificate on successful completion"",""Enables access to e-services and digital opportunities""]","[""Rural citizens aged 14 to 60 years from eligible households"",""One person per eligible household in many phases"",""Who is NOT eligible: Urban residents and those already digitally literate in the same household quota""]","[""Aadhaar Card"",""Proof of rural residence"",""Age proof""]",,Free Digital Literacy Training for Rural Citizens,,,,,,,,,,,All,14,60,,"[""General"",""OBC"",""SC"",""ST""]",Rural,Ongoing,Active,https://www.pmgdisha.in/,"[""pmgdisha"",""digital literacy"",""rural"",""digital saksharta""]",0,,2026-08-17T05:12:13.557237,2026-08-17T05:12:13.557240
6afce22a-ae7f-45f0-a05e-e5fe0c8cc65f,Common Service Centres (CSC) Scheme - Detailed,Ministry of Electronics and Information Technology,"Common Service Centres are the access points for delivery of various electronic services to villages in India. CSCs provide G2C, B2C and financial services and act as the front-end delivery points of Digital India.",Technology,Scheme,Central,"[""Access to government and private services in rural areas"",""Digital payments, banking correspondent services, Aadhaar related services"",""Skill and entrepreneurship opportunities for VLEs (Village Level Entrepreneurs)"",""Bridge between citizens and digital government services""]","[""Citizens can access services at any CSC"",""VLEs selected as per CSC guidelines for operating centres"",""Who is NOT eligible: None for service access""]","[""Aadhaar Card for most services"",""As required for specific transactions""]",,Village-Level Digital Service Delivery Points (CSC),,,,,,,,,,,All,,,,"[""General"",""OBC"",""SC"",""ST""]",Rural,Ongoing,Active,https://www.csc.gov.in/,"[""csc"",""common service centre"",""digital services"",""vle"",""rural""]",0,,2026-08-17T05:12:13.557261,2026-08-17T05:12:13.557262
6c1291b2-77a4-42e7-99a5-17a0011b30f5,UMANG App - Unified Mobile Application for New-age Governance - Detailed,Ministry of Electronics and Information Technology,"UMANG is a single mobile platform that provides access to a large number of central and state government services. Citizens can access services related to Aadhaar, passport, education, health, agriculture, employment and more from one app.",Technology,Scheme,Central,"[""Single app for multiple central and state government services"",""Convenient mobile access to e-services"",""Supports multiple languages"",""Reduces need to visit multiple portals""]","[""Any Indian citizen with a smartphone"",""Aadhaar or mobile-based authentication for many services"",""Who is NOT eligible: None for basic app access""]","[""Aadhaar / mobile number for authentication of services""]",,Single Mobile App for Hundreds of Government Services,,,,,,,,,,,All,,,,"[""General"",""OBC"",""SC"",""ST""]",Both,Ongoing,Active,https://web.umang.gov.in/,"[""umang"",""mobile app"",""e-services"",""digital india"",""governance""]",0,,2026-08-17T05:12:13.557277,2026-08-17T05:12:13.557278
7db74b5f-d4ea-439c-93f3-2dc9f60d634e,DigiLocker - Detailed,Ministry of Electronics and Information Technology,DigiLocker is a digital locker platform under Digital India that allows citizens to store and share authentic digital documents issued by government departments and agencies. It reduces the need for physical documents and enables paperless governance.,Technology,Scheme,Central,"[""Secure digital storage of issued documents (Aadhaar, driving licence, educational certificates, etc.)"",""Easy sharing with authorised agencies"",""Paperless verification"",""Linked to Aadhaar for authenticity""]","[""Any Indian citizen with Aadhaar"",""Who is NOT eligible: None for basic account creation""]","[""Aadhaar Card for account creation and linking""]",,Secure Digital Locker for Government-Issued Documents,,,,,,,,,,,All,,,,"[""General"",""OBC"",""SC"",""ST""]",Both,Ongoing,Active,https://www.digilocker.gov.in/,"[""digilocker"",""digital documents"",""paperless"",""aadhaar linked""]",0,,2026-08-17T05:12:13.557291,2026-08-17T05:12:13.557292
4cdd64d6-e77d-43c0-b8e7-5e785e4597b4,e-Hospital / Online Registration System (ORS) - Detailed,Ministry of Health and Family Welfare / MeitY,"e-Hospital and Online Registration System enable citizens to book online appointments, access OPD registration and other hospital services in major government hospitals. It reduces waiting time and improves access to public healthcare facilities.",Healthcare,Scheme,Central,"[""Online appointment booking for government hospitals"",""OPD registration and related services"",""Reduced waiting time and queues"",""Transparent access to public healthcare""]","[""Any citizen seeking services in participating government hospitals"",""Who is NOT eligible: None for basic online registration""]","[""Aadhaar / identity proof"",""Mobile number for OTP""]",,Online Appointment & Registration for Government Hospitals,,,,,,,,,,,All,,,,"[""General"",""OBC"",""SC"",""ST""]",Both,Ongoing,Active,https://ors.gov.in/,"[""e-hospital"",""ors"",""online appointment"",""government hospital""]",0,,2026-08-17T05:12:13.557305,2026-08-17T05:12:13.557306
8df518d6-a19f-4503-92c2-1666268136ea,National Health Authority / Ayushman Bharat Digital Mission (ABDM) - Detailed,Ministry of Health and Family Welfare / National Health Authority,"Ayushman Bharat Digital Mission creates a digital health ecosystem with unique Health IDs, digital health records, and interoperable health information systems so that citizens can access and share their health data securely across providers.",Healthcare,Scheme,Central,"[""Unique Health ID (ABHA number)"",""Digital health records and personal health account"",""Interoperable health data across facilities"",""Improved continuity of care and reduced paperwork""]","[""Any Indian citizen can create ABHA number"",""Who is NOT eligible: None for basic Health ID creation""]","[""Aadhaar or other supported ID for ABHA creation"",""Mobile number""]",,Digital Health ID & Personal Health Records (ABHA),,,,,,,,,,,All,,,,"[""General"",""OBC"",""SC"",""ST""]",Both,Ongoing,Active,https://abdm.gov.in/ or https://healthid.ndhm.gov.in/,"[""abdm"",""ayushman bharat digital"",""health id"",""abha"",""digital health""]",0,,2026-08-17T05:12:13.557319,2026-08-17T05:12:13.557320
53be59de-19d6-4d99-a0bd-5ca088dcd62e,CoWIN / Universal Immunisation Digital Platform - Detailed,Ministry of Health and Family Welfare,"CoWIN and related digital platforms support registration, appointment and certificate generation for COVID-19 and other immunisation programmes. The platform enables transparent and scalable digital management of vaccination drives.",Healthcare,Scheme,Central,"[""Online registration and appointment for vaccination"",""Digital vaccination certificate"",""Transparent tracking of vaccine doses"",""Support for large-scale immunisation programmes""]","[""Citizens eligible for the specific vaccination programme"",""Who is NOT eligible: As per the age and clinical criteria of the vaccine""]","[""Aadhaar or other photo ID"",""Mobile number""]",,Digital Platform for Vaccination Registration & Certificates,,,,,,,,,,,All,,,,"[""General"",""OBC"",""SC"",""ST""]",Both,Ongoing,Active,https://www.cowin.gov.in/,"[""cowin"",""vaccination"",""immunisation"",""digital certificate""]",0,,2026-08-17T05:12:13.557358,2026-08-17T05:12:13.557360
5cee4eab-472d-4e80-800d-121351bc2a37,e-NAM (National Agriculture Market) - Detailed,Ministry of Agriculture and Farmers Welfare,"e-NAM is a pan-India electronic trading portal that networks existing APMC mandis to create a unified national market for agricultural commodities. It provides better price discovery, transparency and access to markets for farmers.",Agriculture,Scheme,Central,"[""Electronic trading of agricultural produce across mandis"",""Better price discovery and transparency"",""Online payment and quality assaying support"",""Access to larger market for farmers"",""Reduced intermediaries in many cases""]","[""Farmers, traders and mandis registered on the e-NAM platform"",""Who is NOT eligible: Unregistered entities for online trading""]","[""Aadhaar / registration documents for farmers and traders"",""As per mandi and portal requirements""]",,Pan-India Electronic Trading Platform for Agri Produce,,,,,,,,,,,All,18,,,"[""General"",""OBC"",""SC"",""ST""]",Rural,Ongoing,Active,https://www.enam.gov.in/,"[""e-nam"",""agriculture market"",""mandi"",""price discovery"",""farmer""]",0,,2026-08-17T05:12:13.557380,2026-08-17T05:12:13.557381
d71b5fac-2cdb-4970-a88a-53697f447d08,Kisan Call Centre / mKisan / Agri Digital Services - Detailed,Ministry of Agriculture and Farmers Welfare,"Kisan Call Centre (1800-180-1551) and mKisan portal provide farmers with real-time information and advisory services on weather, crop practices, market prices, schemes and pest management in local languages through phone and SMS.",Agriculture,Scheme,Central,"[""Toll-free advisory on agriculture-related queries"",""SMS and app-based information services"",""Weather, market price and scheme information"",""Support in local languages"",""Helps farmers make informed decisions""]","[""Any farmer or citizen seeking agricultural advisory"",""Who is NOT eligible: None for basic call/SMS services""]","[""Mobile number for SMS services""]",,Toll-Free Agri Advisory (1800-180-1551) + SMS Services,,,,,,,,,,,All,,,,"[""General"",""OBC"",""SC"",""ST""]",Both,Ongoing,Active,https://mkisan.gov.in/ or call 1800-180-1551,"[""kisan call centre"",""mkisan"",""agri advisory"",""farmer helpline""]",0,,2026-08-17T05:12:13.557413,2026-08-17T05:12:13.557415
5ffdf066-aaf9-4d3e-b75d-23d61b9bc03b,Atal Innovation Mission (AIM) / Atal Tinkering Labs - Detailed,NITI Aayog,"Atal Innovation Mission promotes a culture of innovation and entrepreneurship across schools, universities and research institutions. Atal Tinkering Labs (ATLs) in schools provide young students with access to tools and equipment for design thinking and innovation.",Education,Scheme,Central,"[""Establishment of Atal Tinkering Labs in schools"",""Access to 3D printers, robotics, IoT and other tools"",""Mentorship and innovation challenges"",""Support for Atal Incubation Centres"",""Promotion of problem-solving and design thinking among students""]","[""Schools selected for ATL establishment as per AIM guidelines"",""Students of selected schools benefit from the labs"",""Who is NOT eligible: Schools not selected under the ATL programme""]","[""School application and selection documents for ATL""]",,Innovation Labs & Entrepreneurship Support in Schools,,,,,,,,,,,All,10,18,,"[""General"",""OBC"",""SC"",""ST""]",Both,Ongoing,Active,https://aim.gov.in/,"[""atal innovation"",""aim"",""atal tinkering lab"",""innovation"",""school""]",0,,2026-08-17T05:13:44.214073,2026-08-17T05:13:44.214201
78875007-410c-4918-8a5f-68a17935b2b6,Atal Incubation Centres (AIC) / Atal New India Challenges - Detailed,NITI Aayog,"Under Atal Innovation Mission, Atal Incubation Centres support startups with infrastructure, mentorship and funding access. Atal New India Challenges encourage innovators to develop solutions for national priority areas.",Business,Scheme,Central,"[""Incubation support for startups"",""Mentorship, networking and funding facilitation"",""Challenges and grants for solving national problems"",""Infrastructure and lab access for innovators""]","[""Startups and innovators selected by AICs or through challenge programmes"",""Who is NOT eligible: Entities not incubated or selected under AIM programmes""]","[""As per AIC or challenge application requirements""]",,Incubation & Challenge Support for Startups and Innovators,,,,,,,,,,,All,18,,,"[""General"",""OBC"",""SC"",""ST""]",Both,Ongoing,Active,https://aim.gov.in/,"[""atal incubation"",""aic"",""startup"",""innovation challenge""]",0,,2026-08-17T05:13:44.214367,2026-08-17T05:13:44.214370
1db30b2c-c05e-4f90-bb3e-7487223b9973,National Research Foundation (NRF) / Anusandhan National Research Foundation - Detailed,Ministry of Science and Technology / Department of Science and Technology,"Anusandhan National Research Foundation aims to seed, grow and promote research and development across universities, colleges and research institutions in India, with a focus on funding competitive, peer-reviewed research.",Education,Scheme,Central,"[""Competitive research funding for universities and institutions"",""Support for multi-disciplinary and high-impact research"",""Capacity building in research ecosystem"",""Promotion of industry-academia collaboration""]","[""Researchers and institutions as per NRF funding guidelines"",""Who is NOT eligible: Individuals without institutional affiliation for most grants""]","[""Research proposals as per NRF notifications""]",,National Competitive Research Funding Ecosystem,,,,,,,,,,,All,,,,"[""General"",""OBC"",""SC"",""ST""]",Both,As per calls,Active,https://dst.gov.in/ or NRF related portal,"[""nrf"",""anusandhan"",""research funding"",""science"",""dst""]",0,,2026-08-17T05:13:44.214393,2026-08-17T05:13:44.214394
e9d01804-4f0c-4bda-a100-bba60be0d6a0,INSPIRE (Innovation in Science Pursuit for Inspired Research) - Detailed,Department of Science and Technology,"INSPIRE is a national programme to attract talent towards science from an early age. It has components for school students (INSPIRE Awards, Internship), undergraduate scholarships and INSPIRE Fellowship for doctoral research.",Education,Scheme,Central,"[""Awards and internships for school students"",""Scholarships for undergraduate science students"",""Fellowships for Ph.D. scholars"",""Exposure to research and scientific career paths""]","[""Students at different levels as per specific INSPIRE component (school, UG, Ph.D.)"",""Merit and age criteria apply"",""Who is NOT eligible: Students not meeting the academic and age criteria of the component""]","[""Academic records"",""Aadhaar Card"",""As per component requirements""]",80000,Scholarships & Fellowships to Attract Talent to Science,,,,,,,,,,,All,10,32,,"[""General"",""OBC"",""SC"",""ST""]",Both,As per component notifications,Active,https://www.inspire-dst.gov.in/,"[""inspire"",""science talent"",""scholarship"",""fellowship"",""dst""]",0,,2026-08-17T05:13:44.214411,2026-08-17T05:13:44.214412
a1202fe7-12ee-40a4-b719-b4d309d7e504,Kishore Vaigyanik Protsahan Yojana (KVPY) / Successor Fellowship Programmes - Detailed,Department of Science and Technology / IISc,KVPY was a national fellowship programme to encourage students to pursue research careers in science. Successor and related DST/IISc fellowship programmes continue to support talented science students with fellowships and contingency grants.,Education,Scheme,Central,"[""Fellowship during undergraduate and postgraduate studies"",""Contingency grant for research-related expenses"",""Encouragement to pursue research careers in basic sciences""]","[""Students of pure science streams selected through competitive process"",""Who is NOT eligible: Students not selected or outside science streams""]","[""Academic records"",""Selection related documents"",""Aadhaar and bank details""]",7000,Fellowship for Science Students Pursuing Research Careers,,,,,,,,,,,All,16,25,,"[""General"",""OBC"",""SC"",""ST""]",Both,As per notification,Active,https://dst.gov.in/ or related IISc / DST portals,"[""kvpy"",""science fellowship"",""research career"",""dst""]",0,,2026-08-17T05:13:44.214426,2026-08-17T05:13:44.214427
bc4adf3a-1c12-4c33-a360-49904d1ab03d,CSIR Junior Research Fellowship (JRF) / NET - Detailed,Council of Scientific and Industrial Research / HRDG,CSIR conducts the Joint CSIR-UGC NET examination and provides Junior Research Fellowships to candidates qualifying for JRF to pursue research leading to Ph.D. in science and technology areas.,Education,Scheme,Central,"[""Monthly fellowship for JRF (and SRF after upgradation)"",""Contingency grant"",""Opportunity to pursue Ph.D. in CSIR labs and universities"",""Career path in scientific research""]","[""Candidates qualifying CSIR-UGC NET for JRF"",""Age and educational qualifications as per notification"",""Who is NOT eligible: Candidates not qualifying the NET for JRF""]","[""NET qualification documents"",""Aadhaar Card"",""Admission / registration proof for Ph.D."",""Bank Account details""]",37000,JRF Fellowship for Ph.D. in Science & Technology,,,,,,,,,,,All,21,28,,"[""General"",""OBC"",""SC"",""ST""]",Both,As per NET / CSIR notifications,Active,https://csirnet.nta.nic.in/ or https://www.csirhrdg.res.in/,"[""csir jrf"",""net"",""phd fellowship"",""science research""]",0,,2026-08-17T05:13:44.214441,2026-08-17T05:13:44.214442
c0d7400c-26fe-4150-b82c-e7a99b0f42fe,UGC NET Junior Research Fellowship - Detailed,University Grants Commission / NTA,"UGC NET awards Junior Research Fellowship to candidates who qualify the NET examination for JRF. The fellowship supports research leading to Ph.D. in humanities, social sciences, sciences and other subjects covered under UGC NET.",Education,Scheme,Central,"[""Monthly JRF fellowship with contingency"",""Upgradation to SRF based on performance"",""Support for Ph.D. research in universities"",""Wide subject coverage under UGC NET""]","[""Candidates qualifying UGC NET for JRF"",""Age and educational criteria as per UGC notification"",""Who is NOT eligible: Candidates qualifying only for Assistant Professor (not JRF)""]","[""NET JRF qualification certificate"",""Aadhaar Card"",""Ph.D. registration proof"",""Bank Account details""]",37000,UGC JRF Fellowship for Ph.D. Research,,,,,,,,,,,All,21,30,,"[""General"",""OBC"",""SC"",""ST""]",Both,As per NTA / UGC notifications,Active,https://ugcnet.nta.nic.in/,"[""ugc net"",""jrf"",""phd fellowship"",""research""]",0,,2026-08-17T05:13:44.214456,2026-08-17T05:13:44.214457
a82b30ae-cab5-497a-8a7b-5a65c0199558,Prime Minister's Research Fellowship (PMRF) - Detailed,Ministry of Education,"PMRF aims to attract the best talent into research by offering attractive fellowships for Ph.D. programmes in IITs, IISc and other selected institutions. It supports high-quality research in cutting-edge areas.",Education,Scheme,Central,"[""High monthly fellowship amount"",""Research grant for contingencies"",""Opportunity to work with top institutions and faculty"",""Focus on cutting-edge and interdisciplinary research""]","[""Students selected for Ph.D. in participating institutions through PMRF channels (direct entry or lateral entry)"",""Academic excellence criteria apply"",""Who is NOT eligible: Students not selected under PMRF""]","[""Academic transcripts"",""Research proposal"",""Admission / selection documents"",""Aadhaar and bank details""]",70000,High-Value Fellowship for Ph.D. in Premier Institutions,,,,,,,,,,,All,21,30,,"[""General"",""OBC"",""SC"",""ST""]",Both,As per PMRF notifications,Active,https://www.pmrf.in/,"[""pmrf"",""phd fellowship"",""iit"",""iisc"",""research""]",0,,2026-08-17T05:13:44.214471,2026-08-17T05:13:44.214472
d885e0ad-1e7f-49f4-a12d-9a22e8f5c758,National Institutional Ranking Framework (NIRF) / Related Quality Initiatives - Detailed,Ministry of Education,"NIRF ranks higher education institutions in India on parameters of teaching, learning, research, outcomes and perception. Related quality initiatives encourage institutions to improve standards and provide students with transparent information for choices.",Education,Scheme,Central,"[""Transparent ranking of higher education institutions"",""Encourages quality improvement in teaching and research"",""Helps students make informed choices"",""Policy inputs for higher education reforms""]","[""Higher education institutions participating in the ranking exercise"",""Students and public benefit from ranking information"",""Who is NOT eligible: Institutions not participating""]","[""Institutional data as per NIRF methodology""]",,National Ranking of Higher Education Institutions,,,,,,,,,,,All,,,,"[""General"",""OBC"",""SC"",""ST""]",Both,Annual cycle,Active,https://www.nirfindia.org/,"[""nirf"",""ranking"",""higher education"",""quality""]",0,,2026-08-17T05:13:44.214486,2026-08-17T05:13:44.214487
6c511a34-dbfd-484d-bafb-20baded63eb9,Study in India Programme - Detailed,Ministry of Education,"Study in India is a programme to attract international students to pursue higher education in Indian institutions. It offers fee waivers, scholarships and a simplified admission process to promote India as a global education destination.",Education,Scheme,Central,"[""Fee waivers and scholarships for international students"",""Simplified admission process"",""Promotion of Indian higher education globally"",""Cultural exchange and soft power""]","[""International students applying to participating Indian institutions"",""As per programme and institution criteria"",""Who is NOT eligible: Indian citizens for the international student benefits""]","[""Passport"",""Academic transcripts"",""As per institution and Study in India portal""]",,Scholarships & Fee Waivers for International Students in India,,,,,,,,,,,All,17,,,"[""General""]",Both,As per admission cycles,Active,https://www.studyinindia.gov.in/,"[""study in india"",""international students"",""scholarship"",""higher education""]",0,,2026-08-17T05:13:44.214500,2026-08-17T05:13:44.214501
1b9b49fb-0392-41f6-adfb-f8207c217578,Pradhan Mantri Formalisation of Micro Food Processing Enterprises (PMFME) - Full Details,Ministry of Food Processing Industries,"PMFME provides financial, technical and business support for upgradation of existing micro food processing enterprises. Credit-linked subsidy of 35% (max Rs 10 lakh) is a major component along with branding, marketing and capacity building under the One District One Product (ODOP) approach.",Business,Subsidy,Central,"[""35% credit-linked capital subsidy up to Rs 10 lakh"",""Support for FPOs, SHGs and cooperatives"",""Branding and marketing assistance"",""Capacity building and common infrastructure""]","[""Existing micro food processing units or new units under ODOP"",""Individuals, FPOs, SHGs, cooperatives"",""Age 18+ and minimum educational criteria in some cases"",""Who is NOT eligible: Units not in food processing or already fully assisted""]","[""Aadhaar Card"",""Udyam / business proof"",""Project report"",""Bank Account details"",""Land / premises documents""]",1000000,35% Subsidy up to Rs 10 Lakh for Micro Food Processing,,,,,,,35.0,1000000,true,false,All,18,,,"[""General"",""OBC"",""SC"",""ST""]",Both,Ongoing,Active,https://pmfme.mofpi.gov.in/,"[""pmfme"",""food processing"",""odop"",""micro enterprise"",""subsidy""]",0,,2026-08-17T05:14:53.469920,2026-08-17T05:14:53.469959
8845acbc-6c9d-423c-a131-e15375c961fc,Production Linked Incentive (PLI) Scheme for Food Processing Industry - Detailed,Ministry of Food Processing Industries,"PLI for Food Processing Industry incentivises manufacturing of specific food products by providing financial incentives on incremental sales. It aims to expand food processing capacity, boost exports and create employment.",Business,Subsidy,Central,"[""Incentive on incremental sales over base year"",""Support for specific food product categories"",""Encourages large-scale manufacturing and exports"",""Employment generation in food processing""]","[""Companies and entities meeting investment and sales criteria for selected food products"",""As per PLI guidelines for the sector"",""Who is NOT eligible: Entities not meeting the minimum investment / sales thresholds""]","[""Company registration"",""Investment and sales data"",""As per PLI application requirements""]",,Incentive on Incremental Sales for Food Processing Manufacturing,,,,,,,,,true,false,All,,,,"[""General"",""OBC"",""SC"",""ST""]",Both,As per PLI window,Active,https://www.mofpi.gov.in/,"[""pli"",""food processing"",""incentive"",""manufacturing"",""export""]",0,,2026-08-17T05:14:53.470005,2026-08-17T05:14:53.470007
741123d9-6dda-4b1f-9def-685b1c4d0b92,Mega Food Parks Scheme - Detailed,Ministry of Food Processing Industries,Mega Food Parks Scheme aims to provide modern infrastructure for food processing units along a cluster-based approach. It includes a Central Processing Centre and Primary Processing Centres / Collection Centres to reduce wastage and add value.,Business,Subsidy,Central,"[""Grant-in-aid for creation of common infrastructure"",""Support for Central Processing Centre and collection centres"",""Reduced wastage and improved value addition"",""Employment and farmer income benefits""]","[""Special Purpose Vehicles (SPVs) and implementing agencies as per scheme guidelines"",""Who is NOT eligible: Individual units seeking only private infrastructure without cluster approach""]","[""Detailed Project Report"",""SPV documents"",""Land and technical clearances""]",500000000,Grant Support for Mega Food Park Infrastructure,,,,,,,50.0,500000000,false,false,All,,,,"[""General"",""OBC"",""SC"",""ST""]",Both,Ongoing,Active,https://www.mofpi.gov.in/,"[""mega food park"",""food processing"",""infrastructure"",""cluster""]",0,,2026-08-17T05:14:53.470053,2026-08-17T05:14:53.470055
e6690c91-955b-4fcc-8226-f08819bd012b,Operation Greens / TOP to TOTAL - Detailed,Ministry of Food Processing Industries,"Operation Greens aims to stabilise supply and prices of Tomato, Onion and Potato (TOP) and later expanded to other crops (TOTAL). It supports short-term price stabilisation measures and long-term integrated value chain development.",Agriculture,Subsidy,Central,"[""Subsidy on transportation and storage for price stabilisation"",""Support for integrated value chains of notified crops"",""Reduced post-harvest losses"",""Better price realisation for farmers""]","[""Eligible organisations, FPOs, cooperatives and companies as per guidelines"",""Who is NOT eligible: Activities outside the notified crops and components""]","[""Project proposals"",""As per scheme guidelines""]",,Price Stabilisation & Value Chain Support for TOP and Other Crops,,,,,,,50.0,,true,false,All,,,,"[""General"",""OBC"",""SC"",""ST""]",Both,Ongoing,Active,https://www.mofpi.gov.in/,"[""operation greens"",""top"",""tomato onion potato"",""price stabilisation""]",0,,2026-08-17T05:14:53.470081,2026-08-17T05:14:53.470082
ca05be31-8d6d-4f22-a1ae-c255996f475d,Pradhan Mantri Kisan SAMPADA Yojana (PMKSY) - Detailed Components,Ministry of Food Processing Industries,"PMKSY is an umbrella scheme for agro-marine processing and development of agro-processing clusters. It includes components for mega food parks, cold chain, agro-processing clusters, backward and forward linkages and food safety infrastructure.",Business,Subsidy,Central,"[""Grant support for cold chain and value addition infrastructure"",""Support for agro-processing clusters"",""Backward and forward linkage projects"",""Food safety and quality infrastructure""]","[""Entrepreneurs, FPOs, cooperatives, companies and implementing agencies as per component"",""Who is NOT eligible: Activities outside approved PMKSY components""]","[""Detailed Project Report"",""Entity documents"",""Land and technical clearances""]",100000000,Grant Support for Food Processing & Cold Chain Infrastructure,,,,,,,50.0,100000000,false,false,All,,,,"[""General"",""OBC"",""SC"",""ST""]",Both,Ongoing,Active,https://www.mofpi.gov.in/,"[""pmksy"",""sampada"",""cold chain"",""food processing"",""agro cluster""]",0,,2026-08-17T05:14:53.470099,2026-08-17T05:14:53.470101
a58b740d-d1c7-4cd3-baff-9333fadcfc53,National Beekeeping and Honey Mission (NBHM) - Comprehensive,Ministry of Agriculture and Farmers Welfare,"NBHM promotes scientific beekeeping, honey production, quality testing, processing and marketing under the goal of Sweet Revolution. It supports infrastructure, capacity building, women participation and market linkages through Mini Missions.",Agriculture,Subsidy,Central,"[""Assistance for bee colonies, hives and equipment"",""Support for honey testing labs and processing units"",""Training and capacity building"",""Promotion of FPOs and women beekeepers"",""Market development and branding support""]","[""Beekeepers, farmers, SHGs, FPOs, cooperatives and implementing agencies"",""Projects aligned with NBHM guidelines"",""Who is NOT eligible: Pure trading activities without production or infrastructure component""]","[""Aadhaar / entity documents"",""Project proposal"",""Bank Account details""]",500000,Subsidy & Infrastructure Support for Beekeeping and Honey,,,,,,,50.0,500000,true,false,All,18,,,"[""General"",""OBC"",""SC"",""ST""]",Both,Ongoing,Active,https://nbb.gov.in/,"[""nbhm"",""beekeeping"",""honey"",""sweet revolution"",""subsidy""]",0,,2026-08-17T05:14:53.470142,2026-08-17T05:14:53.470144
bf0b663a-2e17-4d59-b1c8-0c71793b9592,Mission for Integrated Development of Horticulture (MIDH) - Comprehensive,Ministry of Agriculture and Farmers Welfare,"MIDH is a Centrally Sponsored Scheme for the holistic growth of the horticulture sector covering fruits, vegetables, root and tuber crops, mushrooms, spices, flowers, aromatic plants, coconut, cashew, cocoa and bamboo.",Agriculture,Subsidy,Central,"[""Assistance for planting material, area expansion and protected cultivation"",""Post-harvest management and cold chain support"",""Market infrastructure and brand promotion"",""Capacity building and technology dissemination""]","[""Farmers, FPOs, cooperatives, self-help groups and private entrepreneurs as per component"",""State Horticulture Missions implement the scheme"",""Who is NOT eligible: Activities outside the approved MIDH components""]","[""Aadhaar Card"",""Land records"",""Bank Account details"",""Project / quotation documents""]",500000,Holistic Support for Horticulture Production & Post-Harvest,,,,,,,50.0,500000,true,true,All,18,,,"[""General"",""OBC"",""SC"",""ST""]",Rural,Ongoing,Active,https://midh.gov.in/,"[""midh"",""horticulture"",""fruits vegetables"",""protected cultivation"",""cold chain""]",0,,2026-08-17T05:14:53.470188,2026-08-17T05:14:53.470190
d3e90de8-82ae-44eb-884f-6ffe4931d0f6,Sub-Mission on Agricultural Mechanization (SMAM) - Comprehensive,Ministry of Agriculture and Farmers Welfare,"SMAM promotes agricultural mechanisation among small and marginal farmers through financial assistance for purchase of machinery, establishment of Custom Hiring Centres and Farm Machinery Banks, and training.",Agriculture,Subsidy,Central,"[""Subsidy on purchase of tractors, power tillers and other farm equipment"",""Higher subsidy rates for SC/ST, small & marginal farmers and women"",""Support for Custom Hiring Centres"",""Training and demonstration of equipment""]","[""Farmers, especially small and marginal, SC/ST and women farmers"",""Purchase from approved sources as per state guidelines"",""Who is NOT eligible: Non-farmers and those already availing similar subsidy for the same machine recently""]","[""Aadhaar Card"",""Land records"",""Bank Account details"",""Quotation from supplier"",""Caste certificate if claiming higher rate""]",150000,Subsidy on Farm Machinery & Custom Hiring Centres,,,,,,,50.0,150000,true,true,All,18,,,"[""General"",""OBC"",""SC"",""ST""]",Rural,Ongoing,Active,https://agrimachinery.nic.in/,"[""smam"",""farm machinery"",""tractor subsidy"",""mechanization"",""custom hiring""]",0,,2026-08-17T05:14:53.470214,2026-08-17T05:14:53.470215
ae6f7bf8-0653-4c24-85fa-acf909016377,Pradhan Mantri Krishi Sinchayee Yojana (PMKSY) - Comprehensive,Ministry of Agriculture and Farmers Welfare / Ministry of Jal Shakti,"PMKSY aims to enhance physical access of water on farm, expand cultivable area under assured irrigation, improve on-farm water use efficiency and introduce sustainable water conservation practices through components like Accelerated Irrigation Benefits, Har Khet Ko Pani and Per Drop More Crop.",Agriculture,Subsidy,Central,"[""Subsidy and support for micro-irrigation (drip and sprinkler)"",""Accelerated completion of irrigation projects"",""Watershed development and water harvesting"",""Improved water use efficiency at farm level""]","[""Farmers, water user associations, state agencies as per component"",""Priority to water-stressed areas and small/marginal farmers in many components"",""Who is NOT eligible: Activities not covered under approved PMKSY components""]","[""Aadhaar Card"",""Land records"",""Bank Account details"",""Project / quotation documents for micro-irrigation""]",500000,Micro-Irrigation Subsidy + Irrigation Infrastructure Support,,,,,,,55.0,500000,true,true,All,18,,,"[""General"",""OBC"",""SC"",""ST""]",Rural,Ongoing,Active,https://pmksy.gov.in/,"[""pmksy"",""micro irrigation"",""per drop more crop"",""irrigation"",""watershed""]",0,,2026-08-17T05:14:53.470230,2026-08-17T05:14:53.470231
386a6654-7a3a-4dda-b96c-a29ed87fc9b0,National Food Security Mission (NFSM) - Comprehensive,Ministry of Agriculture and Farmers Welfare,"NFSM aims to increase production of rice, wheat, pulses, coarse cereals and nutri-cereals through area expansion and productivity enhancement in a sustainable manner, restoring soil fertility and creating employment opportunities.",Agriculture,Subsidy,Central,"[""Subsidy on seeds, farm machinery and other inputs for target crops"",""Support for demonstrations and cropping system based approaches"",""Focus on pulses and nutri-cereals for nutritional security"",""Capacity building of farmers""]","[""Farmers in identified districts for specific crops under NFSM"",""As per state implementation plans"",""Who is NOT eligible: Farmers outside the notified districts/crops for specific interventions""]","[""Aadhaar Card"",""Land records"",""Bank Account details"",""Crop details""]",100000,"Input Subsidy & Support for Rice, Wheat, Pulses & Nutri-Cereals",,,,,,,50.0,100000,true,false,All,18,,,"[""General"",""OBC"",""SC"",""ST""]",Rural,Ongoing,Active,https://www.nfsm.gov.in/,"[""nfsm"",""food security"",""pulses"",""nutri cereals"",""seed subsidy""]",0,,2026-08-17T05:14:53.470246,2026-08-17T05:14:53.470247
9d80f31f-1974-4840-aadd-f5741d2dd654,Pradhan Mantri Matsya Sampada Yojana (PMMSY) - Full Details,"Ministry of Fisheries, Animal Husbandry and Dairying","PMMSY is a flagship scheme for sustainable and responsible development of the fisheries sector covering marine and inland fisheries, aquaculture, infrastructure, post-harvest management, traceability and welfare of fishers with both central and state shares.",Agriculture,Subsidy,Central,"[""Capital and input subsidies for aquaculture, fishing vessels, hatcheries and cold chain"",""Support for infrastructure and post-harvest facilities"",""Livelihood and welfare components for fishers"",""Traceability and quality assurance support"",""Enhanced production and income opportunities""]","[""Fishers, fish farmers, SHGs, FPOs, cooperatives, private entrepreneurs and state agencies"",""As per specific activity guidelines under PMMSY"",""Who is NOT eligible: Activities outside the approved components""]","[""Aadhaar Card"",""Fisher identity / registration if applicable"",""Project proposal"",""Bank Account details"",""Land or water body documents""]",5000000,Comprehensive Subsidy & Support for Fisheries and Aquaculture,,,,,,,40.0,5000000,true,false,All,18,,,"[""General"",""OBC"",""SC"",""ST""]",Both,Ongoing,Active,https://pmmsy.dof.gov.in/,"[""pmmsy"",""fisheries"",""aquaculture"",""matsya sampada"",""subsidy""]",0,,2026-08-17T05:16:00.677758,2026-08-17T05:16:00.677814
41febed6-4cf1-4df0-90c6-a6904bf499c8,Fisheries and Aquaculture Infrastructure Development Fund (FIDF) - Full Details,"Ministry of Fisheries, Animal Husbandry and Dairying / NABARD","FIDF provides concessional finance for development of fisheries infrastructure including fishing harbours, fish landing centres, cold chain, ice plants, hatcheries and aquaculture infrastructure.",Agriculture,Loan,Central,"[""Concessional financing / interest subvention for fisheries infrastructure"",""Support for harbours, cold chain, processing and aquaculture facilities"",""Longer repayment periods"",""Encourages private and cooperative investment in fisheries value chain""]","[""State governments, cooperatives, private entrepreneurs, FPOs and other eligible entities"",""Projects meeting FIDF guidelines for infrastructure creation"",""Who is NOT eligible: Pure working capital without infrastructure component""]","[""Detailed Project Report"",""Entity registration documents"",""Land and technical clearances"",""Bank / NABARD related documentation""]",100000000,Concessional Finance for Fisheries Infrastructure,8.0,120,true,24,3.0,"[""NABARD"",""Scheduled Banks"",""NCDC""]",,,,,All,,,,"[""General"",""OBC"",""SC"",""ST""]",Both,Ongoing,Active,https://dof.gov.in/ or NABARD portals,"[""fidf"",""fisheries infrastructure"",""harbour"",""cold chain"",""nabard""]",0,,2026-08-17T05:16:00.677899,2026-08-17T05:16:00.677901
e2aaf256-4ddd-4c63-89e6-6d2229c009c5,National Livestock Mission (NLM) - Full Details,"Ministry of Fisheries, Animal Husbandry and Dairying","National Livestock Mission supports entrepreneurship development, breed improvement, feed and fodder development and risk management in the livestock sector. Capital subsidy is provided for various livestock-related entrepreneurial activities.",Agriculture,Subsidy,Central,"[""Capital subsidy for livestock entrepreneurship projects"",""Breed improvement and genetic upgradation support"",""Feed and fodder development assistance"",""Risk management and insurance related components"",""Rural entrepreneurship promotion""]","[""Individual entrepreneurs, SHGs, FPOs, Section 8 companies and other eligible entities"",""Projects in notified livestock activities"",""Who is NOT eligible: Activities outside the approved NLM components""]","[""Aadhaar / entity documents"",""Project report"",""Bank Account details"",""Land or unit proof""]",5000000,Capital Subsidy for Livestock Entrepreneurship & Breed Improvement,,,,,,,50.0,5000000,true,false,All,18,,,"[""General"",""OBC"",""SC"",""ST""]",Rural,Ongoing,Active,https://nlm.udyamimitra.in/,"[""nlm"",""livestock"",""entrepreneurship"",""breed improvement"",""fodder""]",0,,2026-08-17T05:16:00.677926,2026-08-17T05:16:00.677928
0717af87-3d88-4ebd-80de-4fa6b3460578,Animal Husbandry Infrastructure Development Fund (AHIDF) - Full Details,"Ministry of Fisheries, Animal Husbandry and Dairying","AHIDF incentivises investment in dairy processing, meat processing, animal feed plants and breed improvement infrastructure by providing interest subvention on bank loans.",Agriculture,Loan,Central,"[""Interest subvention on eligible bank loans"",""Support for dairy and meat processing infrastructure"",""Animal feed plant and breed improvement facilities"",""Longer repayment periods with moratorium"",""Encourages private sector investment""]","[""Individual entrepreneurs, FPOs, private companies, Section 8 companies and MLCs"",""Viable projects in dairy, meat, feed or breed improvement"",""Who is NOT eligible: Pure trading without infrastructure creation""]","[""Project report"",""Entity registration"",""Land and technical documents"",""Bank KYC""]",50000000,"Interest Subvention for Dairy, Meat & Feed Infrastructure",9.0,120,true,24,3.0,"[""Scheduled Banks"",""NABARD refinanced institutions""]",,,,,All,18,,,"[""General"",""OBC"",""SC"",""ST""]",Both,Ongoing,Active,https://ahidf.udyamimitra.in/,"[""ahidf"",""dairy processing"",""meat processing"",""animal feed"",""interest subvention""]",0,,2026-08-17T05:16:00.677981,2026-08-17T05:16:00.677983
3728ae1b-4f70-442b-b831-3eb84c4cd94b,Dairy Infrastructure Development Fund (DIDF) - Full Details,"Ministry of Fisheries, Animal Husbandry and Dairying / NABARD","DIDF and related dairy credit schemes provide interest subvention and financing support for setting up and modernising milk processing plants, chilling infrastructure and value-added dairy product facilities.",Agriculture,Loan,Central,"[""Interest subvention on loans for dairy processing and chilling infrastructure"",""Support for value-added dairy product facilities"",""Longer repayment periods"",""Strengthens organised dairy sector and farmer incomes""]","[""Dairy cooperatives, producer companies, FPOs and private dairy entrepreneurs"",""Projects for processing, chilling or value addition"",""Who is NOT eligible: Pure trading without processing infrastructure""]","[""Project report"",""Entity registration documents"",""Land and technical clearances"",""Bank documents""]",50000000,Interest Subvention for Dairy Processing & Chilling Infrastructure,9.0,120,true,24,2.5,"[""NABARD"",""Commercial Banks"",""Cooperative Banks""]",,,,,All,18,,,"[""General"",""OBC"",""SC"",""ST""]",Both,Ongoing,Active,https://www.nabard.org/,"[""didf"",""dairy processing"",""chilling"",""milk"",""interest subvention""]",0,,2026-08-17T05:16:00.678008,2026-08-17T05:16:00.678010
3f9d9fbf-3b46-4e58-abcf-b013daf60957,National Programme for Dairy Development (NPDD) - Full Details,"Ministry of Fisheries, Animal Husbandry and Dairying","NPDD aims to enhance quality of milk and milk products and increase share of organised milk procurement through strengthening of dairy cooperatives and producer institutions, quality testing and cold chain infrastructure.",Agriculture,Subsidy,Central,"[""Support for strengthening dairy cooperatives and producer companies"",""Quality testing infrastructure and training"",""Cold chain and milk chilling support"",""Increased organised milk procurement and better farmer prices""]","[""Dairy cooperatives, producer companies, state federations and implementing agencies"",""Projects approved under NPDD guidelines"",""Who is NOT eligible: Activities outside the quality and cooperative strengthening mandate""]","[""Project proposal"",""Institutional documents"",""Technical details""]",,"Support for Dairy Cooperatives, Quality Testing & Cold Chain",,,,,,,50.0,,false,false,All,,,,"[""General"",""OBC"",""SC"",""ST""]",Both,Ongoing,Active,https://dahd.nic.in/,"[""npdd"",""dairy development"",""cooperatives"",""quality testing"",""cold chain""]",0,,2026-08-17T05:16:00.678053,2026-08-17T05:16:00.678055
fa3e88ba-4423-4307-aca8-fb2b9dba481f,Pradhan Mantri Kisan Maan Dhan Yojana (PM-KMY) - Full Details,Ministry of Agriculture and Farmers Welfare,"PM-KMY is a voluntary pension scheme for small and marginal farmers. Farmers contribute a small monthly amount and receive a minimum pension of Rs 3,000 per month after the age of 60, with matching contribution from the government.",Agriculture,Scheme,Central,"[""Minimum assured pension of Rs 3,000 per month after 60 years"",""Matching contribution by the Central Government"",""Family pension to spouse on death of the subscriber"",""Low and age-based contribution structure"",""Simple enrolment through CSCs""]","[""Small and marginal farmers aged 18 to 40 years"",""Cultivable land up to 2 hectares"",""Not covered under other statutory pension schemes in many cases"",""Who is NOT eligible: Large farmers and those already in organised sector pension schemes""]","[""Aadhaar Card"",""Land records proving small/marginal status"",""Savings bank account"",""Mobile number""]",3000,"Assured Pension Rs 3,000/month for Small & Marginal Farmers",,,,,,,,,,,All,18,40,,"[""General"",""OBC"",""SC"",""ST""]",Rural,Ongoing,Active,https://maandhan.in/ or https://pmkmy.gov.in/,"[""pm-kmy"",""kisan maan dhan"",""farmer pension"",""small marginal farmer""]",0,,2026-08-17T05:16:00.678092,2026-08-17T05:16:00.678094
dadf60ac-976f-4e9e-aaa1-d813f6bb6392,Agriculture Infrastructure Fund (AIF) - Full Details,Ministry of Agriculture and Farmers Welfare,Agriculture Infrastructure Fund provides medium to long-term financing facility for investment in viable projects of post-harvest management infrastructure and community farming assets with 3% interest subvention and credit guarantee support.,Agriculture,Loan,Central,"[""3% interest subvention on loans up to Rs 2 crore for up to 7 years"",""Credit guarantee through CGTMSE for eligible borrowers"",""Supports warehouses, cold stores, sorting-grading units, ripeness chambers, etc."",""10% promoter contribution"",""Long tenure with moratorium""]","[""Farmers, FPOs, PACS, cooperatives, SHGs, startups, state agencies and agri-entrepreneurs"",""Project must create post-harvest or community farming infrastructure"",""Who is NOT eligible: Pure working capital loans without infrastructure creation""]","[""Project report"",""Entity / farmer documents"",""Land documents"",""Bank Account and KYC""]",20000000,3% Interest Subvention + Credit Guarantee for Agri Infrastructure,9.0,84,false,12,3.0,"[""Scheduled Banks"",""NBFCs"",""Cooperatives"",""RRBs""]",,,,,All,18,,,"[""General"",""OBC"",""SC"",""ST""]",Rural,Ongoing,Active,https://agriinfra.dac.gov.in/,"[""aif"",""agriculture infrastructure fund"",""cold chain"",""warehouse"",""interest subvention""]",0,,2026-08-17T05:16:00.678141,2026-08-17T05:16:00.678143
a45253d6-1081-4547-b523-d0ea74825000,"Formation and Promotion of 10,000 FPOs Scheme - Full Details",Ministry of Agriculture and Farmers Welfare,"The Central Sector Scheme for Formation and Promotion of 10,000 Farmer Producer Organizations aims to collectivise farmers, especially small and marginal farmers, into producer organisations so they can benefit from economies of scale in input purchase, processing and marketing.",Agriculture,Scheme,Central,"[""Financial support for FPO formation and handholding"",""Equity grant and credit guarantee support"",""Training and capacity building of FPO members and boards"",""Better market access and bargaining power for farmers"",""Professional management support for a limited period""]","[""Groups of farmers (especially small and marginal) willing to form FPOs"",""Implemented through Cluster Based Business Organizations and Implementing Agencies"",""Who is NOT eligible: Already mature large FPOs not needing formation support""]","[""Farmer identity and land details"",""Group resolution / application through Implementing Agency"",""Bank Account of the proposed FPO""]",,Support for Formation & Strengthening of Farmer Producer Organizations,,,,,,,,,,,All,18,,,"[""General"",""OBC"",""SC"",""ST""]",Rural,Ongoing,Active,https://www.fpo.dac.gov.in/ or through Implementing Agencies,"[""fpo"",""farmer producer organization"",""collectivisation"",""10,000 fpos"",""agriculture""]",0,,2026-08-17T05:16:00.678204,2026-08-17T05:16:00.678206
7d43c05c-3738-4c47-8795-95e61b1eea1c,Interest Subvention Scheme for Short-Term Crop Loans - Full Details,Ministry of Agriculture and Farmers Welfare / Ministry of Finance,The Interest Subvention Scheme provides interest relief to farmers on short-term crop loans up to Rs 3 lakh. Farmers receive loans at subvented rates and prompt repayment incentive further reduces the effective rate.,Agriculture,Loan,Central,"[""Interest subvention making short-term crop loans available at low effective rates"",""Additional incentive for prompt repayment"",""Support for crop production credit needs"",""Available through banks and cooperative institutions""]","[""Farmers taking short-term crop loans up to Rs 3 lakh"",""Loan from scheduled banks, RRBs or cooperatives"",""Who is NOT eligible: Loans above the ceiling for full subvention benefit and non-crop loans""]","[""Aadhaar Card"",""Land records / cultivation certificate"",""Loan application through bank"",""KYC documents""]",300000,Low Interest Short-Term Crop Loans (with Subvention),7.0,12,false,0,3.0,"[""Scheduled Commercial Banks"",""RRBs"",""Cooperative Banks""]",,,,,All,18,,,"[""General"",""OBC"",""SC"",""ST""]",Rural,Ongoing (seasonal),Active,Through banks / https://www.nabard.org/,"[""interest subvention"",""crop loan"",""kcc"",""farmer credit"",""short term""]",0,,2026-08-17T05:16:00.678229,2026-08-17T05:16:00.678230
e4f27a35-01f7-4d35-b176-3aea7c239b06,Pradhan Mantri Awas Yojana - Urban (PMAY-U) 2.0 / Current Phase - Detailed,Ministry of Housing and Urban Affairs,"PMAY-Urban aims to provide housing for all eligible urban families. Under various verticals including Beneficiary Led Construction, Affordable Housing in Partnership and other components, financial assistance is provided for construction or purchase of houses, with focus on EWS and LIG.",Housing,Subsidy,Central,"[""Financial assistance for construction or upgradation of houses"",""Interest subsidy benefits in residual CLSS cases"",""Preference for female ownership or joint ownership"",""Convergence with basic amenities"",""Support for EWS and LIG categories""]","[""Urban families not owning a pucca house in India"",""Income criteria for EWS/LIG as notified"",""Who is NOT eligible: Families already owning a pucca house anywhere in India""]","[""Aadhaar Card"",""Income Certificate"",""Affidavit of no existing pucca house"",""Bank Account details"",""Land or property documents if applicable""]",250000,Financial Assistance for Urban Housing (EWS/LIG),,,,,,,,250000,true,false,All,18,,600000,"[""General"",""OBC"",""SC"",""ST""]",Urban,Ongoing,Active,https://pmaymis.gov.in/,"[""pmay-u"",""pmay urban"",""housing for all"",""ews"",""lig""]",0,,2026-08-17T05:17:17.423833,2026-08-17T05:17:17.423848
063ab6f4-3a31-423a-885e-efbb68292678,Credit Linked Subsidy Scheme (CLSS) under PMAY - Current Status,Ministry of Housing and Urban Affairs,"CLSS component under PMAY-Urban provided interest subsidy on home loans for EWS, LIG and MIG beneficiaries for acquisition or construction of houses. Residual and related interest subsidy benefits continue for eligible beneficiaries under the scheme framework.",Housing,Subsidy,Central,"[""Interest subsidy on housing loans for eligible income categories"",""Reduces EMI burden for first-time home buyers"",""Support for EWS, LIG and previously MIG segments"",""Linked to PMAY-Urban goals of Housing for All""]","[""First-time home buyers in eligible income groups (EWS/LIG)"",""House should meet carpet area norms of the scheme"",""Who is NOT eligible: Those already owning a pucca house in the country""]","[""Aadhaar Card"",""Income Certificate"",""Loan sanction documents from bank"",""Property documents"",""Affidavit of no existing house""]",267000,Interest Subsidy on Home Loans for EWS/LIG,,,,,,,,267000,true,false,All,18,70,600000,"[""General"",""OBC"",""SC"",""ST""]",Urban,As per residual notifications,Active,https://pmaymis.gov.in/,"[""clss"",""pmay urban"",""interest subsidy"",""housing loan"",""ews lig""]",0,,2026-08-17T05:17:17.423888,2026-08-17T05:17:17.423889
cce677dc-ddbc-47e2-92f3-ac59c9cf0bf8,Pradhan Mantri Awas Yojana - Gramin (PMAY-G) Current Implementation - Detailed,Ministry of Rural Development,"PMAY-Gramin aims to provide pucca houses with basic amenities to houseless households and those living in kutcha or dilapidated houses in rural areas. Financial assistance is provided for construction of houses, with preference to vulnerable groups including SC/ST, minorities and women.",Housing,Subsidy,Central,"[""Financial assistance of Rs 1.20 lakh in plain areas and Rs 1.30 lakh in hilly/difficult areas"",""Support for construction of pucca house"",""Convergence with toilets, LPG, electricity and water schemes"",""House preferably in the name of female member or joint ownership""]","[""Rural households that are houseless or living in zero, one or two room kutcha houses"",""As per SECC 2011 data and subsequent exclusions/inclusions by Gram Sabha"",""Who is NOT eligible: Households already owning pucca house or those excluded after verification""]","[""Aadhaar Card"",""Job card / SECC related details"",""Bank Account details"",""Land documents if required"",""Consent for female ownership where applicable""]",130000,Rs 1.20 - 1.30 Lakh for Rural Pucca House,,,,,,,100.0,130000,true,false,All,18,,,"[""General"",""OBC"",""SC"",""ST""]",Rural,Ongoing,Active,https://pmayg.nic.in/,"[""pmay-g"",""pmay gramin"",""rural housing"",""pucca house"",""subsidy""]",0,,2026-08-17T05:17:17.423918,2026-08-17T05:17:17.423920
f6fd7834-995c-40fa-bf85-45cdf8edf8f6,Swachh Bharat Mission (SBM) - Grameen Phase II / Current - Detailed,Ministry of Jal Shakti,"Swachh Bharat Mission (Grameen) Phase II focuses on sustaining Open Defecation Free status, managing solid and liquid waste, and promoting behavioural change for cleanliness in rural areas. It provides incentive support for toilet construction and waste management infrastructure.",Social Welfare,Subsidy,Central,"[""Incentive for individual household latrine construction"",""Support for community toilets and solid waste management"",""Behavioural change communication"",""Improved sanitation and dignity""]","[""Households without toilets in eligible categories"",""Rural local bodies for community infrastructure"",""Who is NOT eligible: Households already having functional toilets in many incentive components""]","[""Aadhaar Card"",""Residence proof"",""Bank Account details"",""Photograph of toilet site if required""]",12000,Toilet Construction Incentive + Sanitation Support (Rural),,,,,,,100.0,12000,true,false,All,,,,"[""General"",""OBC"",""SC"",""ST""]",Rural,Ongoing,Active,https://swachhbharatmission.gov.in/,"[""swachh bharat"",""sbm grameen"",""toilet"",""sanitation"",""odf""]",0,,2026-08-17T05:17:17.423937,2026-08-17T05:17:17.423938
918b70e7-3ba9-43dc-b0c2-81959bb3280b,Swachh Bharat Mission - Urban (SBM-U) 2.0 - Detailed,Ministry of Housing and Urban Affairs,"SBM-Urban 2.0 focuses on making all cities Garbage Free, achieving safe containment and treatment of used water, and sustaining Open Defecation Free status. It supports solid waste management, used water management and behavioural change.",Social Welfare,Scheme,Central,"[""Support for solid waste management infrastructure"",""Used water management and treatment"",""Sustaining ODF status in cities"",""Behavioural change and citizen participation"",""Garbage Free City certification process""]","[""Urban Local Bodies and state agencies implementing SBM-U components"",""Citizens benefit through improved sanitation services"",""Who is NOT eligible: Purely rural interventions under this urban mission""]","[""Project proposals from ULBs"",""As per SBM-U guidelines""]",,Garbage Free Cities + Used Water Management Support,,,,,,,,,,,All,,,,"[""General"",""OBC"",""SC"",""ST""]",Urban,Ongoing,Active,https://sbmurban.org/ or https://mohua.gov.in/,"[""sbm urban"",""garbage free"",""used water"",""sanitation"",""odf""]",0,,2026-08-17T05:17:17.423953,2026-08-17T05:17:17.423954
005691da-86e0-449a-84c3-8a1a1217912c,Jal Jeevan Mission (JJM) / Har Ghar Jal - Full Details,Ministry of Jal Shakti,Jal Jeevan Mission aims to provide Functional Household Tap Connection (FHTC) to every rural household with adequate quantity and prescribed quality of water on a regular and long-term basis. It focuses on source sustainability and community participation.,Social Welfare,Scheme,Central,"[""Tap water connection to every rural household"",""Adequate quantity (55 litres per capita per day) of safe water"",""Community ownership and grey water management"",""Improved health and reduced drudgery for women""]","[""Rural households in villages covered under the Mission"",""As per village action plan and implementation progress"",""Who is NOT eligible: Purely urban households under this specific mission""]","[""Aadhaar Card"",""Residence proof in the village"",""Household details for connection""]",,Functional Tap Water Connection to Every Rural Household,,,,,,,,,,,All,,,,"[""General"",""OBC"",""SC"",""ST""]",Rural,Ongoing,Active,https://jaljeevanmission.gov.in/,"[""jal jeevan mission"",""har ghar jal"",""tap water"",""rural water""]",0,,2026-08-17T05:17:17.423994,2026-08-17T05:17:17.423996
0ec42bb6-6339-4bff-a902-6c67637aff32,Atal Mission for Rejuvenation and Urban Transformation (AMRUT 2.0) - Full Details,Ministry of Housing and Urban Affairs,"AMRUT 2.0 aims to make cities water secure by providing universal water supply through functional taps to all households and managing used water. It also supports city water balance plans, rejuvenation of water bodies and development of green spaces.",Housing,Scheme,Central,"[""Universal water supply through functional household taps"",""Used water management and recycle/reuse"",""Rejuvenation of water bodies and aquifers"",""Green spaces and park development"",""Pey Jal Survekshan and related incentives""]","[""All statutory towns as per AMRUT 2.0 coverage"",""Projects approved under city water action plans"",""Who is NOT eligible: Purely rural water supply under JJM""]","[""City water balance plans and Detailed Project Reports"",""ULB and state approvals""]",,Universal Water Supply & Used Water Management in Cities,,,,,,,,,,,All,,,,"[""General"",""OBC"",""SC"",""ST""]",Urban,Ongoing,Active,https://mohua.gov.in/ or AMRUT portal,"[""amrut 2.0"",""water supply"",""used water"",""urban water security""]",0,,2026-08-17T05:17:17.424015,2026-08-17T05:17:17.424016
cc5a9a90-8e53-460b-9f58-4b0f3279b7ac,Smart Cities Mission - Full Details,Ministry of Housing and Urban Affairs,"Smart Cities Mission aims to develop selected cities with core infrastructure, clean and sustainable environment and application of smart solutions. It focuses on area-based development and pan-city solutions using technology and citizen participation.",Technology,Scheme,Central,"[""Funding and technical support for smart city projects"",""Area-based development and pan-city smart solutions"",""Improved urban services through technology"",""Citizen engagement and better quality of life""]","[""Selected Smart Cities and their Special Purpose Vehicles (SPVs)"",""Projects approved under the Mission guidelines"",""Who is NOT eligible: Cities not selected under the Mission""]","[""SPV documents"",""Detailed Project Reports"",""State and ULB approvals""]",,Smart Infrastructure & Technology Solutions for Selected Cities,,,,,,,,,,,All,,,,"[""General"",""OBC"",""SC"",""ST""]",Urban,Ongoing,Active,https://smartcities.gov.in/,"[""smart cities"",""urban development"",""technology"",""spv""]",0,,2026-08-17T05:17:17.424031,2026-08-17T05:17:17.424032
658f0148-6ca8-457d-86ee-16c9de16f76f,Deen Dayal Antyodaya Yojana - National Urban Livelihoods Mission (DAY-NULM) - Full Details,Ministry of Housing and Urban Affairs,"DAY-NULM aims to reduce poverty and vulnerability of urban poor households by enabling them to access gainful self-employment and skilled wage employment opportunities, resulting in an appreciable improvement in their livelihoods on a sustainable basis.",Social Welfare,Scheme,Central,"[""Formation and support of Self Help Groups in urban areas"",""Skill training and placement support"",""Self-employment and micro-enterprise credit support"",""Shelter for urban homeless"",""Support for street vendors""]","[""Urban poor households, especially women, SC/ST and vulnerable groups"",""As per city-level implementation and vulnerability criteria"",""Who is NOT eligible: Rural households under this specific urban mission""]","[""Aadhaar Card"",""Urban residence proof"",""BPL or vulnerability related documents"",""Bank Account details""]",,"Urban Livelihoods, Skill & SHG Support for Urban Poor",,,,,,,,,,,All,18,,,"[""General"",""OBC"",""SC"",""ST""]",Urban,Ongoing,Active,https://nulm.gov.in/,"[""day-nulm"",""urban livelihoods"",""shg"",""skill"",""street vendor""]",0,,2026-08-17T05:17:17.424091,2026-08-17T05:17:17.424093
52fbb12e-82d5-4784-96e3-0fa32bf5eeca,Pradhan Mantri Street Vendor's AtmaNirbhar Nidhi (PM SVANidhi) - Full Details,Ministry of Housing and Urban Affairs,PM SVANidhi provides affordable working capital loans to street vendors to resume and expand their livelihoods. It offers collateral-free loans in tranches with interest subsidy on timely repayment and incentives for digital transactions.,Business,Loan,Central,"[""Collateral-free working capital loans in tranches (up to Rs 50,000 in later cycles)"",""Interest subsidy of 7% on timely repayment"",""Cashback incentives for digital transactions"",""No collateral required"",""Helps formalise street vendors""]","[""Street vendors operating in urban areas including Census Towns"",""Vendors identified by ULB or possessing Certificate of Vending"",""Age 18 years and above"",""Who is NOT eligible: Vendors purely in non-Census rural areas in most cases""]","[""Aadhaar Card"",""Vending Certificate or ULB ID"",""Bank Account details"",""Passport size photograph""]",50000,"Up to Rs 50,000 Collateral-Free Loan + 7% Interest Subsidy",12.0,24,false,0,7.0,"[""Banks"",""NBFCs"",""MFIs"",""RRBs""]",,,,,All,18,,,"[""General"",""OBC"",""SC"",""ST""]",Urban,Ongoing,Active,https://pmsvanidhi.mohua.gov.in/,"[""pm svanidhi"",""street vendor"",""micro credit"",""urban"",""interest subsidy""]",0,,2026-08-17T05:17:17.424118,2026-08-17T05:17:17.424119
f362740e-b1fe-4a30-9b25-533c8e3a6d77,National Social Assistance Programme (NSAP) - Full Components,Ministry of Rural Development,"NSAP comprises Indira Gandhi National Old Age Pension Scheme (IGNOAPS), Indira Gandhi National Widow Pension Scheme (IGNWPS), Indira Gandhi National Disability Pension Scheme (IGNDPS), National Family Benefit Scheme (NFBS) and Annapurna. It provides social assistance to BPL households.",Social Welfare,Scheme,Central,"[""Monthly pension for elderly (60+), widows and persons with severe disability"",""Lump-sum family benefit on death of primary breadwinner"",""Food security support under Annapurna in some residual cases"",""Central assistance with state top-ups in most states""]","[""Belonging to BPL household as per state identification"",""Age and category criteria (60+ / widow / disability percentage)"",""Who is NOT eligible: Those above poverty line and already receiving higher overlapping pensions in some cases""]","[""Aadhaar Card"",""Age / disability / widow certificate"",""BPL or equivalent proof"",""Bank Account details""]",500,"Monthly Pensions for Elderly, Widows & Disabled (BPL)",,,,,,,,,,,All,18,,100000,"[""General"",""OBC"",""SC"",""ST""]",Both,Ongoing,Active,https://nsap.nic.in/,"[""nsap"",""old age pension"",""widow pension"",""disability pension"",""bpl""]",0,,2026-08-17T05:18:27.961606,2026-08-17T05:18:27.961664
d7115304-f761-43b5-8182-9059a1c230dd,Indira Gandhi National Old Age Pension Scheme (IGNOAPS) - Detailed,Ministry of Rural Development,IGNOAPS provides monthly pension to elderly persons belonging to BPL households. Central contribution is provided with states adding their own top-up amounts in most cases.,Social Welfare,Scheme,Central,"[""Monthly old age pension (central share + state top-up)"",""Direct Benefit Transfer in most states"",""Support for elderly belonging to BPL families"",""Contributes to income security in old age""]","[""Persons aged 60 years and above belonging to BPL households"",""As per state identification of BPL"",""Who is NOT eligible: Persons above poverty line and those already receiving higher pensions under other schemes in some cases""]","[""Aadhaar Card"",""Age proof"",""BPL or equivalent certificate"",""Bank Account details""]",500,Monthly Old Age Pension for BPL Elderly (60+),,,,,,,,,,,All,60,,100000,"[""General"",""OBC"",""SC"",""ST""]",Both,Ongoing,Active,https://nsap.nic.in/ or state social welfare portals,"[""ignoaps"",""old age pension"",""bpl"",""elderly"",""nsap""]",0,,2026-08-17T05:18:27.961738,2026-08-17T05:18:27.961741
9421af9f-e206-4668-abba-28da1aaafe96,Indira Gandhi National Widow Pension Scheme (IGNWPS) - Detailed,Ministry of Rural Development,IGNWPS provides monthly pension to widows belonging to BPL households in the age group 40-79 years (with variations in some states). Central assistance is provided with state top-ups.,Social Welfare,Scheme,Central,"[""Monthly widow pension (central share + state top-up)"",""Direct Benefit Transfer"",""Income support for widows from BPL families""]","[""Widows aged 40-79 years (or as per state rules) belonging to BPL households"",""Who is NOT eligible: Widows above poverty line and those outside the age criteria""]","[""Aadhaar Card"",""Widow certificate / death certificate of spouse"",""Age proof"",""BPL proof"",""Bank Account details""]",500,Monthly Pension for BPL Widows,,,,,,,,,,,Female,40,79,100000,"[""General"",""OBC"",""SC"",""ST""]",Both,Ongoing,Active,https://nsap.nic.in/ or state social welfare portals,"[""ignwps"",""widow pension"",""bpl"",""nsap""]",0,,2026-08-17T05:18:27.961785,2026-08-17T05:18:27.961788
73a547d3-519c-46c6-b8e6-a9f14932e096,Indira Gandhi National Disability Pension Scheme (IGNDPS) - Detailed,Ministry of Rural Development,IGNDPS provides monthly pension to persons with severe or multiple disabilities belonging to BPL households. Central contribution is provided with state top-ups in most states.,Social Welfare,Scheme,Central,"[""Monthly disability pension (central share + state top-up)"",""Direct Benefit Transfer"",""Income support for persons with severe disability from BPL families""]","[""Persons with severe or multiple disabilities (as defined) belonging to BPL households"",""Age criteria as per scheme (generally 18-79 years)"",""Who is NOT eligible: Persons without valid disability certificate or above poverty line""]","[""Aadhaar Card"",""Disability Certificate / UDID"",""BPL proof"",""Bank Account details""]",500,Monthly Pension for BPL Persons with Severe Disability,,,,,,,,,,,All,18,79,100000,"[""General"",""OBC"",""SC"",""ST""]",Both,Ongoing,Active,https://nsap.nic.in/ or state social welfare portals,"[""igndps"",""disability pension"",""bpl"",""pwd"",""nsap""]",0,,2026-08-17T05:18:27.961807,2026-08-17T05:18:27.961808
507cb705-a1d0-4e04-9c00-16147b21cdb1,National Family Benefit Scheme (NFBS) - Detailed,Ministry of Rural Development,NFBS provides a lump-sum family benefit to BPL households on the death of the primary breadwinner. The assistance helps the family cope with the sudden loss of income.,Social Welfare,Scheme,Central,"[""Lump-sum financial assistance to the family on death of primary breadwinner"",""Support for BPL households facing sudden loss of earning member"",""Direct Benefit Transfer in most states""]","[""BPL household in which the primary breadwinner has died"",""Age of deceased generally 18-60 years as per rules"",""Who is NOT eligible: Households not identified as BPL""]","[""Aadhaar Card"",""Death certificate"",""BPL proof"",""Proof of relationship"",""Bank Account details""]",20000,Lump-sum Assistance on Death of Primary Breadwinner (BPL),,,,,,,,,,,All,,,100000,"[""General"",""OBC"",""SC"",""ST""]",Both,Ongoing,Active,https://nsap.nic.in/ or state social welfare portals,"[""nfbs"",""family benefit"",""death benefit"",""bpl"",""nsap""]",0,,2026-08-17T05:18:27.961834,2026-08-17T05:18:27.961835
9cc7f455-6e82-4874-9a34-f8f5c9c4aae6,Pradhan Mantri Shram Yogi Maan-dhan (PM-SYM) - Full Details,Ministry of Labour and Employment,"PM-SYM is a voluntary and contributory pension scheme for unorganised workers. Subscribers receive a minimum assured pension of Rs 3,000 per month after attaining the age of 60 years, with matching contribution from the government.",Social Welfare,Scheme,Central,"[""Minimum assured pension of Rs 3,000 per month after 60 years"",""Equal matching contribution by the Central Government"",""Family pension to spouse on death of subscriber"",""Low monthly contribution based on entry age"",""Simple enrolment through CSCs and online""]","[""Unorganised worker aged 18 to 40 years"",""Monthly income up to Rs 15,000"",""Not covered under EPFO, ESIC or NPS (government)"",""Aadhaar and savings bank account mandatory"",""Who is NOT eligible: Organised sector workers and those above income limit""]","[""Aadhaar Card"",""Savings bank account / Jan Dhan account"",""Mobile number""]",3000,"Assured Pension Rs 3,000/month for Unorganised Workers",,,,,,,,,,,All,18,40,180000,"[""General"",""OBC"",""SC"",""ST""]",Both,Ongoing,Active,https://maandhan.in/ or https://eshram.gov.in/,"[""pm-sym"",""shram yogi maan-dhan"",""unorganised pension"",""3,000 pension""]",0,,2026-08-17T05:18:27.961874,2026-08-17T05:18:27.961876
5ff698e0-67b4-4c66-b899-2e067164330d,Atal Pension Yojana (APY) - Full Details,Ministry of Finance / PFRDA,"Atal Pension Yojana is a government-backed pension scheme for workers in the unorganised sector. Subscribers receive a fixed minimum pension between Rs 1,000 and Rs 5,000 per month after the age of 60, depending on their contribution amount and age of joining.",Finance,Scheme,Central,"[""Guaranteed minimum pension of Rs 1,000 to Rs 5,000 per month after 60 years"",""Government co-contribution for eligible subscribers (for a limited period)"",""Same pension to spouse after subscriber's death"",""Return of corpus to nominee after death of subscriber and spouse"",""Low and flexible contribution options""]","[""Indian citizen aged 18 to 40 years"",""Must have a savings bank account and Aadhaar"",""Primarily targeted at unorganised sector workers"",""Who is NOT eligible: Those already covered under statutory social security schemes in some co-contribution cases""]","[""Aadhaar Card"",""Savings bank account details"",""Mobile number"",""Age proof""]",5000,"Guaranteed Pension Rs 1,000–5,000/month after 60",,,,,,,,,,,All,18,40,,"[""General"",""OBC"",""SC"",""ST""]",Both,Ongoing,Active,https://www.npscra.nsdl.co.in/ or any bank / post office,"[""atal pension"",""apy"",""unorganised sector"",""pension"",""pfrda""]",0,,2026-08-17T05:18:27.961898,2026-08-17T05:18:27.961899
6405c9d0-4cf7-4ca4-b333-b53440662601,Pradhan Mantri Jeevan Jyoti Bima Yojana (PMJJBY) - Full Details,Ministry of Finance,PMJJBY is an affordable life insurance scheme offering Rs 2 lakh life cover for death due to any reason at a very low annual premium. It is available to savings bank account holders in the age group 18-50 years and is renewable yearly.,Finance,Scheme,Central,"[""Life insurance cover of Rs 2 lakh for death due to any reason"",""Very low annual premium (around Rs 436 as per latest rates)"",""Auto-debit from linked bank account"",""Easy enrolment through bank or post office""]","[""Savings bank account holder aged 18 to 50 years"",""Must consent to auto-debit of premium"",""Who is NOT eligible: Persons outside the 18-50 age group at entry""]","[""Aadhaar Card"",""Savings bank account details"",""Consent form for auto-debit""]",200000,Rs 2 Lakh Life Insurance at Very Low Premium,,,,,,,,,,,All,18,50,,"[""General"",""OBC"",""SC"",""ST""]",Both,Ongoing (annual renewal),Active,https://www.jansuraksha.gov.in/ or through banks,"[""pmjjby"",""life insurance"",""jeevan jyoti"",""low premium"",""bank""]",0,,2026-08-17T05:18:27.961915,2026-08-17T05:18:27.961916
5e8a2779-46ab-4979-9248-aaa9215560cc,Pradhan Mantri Suraksha Bima Yojana (PMSBY) - Full Details,Ministry of Finance,PMSBY is an accident insurance scheme providing Rs 2 lakh cover for accidental death and full disability and Rs 1 lakh for partial disability at an extremely low annual premium of Rs 20. It is linked to savings bank accounts.,Finance,Scheme,Central,"[""Rs 2 lakh for accidental death or full permanent disability"",""Rs 1 lakh for partial permanent disability"",""Annual premium of only Rs 20"",""Auto-debit facility from bank account""]","[""Savings bank account holder aged 18 to 70 years"",""Must give consent for auto-debit"",""Who is NOT eligible: Persons above 70 years at the time of renewal""]","[""Aadhaar Card"",""Savings bank account details"",""Consent for auto-debit""]",200000,Rs 2 Lakh Accident Insurance at Rs 20/year,,,,,,,,,,,All,18,70,,"[""General"",""OBC"",""SC"",""ST""]",Both,Ongoing (annual renewal),Active,https://www.jansuraksha.gov.in/ or through banks,"[""pmsby"",""accident insurance"",""suraksha bima"",""low premium""]",0,,2026-08-17T05:18:27.961955,2026-08-17T05:18:27.961957
981d6294-405e-42aa-8e0d-6d337250c563,Pradhan Mantri Jan Dhan Yojana (PMJDY) - Full Details,"Department of Financial Services, Ministry of Finance","Pradhan Mantri Jan Dhan Yojana is the national mission for financial inclusion. It provides universal access to banking facilities with zero-balance savings accounts, RuPay debit cards, accidental insurance cover, overdraft facility and direct benefit transfer readiness for every household.",Finance,Scheme,Central,"[""Zero-balance savings bank account"",""RuPay debit card with inbuilt accident insurance of Rs 2 lakh"",""Overdraft facility up to Rs 10,000 after satisfactory operation"",""Access to Direct Benefit Transfer of government schemes"",""Life cover of Rs 30,000 in eligible cases""]","[""Any Indian citizen (including minors with guardian)"",""No existing bank account required for basic account opening"",""Aadhaar preferred for seeding"",""Who is NOT eligible: Persons already holding multiple full-KYC accounts in some restricted cases""]","[""Aadhaar Card (preferred)"",""Any officially valid identity and address proof"",""Passport size photograph""]",10000,Zero Balance Account + RuPay Card + Insurance + Overdraft,,,,,,,,,,,All,10,,,"[""General"",""OBC"",""SC"",""ST""]",Both,Ongoing,Active,https://www.pmjdy.gov.in/,"[""pmjdy"",""jan dhan"",""financial inclusion"",""zero balance"",""rupay""]",0,,2026-08-17T05:18:27.961977,2026-08-17T05:18:27.961979
feed5f69-5e32-48c1-a8fe-252807a03315,Ayushman Bharat - Pradhan Mantri Jan Arogya Yojana (AB-PMJAY) - Full Details,Ministry of Health and Family Welfare / National Health Authority,Ayushman Bharat PM-JAY is the world's largest publicly funded health assurance scheme providing a cover of Rs 5 lakh per family per year for secondary and tertiary care hospitalisation to over 12 crore eligible poor and vulnerable families. It is cashless and paperless at empaneled hospitals.,Healthcare,Scheme,Central,"[""Health cover of Rs 5 lakh per family per year"",""Cashless treatment at empaneled public and private hospitals"",""Covers secondary and tertiary hospitalisation expenses"",""Pre and post hospitalisation benefits as per package"",""No restriction on family size or age""]","[""Families identified under SECC 2011 deprivation criteria and later expansions"",""As per state beneficiary lists and ABHA / card generation"",""Who is NOT eligible: Families not included in the eligible beneficiary database""]","[""Aadhaar Card preferred"",""Ration card or other identity proof"",""PMJAY e-card or letter if generated""]",500000,Rs 5 Lakh Health Cover per Family for Hospitalisation,,,,,,,,,,,All,,,,"[""General"",""OBC"",""SC"",""ST""]",Both,Ongoing,Active,https://pmjay.gov.in/,"[""pmjay"",""ayushman bharat"",""health insurance"",""5 lakh"",""hospitalisation""]",0,,2026-08-17T05:19:51.450684,2026-08-17T05:19:51.450704
7331349a-b425-4516-b78e-d8f3171d8d50,Ayushman Bharat Health and Wellness Centres (AB-HWC) - Full Details,Ministry of Health and Family Welfare,"Ayushman Bharat Health and Wellness Centres aim to provide comprehensive primary healthcare including maternal and child health, non-communicable diseases, free essential drugs and diagnostics closer to the community. They form the foundation of the primary healthcare system under Ayushman Bharat.",Healthcare,Scheme,Central,"[""Comprehensive primary healthcare services near community"",""Screening and management of NCDs"",""Free essential medicines and diagnostics"",""Maternal, child and adolescent health services"",""Health promotion and wellness activities""]","[""All residents of the catchment area of the Health and Wellness Centre"",""No income restriction for primary care services"",""Who is NOT eligible: None for basic primary care access""]","[""Aadhaar preferred for registration"",""ABHA number if available""]",,Comprehensive Primary Healthcare near the Community,,,,,,,,,,,All,,,,"[""General"",""OBC"",""SC"",""ST""]",Both,Ongoing,Active,https://ab-hwc.nhp.gov.in/ or local HWC,"[""ab-hwc"",""health and wellness centre"",""primary healthcare"",""ncd"",""ayushman""]",0,,2026-08-17T05:19:51.450760,2026-08-17T05:19:51.450762
0486d0e9-140a-497e-a623-86daf8778401,National Health Mission (NHM) - Full Components,Ministry of Health and Family Welfare,"National Health Mission (including NRHM and NUHM) aims to provide accessible, affordable and quality healthcare to the rural and urban population, with special focus on the poor and vulnerable. It supports reproductive, maternal, newborn, child and adolescent health, communicable and non-communicable disease control and health system strengthening.",Healthcare,Scheme,Central,"[""Strengthening of public health facilities"",""Free drugs and diagnostics initiatives"",""ASHA and community health worker support"",""Maternal and child health programmes"",""Disease control programmes""]","[""All citizens accessing public health facilities"",""Specific programme components have their own targeting"",""Who is NOT eligible: None for core public health services""]","[""Aadhaar preferred for many services"",""As per specific programme""]",,Strengthened Public Health System & Free Essential Care,,,,,,,,,,,All,,,,"[""General"",""OBC"",""SC"",""ST""]",Both,Ongoing,Active,https://nhm.gov.in/,"[""nhm"",""nrhm"",""nuhm"",""public health"",""maternal child health""]",0,,2026-08-17T05:19:51.450809,2026-08-17T05:19:51.450812
5cfda23e-b253-466d-ab8e-2943c1added6,Janani Suraksha Yojana (JSY) - Full Details,Ministry of Health and Family Welfare,Janani Suraksha Yojana is a safe motherhood intervention under NHM that promotes institutional delivery among poor pregnant women by providing cash assistance. It integrates cash assistance with delivery and post-delivery care.,Healthcare,Scheme,Central,"[""Cash assistance for institutional delivery"",""Higher assistance in low performing states and for rural areas"",""Support for BPL and SC/ST women in many states"",""Encourages institutional deliveries and reduces maternal mortality""]","[""Pregnant women belonging to BPL, SC or ST categories (criteria vary by state performance)"",""Institutional delivery in government or accredited private facility"",""Who is NOT eligible: Women delivering at home without meeting scheme conditions""]","[""Aadhaar Card"",""MCP Card / pregnancy registration"",""BPL or caste certificate as applicable"",""Bank Account details""]",1400,Cash Assistance for Institutional Delivery (JSY),,,,,,,,,,,Female,18,,,"[""General"",""OBC"",""SC"",""ST""]",Both,Ongoing,Active,Through ANM / ASHA / Health facility or https://nhm.gov.in/,"[""jsy"",""janani suraksha"",""institutional delivery"",""maternal health"",""cash assistance""]",0,,2026-08-17T05:19:51.450888,2026-08-17T05:19:51.450890
613e5959-88e4-41a6-af81-59c4c2167ef2,Janani Shishu Suraksha Karyakram (JSSK) - Full Details,Ministry of Health and Family Welfare,"JSSK provides completely free and cashless services to pregnant women for normal deliveries and caesarean operations and to sick newborns up to 1 year of age in public health institutions. It includes free drugs, diagnostics, diet, transport and blood.",Healthcare,Scheme,Central,"[""Free delivery (normal and C-section) in public facilities"",""Free drugs, diagnostics, diet and blood"",""Free transport from home to facility and drop back"",""Free treatment for sick infants up to 1 year"",""No user charges in public health institutions""]","[""All pregnant women delivering in public health institutions"",""Sick newborns / infants up to 1 year in public facilities"",""Who is NOT eligible: Private facility deliveries without referral under scheme""]","[""Pregnancy registration / MCP Card"",""Aadhaar preferred"",""Identity proof""]",,Completely Free Delivery & Sick Newborn Care in Public Facilities,,,,,,,,,,,Female,,,,"[""General"",""OBC"",""SC"",""ST""]",Both,Ongoing,Active,Through public health facilities or https://nhm.gov.in/,"[""jssk"",""free delivery"",""sick newborn"",""maternal health"",""cashless""]",0,,2026-08-17T05:19:51.450913,2026-08-17T05:19:51.450914
be55e532-c1b7-4e58-8c60-30524bbd790c,Pradhan Mantri Surakshit Matritva Abhiyan (PMSMA) - Full Details,Ministry of Health and Family Welfare,PMSMA provides fixed-day free antenatal care to pregnant women on the 9th of every month in public health facilities. It focuses on identifying high-risk pregnancies and ensuring quality antenatal check-ups by doctors and specialists.,Healthcare,Scheme,Central,"[""Free antenatal check-up by doctor / specialist on 9th of every month"",""Identification and management of high-risk pregnancies"",""Lab investigations and ultrasound as per protocol"",""Counselling and birth preparedness""]","[""All pregnant women in the second and third trimester"",""Especially those who have not received quality ANC earlier"",""Who is NOT eligible: None for the free ANC day services""]","[""MCP Card / pregnancy registration"",""Aadhaar preferred""]",,Free Fixed-Day Quality Antenatal Care on 9th of Every Month,,,,,,,,,,,Female,,,,"[""General"",""OBC"",""SC"",""ST""]",Both,Ongoing (9th of every month),Active,Through public health facilities or https://pmsma.mohfw.gov.in/,"[""pmsma"",""antenatal care"",""high risk pregnancy"",""maternal health""]",0,,2026-08-17T05:19:51.450929,2026-08-17T05:19:51.450931
87aec569-62ca-423d-a193-42d8a922a05f,Rashtriya Bal Swasthya Karyakram (RBSK) - Full Details,Ministry of Health and Family Welfare,"RBSK is a child health screening and early intervention programme under NHM that screens children from birth to 18 years for 4Ds – Defects at birth, Diseases, Deficiencies and Developmental delays including disabilities. Free treatment and management is provided for identified conditions.",Healthcare,Scheme,Central,"[""Screening of children 0-18 years for birth defects, diseases, deficiencies and developmental delays"",""Free treatment and surgeries for identified conditions"",""Early intervention services"",""Referral and follow-up support""]","[""All children from birth to 18 years in the community and schools"",""Who is NOT eligible: None for screening services""]","[""Aadhaar preferred"",""School or Anganwadi identity if applicable""]",,Free Screening & Treatment for Children 0-18 Years (4Ds),,,,,,,,,,,All,0,18,,"[""General"",""OBC"",""SC"",""ST""]",Both,Ongoing,Active,Through RBSK teams / https://nhm.gov.in/,"[""rbsk"",""child health"",""screening"",""birth defects"",""early intervention""]",0,,2026-08-17T05:19:51.450945,2026-08-17T05:19:51.450946
10856817-e9df-48aa-85bb-1f8aa2fc0780,Universal Immunisation Programme (UIP) / Mission Indradhanush - Full Details,Ministry of Health and Family Welfare,The Universal Immunisation Programme provides free vaccines against preventable diseases to children and pregnant women. Mission Indradhanush and Intensified Mission Indradhanush focus on increasing full immunisation coverage by targeting left-out and drop-out children.,Healthcare,Scheme,Central,"[""Free vaccines against tuberculosis, polio, diphtheria, pertussis, tetanus, measles, hepatitis B, Hib, rotavirus, pneumococcal and other diseases as per schedule"",""Special drives under Mission Indradhanush for left-out children"",""Improved child survival and reduced disease burden""]","[""All children as per national immunisation schedule"",""Pregnant women for TT / Td vaccines"",""Who is NOT eligible: None for age-appropriate free vaccines""]","[""MCP Card / immunisation card"",""Aadhaar preferred""]",,Free Vaccines for Children & Pregnant Women under UIP,,,,,,,,,,,All,0,16,,"[""General"",""OBC"",""SC"",""ST""]",Both,Ongoing,Active,Through ANM / ASHA / Health facilities or https://nhm.gov.in/,"[""uip"",""mission indradhanush"",""immunisation"",""vaccination"",""child health""]",0,,2026-08-17T05:19:51.450961,2026-08-17T05:19:51.450962
c18d261d-0e8a-4495-ac70-682888a5dca6,National TB Elimination Programme (NTEP) / Nikshay - Full Details,Ministry of Health and Family Welfare,"NTEP aims to eliminate tuberculosis in India. It provides free diagnosis, free treatment including newer drugs for drug-resistant TB, nutritional support (Nikshay Poshan Yojana) and digital monitoring through Nikshay portal.",Healthcare,Scheme,Central,"[""Free diagnosis and treatment of TB including drug-resistant TB"",""Nutritional support of Rs 500 per month under Nikshay Poshan Yojana"",""Digital tracking and adherence support"",""Incentives for private sector notification and treatment""]","[""All persons diagnosed with tuberculosis"",""Nutritional support for notified TB patients on treatment"",""Who is NOT eligible: None for free TB treatment""]","[""Aadhaar Card preferred"",""Bank Account for nutritional support"",""Diagnosis and treatment records""]",500,Free TB Treatment + Rs 500/month Nutritional Support,,,,,,,,,,,All,,,,"[""General"",""OBC"",""SC"",""ST""]",Both,Ongoing,Active,https://nikshay.in/ or through TB units / health facilities,"[""ntep"",""nikshay"",""tb elimination"",""tuberculosis"",""nutritional support""]",0,,2026-08-17T05:19:51.450976,2026-08-17T05:19:51.450977
288db50d-7eb2-44de-9298-a22c7e41742a,National Viral Hepatitis Control Programme (NVHCP) - Full Details,Ministry of Health and Family Welfare,"NVHCP provides free diagnosis and treatment for viral hepatitis, especially Hepatitis B and C, through designated treatment centres. It aims to reduce morbidity and mortality due to viral hepatitis and prevent transmission.",Healthcare,Scheme,Central,"[""Free testing and treatment for Hepatitis B and C"",""Support for prevention of parent-to-child transmission"",""Awareness and capacity building"",""Linkage to care through designated centres""]","[""Persons diagnosed with viral hepatitis as per programme criteria"",""Pregnant women for screening components"",""Who is NOT eligible: None for free treatment once diagnosed under the programme""]","[""Aadhaar preferred"",""Lab reports"",""Treatment centre registration""]",,Free Diagnosis & Treatment for Viral Hepatitis (B & C),,,,,,,,,,,All,,,,"[""General"",""OBC"",""SC"",""ST""]",Both,Ongoing,Active,Through designated treatment centres or https://nvhcp.mohfw.gov.in/,"[""nvhcp"",""viral hepatitis"",""hepatitis b"",""hepatitis c"",""free treatment""]",0,,2026-08-17T05:19:51.450990,2026-08-17T05:19:51.450991
c3280df7-fb64-43be-92ca-7a86d4f9cbee,Mission Shakti (Umbrella Scheme for Women Safety & Empowerment) - Comprehensive,Ministry of Women and Child Development,"Mission Shakti is the umbrella scheme for the safety, security and empowerment of women. It has two sub-schemes: Sambal (safety and security) covering One Stop Centres, Women Helpline, Beti Bachao Beti Padhao and Nari Adalat; and Samarthya (empowerment) covering Ujjawala, Swadhar Greh, Working Women Hostel, National Creche Scheme and Pradhan Mantri Matru Vandana Yojana with modifications. It follows a life-cycle continuum approach for women-led development.",Social Welfare,Scheme,Central,"[""Integrated continuum of care for women affected by violence"",""Safety and security services through OSC, 181 Helpline and Nari Adalat"",""Empowerment components including hostels, creches and maternity benefits"",""Convergence of multiple women-centric schemes under one mission"",""Support for differently-abled and marginalized women""]","[""Women and girls across life-cycle stages, especially those in need of care, protection or empowerment"",""Specific component-wise eligibility (e.g., for PMMVY or OSC services)"",""Who is NOT eligible: Component-specific exclusions apply""]","[""Aadhaar Card"",""As per specific component (e.g., pregnancy registration for PMMVY)""]",,"Umbrella Mission for Women Safety, Security & Empowerment",,,,,,,,,,,Female,,,,"[""General"",""OBC"",""SC"",""ST""]",Both,Ongoing,Active,https://missionshakti.wcd.gov.in/,"[""mission shakti"",""sambal"",""samarthya"",""women safety"",""empowerment""]",0,,2026-08-17T05:56:21.243742,2026-08-17T05:56:21.243806
bf2c4c56-ce0d-401b-b5e8-cc90fe5a0cfd,Mission Vatsalya (Child Protection Services) - Comprehensive,Ministry of Women and Child Development,"Mission Vatsalya (erstwhile Child Protection Services / ICPS) is a Centrally Sponsored Scheme to ensure care, protection, development and well-being of children in difficult circumstances. It promotes family-based non-institutional care as the preferred option and institutional care as last resort, covering Children in Need of Care and Protection and Children in Conflict with Law.",Social Welfare,Scheme,Central,"[""Sponsorship, foster care, adoption and aftercare support"",""Institutional care through Child Care Institutions when needed"",""Emergency outreach via Childline (1098)"",""Counselling, rehabilitation and reintegration services"",""Support for children in need of care and protection and in conflict with law""]","[""Children below 18 years for most care components; aftercare up to 21/23 years"",""Children in Need of Care and Protection or in Conflict with Law"",""Caregiver family income criteria for sponsorship in many cases (e.g. below Rs 8 lakh)"",""Who is NOT eligible: Children not falling under JJ Act categories for protection services""]","[""Age proof"",""Aadhaar if available"",""As required by Child Welfare Committee / District Child Protection Unit""]",,"Care, Protection & Rehabilitation for Children in Difficult Circumstances",,,,,,,,,,,All,0,23,800000,"[""General"",""OBC"",""SC"",""ST""]",Both,Ongoing,Active,https://missionvatsalya.wcd.gov.in/,"[""mission vatsalya"",""child protection"",""sponsorship"",""foster care"",""childline""]",0,,2026-08-17T05:56:21.243883,2026-08-17T05:56:21.243885
a057fd3d-ef8a-4c1c-b9cb-62463f3e4ab3,Tele-MANAS (National Tele Mental Health Programme) - Comprehensive,Ministry of Health and Family Welfare,"Tele-MANAS is the digital arm of the National Mental Health Programme providing 24x7 free tele-mental health counselling, psychotherapy, psychiatric consultations, video consultations and e-prescriptions. It operates through Tele-MANAS cells across States/UTs and a toll-free number (14416), available in multiple Indian languages, along with a dedicated mobile app.",Healthcare,Scheme,Central,"[""24x7 free tele-counselling and mental health support"",""Video consultation and e-prescription facility"",""Services in multiple Indian languages"",""Mobile app for self-help and connection to helpline"",""Referral to higher mental health care when needed""]","[""Any individual seeking mental health support in India"",""No income or age restriction for calling the helpline"",""Who is NOT eligible: None for basic counselling services""]","[""None for calling the helpline; consent for video consultation""]",,24x7 Free Tele Mental Health Counselling (Helpline 14416),,,,,,,,,,,All,,,,"[""General"",""OBC"",""SC"",""ST""]",Both,Ongoing,Active,https://telemanas.mohfw.gov.in/ or call 14416,"[""tele manas"",""mental health"",""helpline 14416"",""tele counselling"",""nmhp""]",0,,2026-08-17T05:56:21.243906,2026-08-17T05:56:21.243907
d2d99e45-7f75-402c-89e9-afa4d5eca35b,BharatNet / Amended BharatNet Programme - Detailed,Ministry of Communications / Department of Telecommunications,"BharatNet (formerly National Optical Fibre Network) aims to provide broadband connectivity to all Gram Panchayats in India. The Amended BharatNet Programme focuses on upgrading existing network, last-mile connectivity on demand, and making rural broadband accessible through service-ready infrastructure and partnerships with states and implementing agencies.",Technology,Scheme,Central,"[""Optical fibre / broadband connectivity to Gram Panchayats"",""Support for last-mile connectivity and Wi-Fi hotspots"",""Enables digital services, e-governance, education and health in rural areas"",""Service-ready infrastructure for telecom service providers"",""Demand-based extension to villages""]","[""Gram Panchayats and rural citizens as end users of broadband services"",""Implemented through Project Implementing Agencies and states"",""Who is NOT eligible: Purely urban commercial broadband outside the rural BharatNet mandate""]","[""For end-user connection: as per local service provider / UMANG process""]",,Rural Broadband Connectivity to Gram Panchayats,,,,,,,,,,,All,,,,"[""General"",""OBC"",""SC"",""ST""]",Rural,Ongoing,Active,https://www.bharatnet.nic.in/ or UMANG app (DBN BharatNet),"[""bharatnet"",""rural broadband"",""optical fibre"",""digital india"",""gram panchayat""]",0,,2026-08-17T05:56:21.243922,2026-08-17T05:56:21.243923
6156e1ac-321e-4d74-b1a1-f2e3ec8ebf80,National Creche Scheme (Palna) under Mission Shakti - Detailed,Ministry of Women and Child Development,"The National Creche Scheme (now under Palna component of Mission Shakti Samarthya) provides day-care facilities for children of working mothers, including nutrition, health check-ups and early childhood education support, to enable women to participate in the workforce.",Social Welfare,Scheme,Central,"[""Day-care facilities for children of working mothers"",""Supplementary nutrition and health monitoring"",""Early stimulation and pre-school education elements"",""Enables women's workforce participation"",""Support through creches run by implementing agencies""]","[""Children of working mothers in the prescribed age group (typically 6 months to 6 years)"",""Priority to children of working women from economically weaker sections"",""Who is NOT eligible: Children outside the age or working-mother criteria of the scheme""]","[""Identity and age proof of child"",""Working status proof of mother where required"",""Aadhaar preferred""]",,Day-Care & Nutrition Support for Children of Working Mothers,,,,,,,,,,,All,0,6,,"[""General"",""OBC"",""SC"",""ST""]",Both,Ongoing,Active,https://missionshakti.wcd.gov.in/ or local creche / WCD office,"[""national creche"",""palna"",""day care"",""working mothers"",""mission shakti""]",0,,2026-08-17T05:56:21.243959,2026-08-17T05:56:21.243961
44074520-cbd1-4c8d-9898-ecee04749730,Pradhan Mantri Matru Vandana Yojana (PMMVY) under Mission Shakti - Detailed,Ministry of Women and Child Development,PMMVY provides cash incentive to pregnant and lactating women for the first living child (and enhanced support for second girl child in current guidelines) to compensate for wage loss and encourage health-seeking behaviour. It is implemented as a component of Mission Shakti Samarthya through Direct Benefit Transfer.,Healthcare,Scheme,Central,"[""Cash incentive of Rs 5,000 in instalments for first child"",""Enhanced support for second child if girl (as per current guidelines)"",""Direct Benefit Transfer to Aadhaar-seeded bank/post office account"",""Encourages antenatal care, institutional delivery and immunisation"",""Wage loss compensation for working women""]","[""Pregnant and lactating women for the first living child (and second girl child as notified)"",""Age 19 years and above in many implementations"",""Not for government employees in some cases"",""Who is NOT eligible: Women already receiving similar maternity benefits under other laws in overlapping manner""]","[""Aadhaar Card of woman and husband"",""MCP card / pregnancy registration"",""Bank / post office account details"",""Address and identity proof""]",5000,Cash Incentive for Pregnant & Lactating Women (First Child),,,,,,,,,,,Female,19,45,,"[""General"",""OBC"",""SC"",""ST""]",Both,Ongoing,Active,https://pmmvy.nic.in/ or https://missionshakti.wcd.gov.in/,"[""pmmvy"",""maternity benefit"",""cash incentive"",""pregnant women"",""dbt""]",0,,2026-08-17T05:56:21.243982,2026-08-17T05:56:21.243983
73ceb48c-61e4-49eb-9d32-8fdc00f7dfc7,Childline 1098 / Emergency Outreach under Mission Vatsalya - Detailed,Ministry of Women and Child Development,"Childline 1098 is the 24-hour emergency outreach service for children in need of care and protection. It is integrated under Mission Vatsalya and provides immediate assistance, rescue, counselling and linkage to Child Welfare Committees and other protection services.",Social Welfare,Scheme,Central,"[""24x7 emergency helpline for children in distress"",""Rescue and immediate protection support"",""Counselling and referral to CWC / District Child Protection Unit"",""Support for missing, abandoned, abused or trafficked children"",""Nationwide coverage""]","[""Any child in need of care and protection or in distress"",""Anyone can call on behalf of a child"",""Who is NOT eligible: None for emergency outreach""]","[""None for calling the helpline""]",,24x7 Emergency Helpline for Children (1098),,,,,,,,,,,All,0,18,,"[""General"",""OBC"",""SC"",""ST""]",Both,Ongoing,Active,Call 1098 or https://missionvatsalya.wcd.gov.in/,"[""childline 1098"",""child protection"",""emergency"",""mission vatsalya""]",0,,2026-08-17T05:56:21.243998,2026-08-17T05:56:21.243999
46c90714-52c5-40a1-851a-9d832b8e9180,District Mental Health Programme (DMHP) under NMHP - Detailed,Ministry of Health and Family Welfare,"The District Mental Health Programme is the key implementation arm of the National Mental Health Programme. It provides outpatient services, counselling, drugs, outreach and support for persons with mental illness at district, CHC and PHC levels, and is strengthened by Tele-MANAS as its digital arm.",Healthcare,Scheme,Central,"[""Outpatient mental health services at district hospitals and below"",""Counselling and psycho-social interventions"",""Supply of essential psychiatric drugs"",""Outreach and community support"",""Integration with Tele-MANAS for expanded reach""]","[""Persons with mental illness or seeking mental health care"",""Covered under National Health Mission support in districts"",""Who is NOT eligible: None for basic services""]","[""As required at health facility (Aadhaar preferred)""]",,District-Level Mental Health Services & Support,,,,,,,,,,,All,,,,"[""General"",""OBC"",""SC"",""ST""]",Both,Ongoing,Active,Nearest District Hospital / CHC / PHC or Tele-MANAS 14416,"[""dmhp"",""district mental health"",""nmhp"",""counselling"",""psychiatric care""]",0,,2026-08-17T05:56:21.244013,2026-08-17T05:56:21.244014
4304ecb9-4bab-40d4-baa8-7021d2da70ef,Nari Adalat under Mission Shakti - Detailed,Ministry of Women and Child Development,"Nari Adalat is a new component under the Sambal sub-scheme of Mission Shakti. It is a women collective / alternative dispute resolution mechanism at the gram panchayat level to provide accessible, gender-sensitive resolution of disputes affecting women, complementing formal legal systems.",Social Welfare,Scheme,Central,"[""Accessible alternative dispute resolution for women at local level"",""Gender-sensitive handling of domestic and community disputes"",""Awareness and collective support for women"",""Complement to formal courts and police mechanisms"",""Empowerment through local women collectives""]","[""Women seeking resolution of disputes suitable for local collective mechanism"",""Implemented in selected areas under Mission Shakti"",""Who is NOT eligible: Cases requiring formal criminal justice processes exclusively""]","[""As per local Nari Adalat process""]",,Local Women Collective for Gender-Sensitive Dispute Resolution,,,,,,,,,,,Female,18,,,"[""General"",""OBC"",""SC"",""ST""]",Both,Ongoing,Active,https://missionshakti.wcd.gov.in/ or local WCD / Gram Panchayat,"[""nari adalat"",""mission shakti"",""dispute resolution"",""women collective""]",0,,2026-08-17T05:56:21.244026,2026-08-17T05:56:21.244027
a6827a5a-b724-4a65-ad03-a938679480af,Saksham Anganwadi and Poshan 2.0 - Comprehensive Umbrella,Ministry of Women and Child Development,"Saksham Anganwadi and Poshan 2.0 is the umbrella scheme for improving nutrition and early childhood care outcomes. It strengthens Anganwadi services, provides supplementary nutrition, focuses on the first 1000 days, adolescent girls nutrition, and convergence for reducing malnutrition, stunting and anaemia.",Healthcare,Scheme,Central,"[""Supplementary nutrition for children, pregnant and lactating women"",""Early childhood care and education through Anganwadis"",""Focus on first 1000 days and adolescent nutrition"",""Growth monitoring, health check-ups and referrals"",""Convergence for malnutrition reduction""]","[""Children 0-6 years, pregnant women, lactating mothers and adolescent girls registered at Anganwadi"",""Open coverage in project areas"",""Who is NOT eligible: Those outside the target age and registration groups""]","[""Aadhaar preferred"",""Anganwadi registration / MCP card""]",,Nutrition & Early Childhood Care through Strengthened Anganwadis,,,,,,,,,,,All,0,18,,"[""General"",""OBC"",""SC"",""ST""]",Both,Ongoing,Active,https://wcd.nic.in/ or Poshan Tracker / local Anganwadi,"[""saksham anganwadi"",""poshan 2.0"",""nutrition"",""anganwadi"",""malnutrition""]",0,,2026-08-17T05:56:21.244062,2026-08-17T05:56:21.244064
286388e0-e6b6-4474-9765-020005fd9361,Rural Self Employment Training Institutes (RSETI) - Detailed,Ministry of Rural Development / Banks,RSETIs are dedicated institutions promoted by banks in each district to provide free residential training and skill development to rural youth for self-employment and entrepreneurship. They offer short-term courses linked to bank credit and handholding support.,Business,Scheme,Central,"[""Free residential skill training for rural youth"",""Wide range of vocational and entrepreneurship courses"",""Bank credit linkage support after training"",""Handholding and follow-up for successful settlement"",""Focus on self-employment and micro-enterprise creation""]","[""Rural youth generally aged 18-45 years"",""Preference for BPL and underprivileged candidates in many batches"",""Who is NOT eligible: Urban candidates for the core RSETI residential programmes in most cases""]","[""Aadhaar Card"",""Age proof"",""BPL / income certificate if required for priority"",""Bank Account details""]",,Free Skill Training + Credit Linkage for Rural Self-Employment,,,,,,,,,,,All,18,45,,"[""General"",""OBC"",""SC"",""ST""]",Rural,Ongoing,Active,https://www.nirdpr.org.in/rseti.aspx or local RSETI / bank,"[""rseti"",""rural training"",""self employment"",""skill"",""bank linkage""]",0,,2026-08-17T06:37:32.071290,2026-08-17T06:37:32.071306
04250d8c-ffad-400d-b705-a2b3df4a7d1f,PM POSHAN (Pradhan Mantri Poshan Shakti Nirman) / Mid-Day Meal Scheme - Comprehensive,Ministry of Education,"PM POSHAN (formerly Mid-Day Meal Scheme) provides hot cooked meals to children studying in government and government-aided schools to improve nutritional status, increase enrolment, retention and attendance, and reduce classroom hunger.",Education,Scheme,Central,"[""Hot cooked nutritious meal on school working days"",""Improved nutrition and reduced classroom hunger"",""Support for enrolment and retention in elementary education"",""Additional nutrition components and kitchen infrastructure support"",""Focus on equity and inclusion""]","[""Children studying in Classes I-VIII in government and government-aided schools, including special training centres"",""Who is NOT eligible: Private unaided school students in pure form""]","[""School enrolment"",""Aadhaar preferred for tracking in many states""]",,Free Hot Cooked Meals for School Children (Classes I-VIII),,,,,,,,,,,All,6,14,,"[""General"",""OBC"",""SC"",""ST""]",Both,Ongoing,Active,https://pmposhan.education.gov.in/ or school level,"[""pm poshan"",""mid day meal"",""school meal"",""nutrition"",""education""]",0,,2026-08-17T06:37:32.071345,2026-08-17T06:37:32.071347
8c1603bf-369e-4030-aa55-0374ad78c7ae,e-Shram Portal / National Database of Unorganised Workers - Detailed,Ministry of Labour and Employment,"e-Shram is the national database of unorganised workers. Registration provides a Universal Account Number (UAN) and enables delivery of social security benefits, accident insurance coverage and future welfare schemes to unorganised sector workers.",Social Welfare,Scheme,Central,"[""Universal Account Number (UAN) for unorganised workers"",""Accident insurance cover of Rs 2 lakh (death) and Rs 1 lakh (disability) under related components"",""Gateway for future social security and welfare schemes"",""Single window registration and portability of benefits""]","[""Unorganised workers aged 16-59 years"",""Not covered under EPFO/ESIC in regular formal employment in many cases"",""Who is NOT eligible: Organised sector workers already fully covered under EPFO/ESIC""]","[""Aadhaar Card"",""Mobile number linked to Aadhaar"",""Bank Account details"",""Occupation details""]",200000,UAN + Accident Insurance for Unorganised Workers,,,,,,,,,,,All,16,59,,"[""General"",""OBC"",""SC"",""ST""]",Both,Ongoing,Active,https://eshram.gov.in/,"[""e-shram"",""unorganised workers"",""uan"",""labour"",""insurance""]",0,,2026-08-17T06:37:32.071398,2026-08-17T06:37:32.071399
edb5faa1-d3ec-45c0-b911-b3e391aaa0dd,PM Gati Shakti National Master Plan - Detailed,Ministry of Commerce and Industry / DPIIT,"PM Gati Shakti is a national master plan for multi-modal connectivity that integrates infrastructure projects across ministries and states on a common digital platform to reduce logistics cost, improve planning and accelerate project implementation.",Business,Scheme,Central,"[""Integrated planning of infrastructure projects"",""Reduced logistics cost and improved multi-modal connectivity"",""Better coordination across ministries and states"",""Digital platform for project visualisation and monitoring"",""Support for economic growth and competitiveness""]","[""Primarily government infrastructure projects and planning agencies"",""Businesses benefit indirectly through improved connectivity"",""Who is NOT eligible: Not a direct individual beneficiary scheme""]","[""As applicable for project implementing agencies""]",,National Master Plan for Multi-Modal Infrastructure Connectivity,,,,,,,,,,,All,,,,"[""General"",""OBC"",""SC"",""ST""]",Both,Ongoing,Active,https://pmgatishakti.gov.in/,"[""pm gati shakti"",""infrastructure"",""logistics"",""multi modal"",""connectivity""]",0,,2026-08-17T06:37:32.071418,2026-08-17T06:37:32.071420
23c58253-71ad-47e4-955a-c559c392c93a,Bharatmala Pariyojana - Detailed,Ministry of Road Transport and Highways,"Bharatmala Pariyojana is a flagship highway development programme aimed at optimising the efficiency of freight and passenger movement across the country by developing economic corridors, inter-corridors, feeder routes, national corridors efficiency improvement, border and international connectivity roads, coastal and port connectivity roads and expressways.",Business,Scheme,Central,"[""Development of economic corridors and expressways"",""Improved freight and passenger movement efficiency"",""Better connectivity to ports, borders and industrial clusters"",""Reduced logistics cost and travel time"",""Boost to economic activity along corridors""]","[""Infrastructure development programme; benefits to economy and users of the highway network"",""Who is NOT eligible: Not a direct individual cash or subsidy scheme""]","[""N/A for individual citizens""]",,National Highway Development Programme for Economic Corridors,,,,,,,,,,,All,,,,"[""General"",""OBC"",""SC"",""ST""]",Both,Ongoing,Active,https://morth.nic.in/ or NHAI,"[""bharatmala"",""highway"",""economic corridor"",""expressway"",""logistics""]",0,,2026-08-17T06:37:32.071435,2026-08-17T06:37:32.071436
6b3138e5-5fd6-4a76-88a3-cf187d464b6e,Sagarmala Programme - Detailed,"Ministry of Ports, Shipping and Waterways","Sagarmala aims to promote port-led development by optimising the use of India's coastline and waterways. It covers port modernisation, port connectivity, port-led industrialisation and coastal community development.",Business,Scheme,Central,"[""Port modernisation and capacity expansion"",""Improved port connectivity (rail, road, inland waterways)"",""Port-led industrialisation and coastal economic zones"",""Coastal community skill development and livelihood support"",""Reduced logistics cost for EXIM trade""]","[""Primarily infrastructure and industrial development programme"",""Coastal communities benefit through specific livelihood components"",""Who is NOT eligible: Not a general individual subsidy scheme""]","[""As applicable for project proponents and community components""]",,Port-Led Development & Coastal Economic Growth Programme,,,,,,,,,,,All,,,,"[""General"",""OBC"",""SC"",""ST""]",Both,Ongoing,Active,https://sagarmala.gov.in/,"[""sagarmala"",""ports"",""coastal"",""shipping"",""logistics""]",0,,2026-08-17T06:37:32.071453,2026-08-17T06:37:32.071454
667988cc-792e-4dec-9cc9-7cf002850799,UDAAN / RCS-UDAN (Regional Connectivity Scheme) - Detailed,Ministry of Civil Aviation,"RCS-UDAN (Ude Desh ka Aam Nagrik) is a regional connectivity scheme that aims to make air travel affordable and widespread by supporting airlines to operate on regional routes with Viability Gap Funding and other incentives, connecting unserved and underserved airports.",Business,Scheme,Central,"[""Affordable air fares on regional routes (capped fares on many sectors)"",""Improved regional air connectivity"",""Viability Gap Funding support to airlines"",""Development of unserved and underserved airports"",""Boost to tourism and economic activity in smaller cities""]","[""Airlines operating RCS routes; passengers benefit through lower fares"",""Who is NOT eligible: Not a direct individual application scheme for subsidy""]","[""N/A for passengers (book tickets on RCS routes)""]",,Affordable Regional Air Connectivity (RCS-UDAN),,,,,,,,,,,All,,,,"[""General"",""OBC"",""SC"",""ST""]",Both,Ongoing,Active,https://www.civilaviation.gov.in/ or RCS-UDAN portal,"[""udan"",""rcs"",""regional connectivity"",""aviation"",""affordable air""]",0,,2026-08-17T06:37:32.071466,2026-08-17T06:37:32.071467
87833491-7476-4c2e-8e55-a56cfe62de09,HRIDAY (Heritage City Development and Augmentation Yojana) - Detailed,Ministry of Housing and Urban Affairs,"HRIDAY aims to preserve and revitalise the heritage character of selected cities while improving infrastructure, tourism amenities and livelihood opportunities linked to heritage. It focuses on holistic development of heritage cities.",Housing,Scheme,Central,"[""Heritage infrastructure development and revitalisation"",""Improved tourism amenities and visitor experience"",""Support for livelihood linked to heritage and tourism"",""Better documentation and conservation of heritage assets"",""City-level heritage management plans""]","[""Selected heritage cities under the scheme"",""Citizens and businesses benefit through improved urban heritage infrastructure"",""Who is NOT eligible: Cities not notified under HRIDAY""]","[""As applicable for implementing agencies and project components""]",,Heritage City Development & Tourism Infrastructure Support,,,,,,,,,,,All,,,,"[""General"",""OBC"",""SC"",""ST""]",Urban,As per city projects,Active,https://mohua.gov.in/ or HRIDAY related portals,"[""hriday"",""heritage city"",""tourism"",""urban"",""conservation""]",0,,2026-08-17T06:37:32.071484,2026-08-17T06:37:32.071485
873947a2-5392-44eb-b6e4-008346f36e98,National Food Security Act (NFSA) / Targeted Public Distribution System - Comprehensive,"Ministry of Consumer Affairs, Food and Public Distribution","The National Food Security Act provides legal entitlement to subsidised foodgrains to a large section of the population through the Targeted Public Distribution System. Priority households and Antyodaya Anna Yojana (AAY) families receive highly subsidised rice, wheat and coarse grains.",Social Welfare,Subsidy,Central,"[""Highly subsidised foodgrains (rice, wheat, coarse grains) under TPDS"",""Legal entitlement for priority and AAY households"",""Nutritional support for pregnant women, lactating mothers and children through related provisions"",""Portability of ration benefits under One Nation One Ration Card in many states""]","[""Priority Households and Antyodaya Anna Yojana families as identified by states under NFSA coverage criteria"",""Who is NOT eligible: Households outside the NFSA coverage list""]","[""Ration Card"",""Aadhaar for authentication in many states"",""Identity proof""]",,"Subsidised Foodgrains under NFSA / TPDS (Rice, Wheat)",,,,,,,90.0,,false,false,All,,,,"[""General"",""OBC"",""SC"",""ST""]",Both,Ongoing,Active,https://nfsa.gov.in/ or state food / ration card portals,"[""nfsa"",""tpds"",""ration"",""food security"",""subsidised food""]",0,,2026-08-17T06:37:32.071499,2026-08-17T06:37:32.071500
afa9057f-78bc-4fdf-81f9-85d80aa6ecb6,Rashtriya Gokul Mission - Detailed,"Ministry of Fisheries, Animal Husbandry and Dairying","Rashtriya Gokul Mission is a focused programme for development and conservation of indigenous bovine breeds. It supports genetic upgradation, establishment of Gokul Grams, breed improvement and enhancement of milk production and productivity of indigenous cattle and buffaloes.",Agriculture,Scheme,Central,"[""Conservation and development of indigenous bovine breeds"",""Support for Gokul Grams and breed multiplication farms"",""Genetic upgradation through advanced reproductive technologies"",""Enhanced milk productivity of indigenous cattle and buffaloes"",""Promotion of indigenous breeds and related livelihoods""]","[""Farmers, breeders, cooperatives and implementing agencies involved in indigenous cattle and buffalo development"",""Who is NOT eligible: Focus is on indigenous breeds rather than exotic only programmes""]","[""As per implementing agency and project guidelines"",""Aadhaar and bank details for individual farmer benefits where applicable""]",,Indigenous Cattle & Buffalo Breed Development and Conservation,,,,,,,,,,,All,18,,,"[""General"",""OBC"",""SC"",""ST""]",Both,Ongoing,Active,https://dahd.nic.in/ or state animal husbandry departments,"[""rashtriya gokul mission"",""indigenous cattle"",""buffalo"",""breed"",""dairy""]",0,,2026-08-17T06:37:55.471968,2026-08-17T06:37:55.471984
b8fada1a-7a1f-464c-a966-0d84c93027b9,Van Dhan Yojana (Van Dhan Vikas Kendra) - Detailed,Ministry of Tribal Affairs / TRIFED,"Van Dhan Yojana aims to improve the livelihoods of tribal gatherers by promoting value addition to Minor Forest Produce (MFP) through Van Dhan Vikas Kendras. It provides training, tools, working capital and market linkages so that tribal communities can earn better returns from forest produce.",Social Welfare,Scheme,Central,"[""Formation and support of Van Dhan Vikas Kendras / Self Help Groups"",""Training and skill development for value addition of Minor Forest Produce"",""Tools, equipment and working capital support"",""Market linkages and better price realisation for tribal gatherers"",""Focus on sustainable harvesting and livelihood enhancement""]","[""Tribal gatherers and forest-dependent communities organised into SHGs / Van Dhan groups"",""Who is NOT eligible: Non-tribal individuals for the core Van Dhan components""]","[""Aadhaar Card"",""Tribal / ST certificate"",""SHG / group documents"",""Bank Account details""]",,Value Addition & Livelihood Support for Tribal Forest Produce Gatherers,,,,,,,,,,,All,18,,,"[""ST""]",Rural,Ongoing,Active,https://trifed.tribal.gov.in/ or Van Dhan portals,"[""van dhan"",""tribal"",""minor forest produce"",""mfp"",""livelihood"",""trifed""]",0,,2026-08-17T06:39:43.390635,2026-08-17T06:39:43.390752
78f2bf1c-61cb-4e9c-99a3-344ca6076918,Deendayal Antyodaya Yojana - National Rural Livelihoods Mission (DAY-NRLM) - Comprehensive,Ministry of Rural Development,"DAY-NRLM aims to reduce poverty by enabling poor households to access gainful self-employment and skilled wage employment opportunities through the promotion of strong institutions of the poor, especially women SHGs, and providing them financial and other support.",Social Welfare,Scheme,Central,"[""Promotion and strengthening of women Self Help Groups"",""Community investment support and revolving funds"",""Access to formal credit and livelihood financing"",""Skill development and livelihood promotion"",""Social inclusion and financial inclusion of the rural poor""]","[""Rural poor households, with focus on women and vulnerable groups"",""Organised through SHGs and federations"",""Who is NOT eligible: Non-poor households for the core intensive support components""]","[""Aadhaar Card"",""SHG membership documents"",""Poverty / SECC related identification in many states"",""Bank Account details""]",,SHG-based Livelihood & Financial Inclusion for Rural Poor,,,,,,,,,,,All,18,,,"[""General"",""OBC"",""SC"",""ST""]",Rural,Ongoing,Active,https://aajeevika.gov.in/,"[""day-nrlm"",""nrlm"",""shg"",""rural livelihood"",""aajeevika"",""women""]",0,,2026-08-17T06:39:43.390788,2026-08-17T06:39:43.390790
8608bc55-da25-4c49-8ea4-56cfbd6f1c7d,Blue Revolution / Pradhan Mantri Matsya Sampada Yojana Related Support - Detailed,"Ministry of Fisheries, Animal Husbandry and Dairying","Blue Revolution and the subsequent Pradhan Mantri Matsya Sampada Yojana focus on sustainable development of the fisheries sector through enhancement of fish production, productivity, infrastructure, value chain and livelihood support for fishers and fish farmers.",Agriculture,Scheme,Central,"[""Support for fish production and productivity enhancement"",""Infrastructure development (hatcheries, ponds, cold chain, markets)"",""Livelihood and welfare support for fishers"",""Technology and capacity building"",""Value chain development and market access""]","[""Fishers, fish farmers, cooperatives, FPOs and entrepreneurs in the fisheries sector"",""Who is NOT eligible: Activities outside the notified fisheries development guidelines""]","[""Aadhaar Card"",""Identity and address proof"",""Project / activity related documents"",""Bank Account details""]",,"Fisheries Development, Infrastructure & Livelihood Support",,,,,,,,,,,All,18,,,"[""General"",""OBC"",""SC"",""ST""]",Both,Ongoing,Active,https://pmmsy.dof.gov.in/ or state fisheries departments,"[""blue revolution"",""fisheries"",""pmmsy"",""fish farmer"",""aquaculture""]",0,,2026-08-17T06:39:43.390809,2026-08-17T06:39:43.390810
b1d89a53-c372-4437-9860-54dee4163f43,Ayushman Arogya Mandir (Health and Wellness Centres) - Detailed,Ministry of Health and Family Welfare,"Ayushman Arogya Mandirs (earlier Health and Wellness Centres) form the primary healthcare delivery platform under Ayushman Bharat. They provide comprehensive primary health care including maternal and child health, non-communicable diseases, free essential drugs and diagnostics closer to the community.",Healthcare,Scheme,Central,"[""Comprehensive primary healthcare services near the community"",""Screening and management of non-communicable diseases"",""Free essential medicines and diagnostics"",""Maternal, child and adolescent health services"",""Health promotion and wellness activities including yoga and lifestyle counselling""]","[""All residents of the catchment area of the Ayushman Arogya Mandir"",""No income restriction for primary care services"",""Who is NOT eligible: None for basic primary care services""]","[""Aadhaar preferred for registration and continuum of care"",""ABHA ID in many cases""]",,Comprehensive Primary Healthcare close to Community,,,,,,,,,,,All,,,,"[""General"",""OBC"",""SC"",""ST""]",Both,Ongoing,Active,https://ab-hwc.nhp.gov.in/ or local Health & Wellness Centre,"[""ayushman arogya mandir"",""health and wellness centre"",""primary healthcare"",""ab-hwc""]",0,,2026-08-17T06:39:43.390825,2026-08-17T06:39:43.390826
c778c4fb-f2f2-4466-8993-14e11d8e36f8,National Beekeeping and Honey Mission (NBHM) - Detailed,Ministry of Agriculture and Farmers Welfare,"National Beekeeping and Honey Mission promotes scientific beekeeping for increasing honey production, pollination support to crops, employment generation and additional income for farmers and beekeepers. It is implemented under the Atmanirbhar Bharat framework.",Agriculture,Scheme,Central,"[""Support for scientific beekeeping and honey production"",""Infrastructure for honey collection, processing and marketing"",""Capacity building of beekeepers"",""Pollination support leading to higher crop yields"",""Additional income opportunities for farmers""]","[""Farmers, beekeepers, FPOs, cooperatives and entrepreneurs interested in beekeeping"",""Who is NOT eligible: Activities outside the notified beekeeping guidelines""]","[""Aadhaar Card"",""Project / activity proposal where required"",""Bank Account details""]",,"Scientific Beekeeping, Honey Production & Pollination Support",,,,,,,,,,,All,18,,,"[""General"",""OBC"",""SC"",""ST""]",Both,Ongoing,Active,https://nbb.gov.in/ or state agriculture / horticulture departments,"[""nbhm"",""beekeeping"",""honey mission"",""pollination"",""farmer income""]",0,,2026-08-17T06:39:43.390870,2026-08-17T06:39:43.390872
26d632f2-b65c-4bd4-b750-c6b38b87f0c5,National Bamboo Mission - Detailed,Ministry of Agriculture and Farmers Welfare,"National Bamboo Mission promotes holistic growth of the bamboo sector through area expansion, quality planting material, value addition, product development and market linkages. It aims to increase income of farmers and generate employment in the bamboo value chain.",Agriculture,Scheme,Central,"[""Support for bamboo plantation and area expansion"",""Quality planting material and nursery development"",""Value addition, processing and product development support"",""Market linkages and skill development"",""Employment and income generation in bamboo sector""]","[""Farmers, FPOs, entrepreneurs, cooperatives and state implementing agencies"",""Who is NOT eligible: Activities outside the approved bamboo development guidelines""]","[""Aadhaar Card"",""Land related documents where plantation is involved"",""Project documents for infrastructure components"",""Bank Account details""]",,"Bamboo Plantation, Value Addition & Livelihood Support",,,,,,,,,,,All,18,,,"[""General"",""OBC"",""SC"",""ST""]",Both,Ongoing,Active,https://nbm.nic.in/ or state agriculture / horticulture departments,"[""national bamboo mission"",""bamboo"",""plantation"",""value addition"",""livelihood""]",0,,2026-08-17T06:39:43.390948,2026-08-17T06:39:43.390950
0b816987-71b8-47e9-9228-89ed2e5b474d,Mahatma Gandhi National Rural Employment Guarantee Scheme (MGNREGS) - Comprehensive,Ministry of Rural Development,MGNREGS provides a legal guarantee of at least 100 days of unskilled wage employment in a financial year to every rural household whose adult members volunteer to do unskilled manual work. It also creates durable assets and strengthens the livelihood resource base of the rural poor.,Social Welfare,Scheme,Central,"[""Legal guarantee of at least 100 days of wage employment per rural household"",""Unemployment allowance if work is not provided within the stipulated time"",""Creation of durable rural assets (water conservation, roads, land development etc.)"",""Strengthening of livelihood resource base"",""Social inclusion and empowerment of women and marginalised groups""]","[""Adult members of rural households willing to do unskilled manual work"",""Job card issued by the Gram Panchayat"",""Who is NOT eligible: Urban households for the core MGNREGS employment guarantee""]","[""Job Card"",""Aadhaar Card (for payment in most states)"",""Bank / Post Office account""]",,100 Days Guaranteed Wage Employment for Rural Households,,,,,,,,,,,All,18,,,"[""General"",""OBC"",""SC"",""ST""]",Rural,Ongoing,Active,https://nrega.nic.in/ or local Gram Panchayat,"[""mgnrega"",""mgnregs"",""wage employment"",""rural"",""100 days"",""job card""]",0,,2026-08-17T06:39:43.390975,2026-08-17T06:39:43.390976
909350a3-8c9c-4724-82de-3cbc094b5aca,Pradhan Mantri Awas Yojana - Gramin (PMAY-G) - Comprehensive,Ministry of Rural Development,PMAY-G aims to provide a pucca house with basic amenities to all houseless households and those living in kutcha and dilapidated houses in rural areas by a target year. It provides financial assistance for construction of houses to eligible rural families.,Housing,Subsidy,Central,"[""Financial assistance for construction of pucca house in rural areas"",""Unit assistance typically Rs 1.20 lakh in plain areas and Rs 1.30 lakh in difficult areas (subject to revision)"",""Convergence with toilets, LPG, electricity and other basic amenities"",""Preference to vulnerable groups including SC/ST, minorities and women""]","[""Houseless families and families living in zero, one or two room kutcha houses as per SECC / Awaas+ data"",""Who is NOT eligible: Families already owning a pucca house or those not in the priority list""]","[""Aadhaar Card"",""Job Card / SECC related verification"",""Bank Account details"",""Consent and land related documents""]",130000,Financial Assistance for Pucca House in Rural Areas,,,,,,,100.0,130000,true,false,All,18,,,"[""General"",""OBC"",""SC"",""ST""]",Rural,Ongoing,Active,https://pmayg.nic.in/ or local Gram Panchayat / Block office,"[""pmay-g"",""pmay gramin"",""rural housing"",""pucca house"",""awaas""]",0,,2026-08-17T06:39:43.390993,2026-08-17T06:39:43.390994
b474f256-0d1d-4dbe-b158-f2c597205413,Pradhan Mantri Awas Yojana - Urban (PMAY-U) - Comprehensive,Ministry of Housing and Urban Affairs,"PMAY-U addresses the housing requirement of the urban poor including slum dwellers through four verticals: In-situ Slum Redevelopment, Credit Linked Subsidy Scheme (CLSS), Affordable Housing in Partnership and Beneficiary-led Construction. It aims for Housing for All in urban areas.",Housing,Subsidy,Central,"[""Interest subsidy under CLSS for EWS/LIG/MIG categories (in applicable periods)"",""Support for in-situ slum redevelopment"",""Affordable housing projects in partnership"",""Assistance for beneficiary-led individual house construction / enhancement"",""Focus on women ownership and basic amenities""]","[""EWS, LIG and (in certain phases) MIG urban households meeting income and other criteria"",""Not owning a pucca house in any part of India in many cases"",""Who is NOT eligible: Households already owning a pucca house or exceeding income limits""]","[""Aadhaar Card"",""Income Certificate"",""Proof of residence / urban local body documents"",""Bank Account details"",""Property / land documents for BLC component""]",267000,Interest Subsidy / Assistance for Urban Affordable Housing,,,,,,,,267000,true,false,All,18,,1800000,"[""General"",""OBC"",""SC"",""ST""]",Urban,Ongoing (phase dependent),Active,https://pmaymis.gov.in/,"[""pmay-u"",""pmay urban"",""affordable housing"",""clss"",""urban poor""]",0,,2026-08-17T06:39:43.391009,2026-08-17T06:39:43.391010
c424f120-2647-404c-9916-ddfafc9d3def,Swachh Bharat Mission (Grameen & Urban) - Comprehensive,Ministry of Jal Shakti / Ministry of Housing and Urban Affairs,"Swachh Bharat Mission aims to achieve universal sanitation coverage, eliminate open defecation, improve solid and liquid waste management and bring about behavioural change for cleanliness in both rural and urban areas of India.",Social Welfare,Scheme,Central,"[""Support for construction of individual household toilets"",""Community and public toilet infrastructure"",""Solid and liquid waste management systems"",""Behaviour change communication and IEC activities"",""Open Defecation Free (ODF) and ODF+ / ODF++ outcomes""]","[""Households without toilets in rural and urban areas (as per phase guidelines)"",""Urban Local Bodies and Gram Panchayats for community infrastructure"",""Who is NOT eligible: Households already having functional toilets for the individual incentive component""]","[""Aadhaar Card"",""Application through local body / Gram Panchayat"",""Bank Account details for incentive transfer""]",12000,Toilet Construction Incentive & Sanitation Infrastructure Support,,,,,,,,,,,All,,,,"[""General"",""OBC"",""SC"",""ST""]",Both,Ongoing,Active,https://swachhbharatmission.gov.in/ or state SBM portals,"[""swachh bharat"",""sbm"",""toilet"",""sanitation"",""odf"",""waste management""]",0,,2026-08-17T06:39:43.391046,2026-08-17T06:39:43.391048
016de72a-0d1f-4d16-9f10-28a4de11dc4a,Pradhan Mantri Ujjwala Yojana (PMUY) - Comprehensive,Ministry of Petroleum and Natural Gas,"Pradhan Mantri Ujjwala Yojana provides deposit-free LPG connections to women from poor households to reduce dependence on traditional cooking fuels, improve health of women and children, and promote clean cooking energy.",Social Welfare,Scheme,Central,"[""Deposit-free LPG connection in the name of women of poor households"",""Financial support for first refill and stove in many phases"",""Reduced indoor air pollution and health benefits"",""Empowerment of women through clean cooking energy access"",""Subsidy support on LPG refills for eligible consumers""]","[""Women from poor households (SECC / other identified criteria in different phases)"",""No existing LPG connection in the household in most cases"",""Who is NOT eligible: Households already having an LPG connection""]","[""Aadhaar Card"",""BPL / SECC / ration card or other eligibility proof"",""Bank Account details"",""Photograph""]",1600,Deposit-Free LPG Connection for Women of Poor Households,,,,,,,,,,,Female,18,,,"[""General"",""OBC"",""SC"",""ST""]",Both,Ongoing,Active,https://www.pmuy.gov.in/ or local LPG distributor,"[""pmuy"",""ujjwala"",""lpg"",""clean cooking"",""women""]",0,,2026-08-17T06:41:22.779692,2026-08-17T06:41:22.779810
148bbef6-c116-479d-9ef4-1ebb59a413d3,Saubhagya (Pradhan Mantri Sahaj Bijli Har Ghar Yojana) - Detailed,Ministry of Power,Saubhagya aims to achieve universal household electrification by providing last-mile connectivity and electricity connections to all remaining unelectrified households in rural and urban areas.,Energy,Scheme,Central,"[""Free electricity connection to remaining unelectrified households"",""Last-mile connectivity support"",""Improved quality of life and economic opportunities"",""Solar-based standalone systems for remote areas in some cases"",""Support for APL households with nominal charges in certain phases""]","[""Unelectrified households in rural and urban areas as per scheme identification"",""Who is NOT eligible: Households already having an electricity connection""]","[""Aadhaar Card"",""Proof of residence"",""Application through DISCOM / local authority""]",,Free / Affordable Electricity Connection for Unelectrified Households,,,,,,,,,,,All,,,,"[""General"",""OBC"",""SC"",""ST""]",Both,Largely completed; residual / ongoing support,Active,https://powermin.gov.in/ or state DISCOM portals,"[""saubhagya"",""household electrification"",""bijli"",""last mile""]",0,,2026-08-17T06:41:22.779844,2026-08-17T06:41:22.779846
2fa42f5b-9da9-480f-8bb7-043413117467,Deendayal Upadhyaya Gram Jyoti Yojana (DDUGJY) - Detailed,Ministry of Power,"DDUGJY focuses on rural electrification including separation of agriculture and non-agriculture feeders, strengthening of sub-transmission and distribution infrastructure, and metering to improve quality and reliability of power supply in rural areas.",Energy,Scheme,Central,"[""Feeder separation for agriculture and non-agriculture loads"",""Strengthening of rural electricity infrastructure"",""Improved quality and reliability of power supply"",""Metering of feeders, distribution transformers and consumers"",""Support for rural electrification works""]","[""Rural electricity infrastructure projects implemented through DISCOMs and state agencies"",""Who is NOT eligible: Not a direct individual household subsidy scheme""]","[""As applicable for implementing agencies""]",,Rural Electricity Infrastructure Strengthening & Feeder Separation,,,,,,,,,,,All,,,,"[""General"",""OBC"",""SC"",""ST""]",Rural,Ongoing / residual works,Active,https://powermin.gov.in/ or state power utilities,"[""ddugjy"",""rural electrification"",""feeder separation"",""power infrastructure""]",0,,2026-08-17T06:41:22.779865,2026-08-17T06:41:22.779867
78c8a710-d7ea-459c-8bce-f8972f605581,Atal Bhujal Yojana - Detailed,Ministry of Jal Shakti,"Atal Bhujal Yojana is a groundwater management scheme that aims to improve groundwater management in priority areas through community participation, demand-side interventions and supply-side measures with a focus on water-stressed Gram Panchayats.",Agriculture,Scheme,Central,"[""Community-led groundwater management"",""Improved water use efficiency and demand management"",""Support for water-stressed Gram Panchayats"",""Capacity building and awareness on groundwater"",""Incentive-based funding linked to performance""]","[""Selected water-stressed Gram Panchayats in identified states"",""Community institutions and water user groups"",""Who is NOT eligible: Areas outside the notified priority blocks""]","[""As applicable for Gram Panchayat and community institutions""]",,Community-led Groundwater Management in Water-Stressed Areas,,,,,,,,,,,All,,,,"[""General"",""OBC"",""SC"",""ST""]",Rural,Ongoing,Active,https://ataljal.mowr.gov.in/ or state water resources departments,"[""atal bhujal"",""groundwater"",""water management"",""community"",""water stressed""]",0,,2026-08-17T06:41:22.779927,2026-08-17T06:41:22.779929
3ea26460-d406-4ef3-89f5-672008a16f47,Per Drop More Crop (PDMC) under PMKSY - Detailed,Ministry of Agriculture and Farmers Welfare,Per Drop More Crop is a component of Pradhan Mantri Krishi Sinchayee Yojana that focuses on enhancing water use efficiency at the farm level through precision irrigation (drip and sprinkler systems) and other water-saving technologies.,Agriculture,Subsidy,Central,"[""Subsidy on micro-irrigation systems (drip and sprinkler)"",""Improved water use efficiency and crop productivity"",""Reduced water and energy consumption for irrigation"",""Support for other water-saving interventions"",""Higher income potential for farmers through efficient irrigation""]","[""Farmers including small and marginal farmers, FPOs and cooperatives"",""Land ownership or cultivation rights as per state guidelines"",""Who is NOT eligible: Non-farmers for the core micro-irrigation subsidy""]","[""Aadhaar Card"",""Land records / cultivation proof"",""Bank Account details"",""Quotation / invoice from registered suppliers in many states""]",100000,Subsidy on Drip & Sprinkler Irrigation (Per Drop More Crop),,,,,,,55.0,100000,true,true,All,18,,,"[""General"",""OBC"",""SC"",""ST""]",Rural,Ongoing,Active,https://pmksy.gov.in/ or state agriculture / horticulture departments,"[""per drop more crop"",""pdmc"",""micro irrigation"",""drip"",""sprinkler"",""pmksy""]",0,,2026-08-17T06:41:22.779974,2026-08-17T06:41:22.779977
f1745fcf-a8bd-4744-8146-49e499502fcd,Watershed Development Component of PMKSY (WDC-PMKSY) - Detailed,Ministry of Rural Development / Department of Land Resources,"Watershed Development Component of PMKSY aims at integrated watershed management for rainfed areas to conserve soil and water, enhance productivity, improve livelihoods and build resilience against drought and climate variability.",Agriculture,Scheme,Central,"[""Soil and water conservation structures"",""Improved moisture regime and agricultural productivity in rainfed areas"",""Livelihood support and income-generating activities"",""Community participation and capacity building"",""Drought proofing and climate resilience""]","[""Watershed projects in identified rainfed and degraded areas"",""Community organisations and Gram Panchayats in project areas"",""Who is NOT eligible: Areas outside sanctioned watershed project boundaries""]","[""As applicable for project implementing agencies and community groups""]",,Integrated Watershed Management for Rainfed Areas,,,,,,,,,,,All,,,,"[""General"",""OBC"",""SC"",""ST""]",Rural,Ongoing,Active,https://dolr.gov.in/ or state watershed / rural development departments,"[""watershed"",""wdc-pmksy"",""soil conservation"",""rainfed"",""drought""]",0,,2026-08-17T06:41:22.779998,2026-08-17T06:41:22.780000
6c4352fa-651f-4f52-ad16-90c112fdd015,Sub-Mission on Agroforestry (SMAF) - Detailed,Ministry of Agriculture and Farmers Welfare,"Sub-Mission on Agroforestry promotes tree plantation on farm land to increase tree cover, enhance carbon sequestration, improve soil health, provide additional income to farmers and reduce pressure on natural forests.",Agriculture,Scheme,Central,"[""Support for tree plantation on farm lands"",""Quality planting material and nursery development"",""Additional income from timber, fodder, fuelwood and other products"",""Improved soil health and micro-climate"",""Contribution to climate change mitigation""]","[""Farmers, FPOs and state implementing agencies"",""Land available for agroforestry interventions"",""Who is NOT eligible: Activities outside the approved agroforestry guidelines""]","[""Aadhaar Card"",""Land records"",""Bank Account details""]",,Tree Plantation on Farm Land & Additional Farmer Income,,,,,,,,,,,All,18,,,"[""General"",""OBC"",""SC"",""ST""]",Rural,Ongoing,Active,https://agricoop.gov.in/ or state agriculture / forest departments,"[""agroforestry"",""smaf"",""tree plantation"",""farm land"",""carbon""]",0,,2026-08-17T06:41:22.780015,2026-08-17T06:41:22.780016
67c5bc1a-56e6-4a6e-b354-205a1da7b1a7,National Mission on Edible Oils - Oil Palm (NMEO-OP) - Detailed,Ministry of Agriculture and Farmers Welfare,"National Mission on Edible Oils - Oil Palm aims to increase domestic production of edible oils by expanding oil palm cultivation, supporting farmers with planting material, inputs and price assurance mechanisms, and reducing import dependence.",Agriculture,Scheme,Central,"[""Support for oil palm plantation and area expansion"",""Assistance for planting material, inputs and intercropping"",""Price assurance / support mechanisms for FFB (Fresh Fruit Bunches)"",""Infrastructure for processing and value chain"",""Reduced dependence on imported edible oils""]","[""Farmers in identified potential states and districts for oil palm"",""FPOs and entrepreneurs in the oil palm value chain"",""Who is NOT eligible: Areas outside the notified potential zones""]","[""Aadhaar Card"",""Land records"",""Bank Account details"",""Project documents for larger interventions""]",,Oil Palm Cultivation Support & Edible Oil Self-Reliance,,,,,,,,,,,All,18,,,"[""General"",""OBC"",""SC"",""ST""]",Rural,Ongoing,Active,https://nmeo.dac.gov.in/ or state agriculture departments,"[""nmeo"",""oil palm"",""edible oils"",""plantation"",""farmer""]",0,,2026-08-17T06:41:22.780062,2026-08-17T06:41:22.780064
d39fb341-8f6d-4bc5-97a9-04ea7d29450d,Mission Organic Value Chain Development for North Eastern Region (MOVCDNER) - Detailed,Ministry of Agriculture and Farmers Welfare,"MOVCDNER supports the development of certified organic production in the North Eastern Region through value chain approach covering production, processing, marketing and brand building to enhance income of organic farmers.",Agriculture,Scheme,Central,"[""Support for organic production and certification"",""Value chain infrastructure including processing and packaging"",""Market linkages and brand building for organic produce from NE"",""Capacity building of farmers and FPOs"",""Higher price realisation for organic products""]","[""Farmers, FPOs and entrepreneurs in the North Eastern states"",""Focus on organic value chains in the region"",""Who is NOT eligible: Projects outside the North Eastern Region for this specific mission""]","[""Aadhaar Card"",""Land / group documents"",""Bank Account details"",""Organic certification related documents where applicable""]",,Organic Value Chain Support for North Eastern Farmers,,,,,,,,,,,All,18,,,"[""General"",""OBC"",""SC"",""ST""]",Rural,Ongoing,Active,https://agricoop.gov.in/ or state agriculture departments of NE states,"[""movcdner"",""organic"",""north east"",""value chain"",""certification""]",0,,2026-08-17T06:41:22.780080,2026-08-17T06:41:22.780082
e9d369f1-0604-49bf-b38a-deaa523b4ba4,Production Linked Incentive (PLI) Schemes - Overview for Key Sectors,Multiple Ministries (DPIIT coordinated for many),"Production Linked Incentive schemes provide financial incentives to eligible companies based on incremental sales and investment in identified champion sectors to boost domestic manufacturing, exports, employment and reduce import dependence under the Atmanirbhar Bharat vision.",Business,Subsidy,Central,"[""Incentive on incremental sales / production in notified sectors"",""Support for large scale manufacturing and investment"",""Boost to employment and exports"",""Strengthening of domestic value chains"",""Coverage across electronics, pharmaceuticals, automobiles, textiles, food processing, solar, drones and other sectors""]","[""Companies meeting sector-specific investment, production and eligibility criteria under individual PLI schemes"",""Who is NOT eligible: Entities not meeting the notified thresholds and conditions of the relevant PLI scheme""]","[""Company incorporation documents"",""Investment and production related proofs"",""Application as per sectoral PLI guidelines""]",,Incentives on Incremental Production / Sales for Manufacturing,,,,,,,,,true,false,All,,,,"[""General"",""OBC"",""SC"",""ST""]",Both,As per individual PLI scheme windows,Active,https://www.investindia.gov.in/ or respective ministry PLI portals,"[""pli"",""production linked incentive"",""manufacturing"",""atmanirbhar"",""make in india""]",0,,2026-08-17T06:41:22.780120,2026-08-17T06:41:22.780136
9ccc0fcb-46fa-4cf0-b327-8d2955b479ec,Agricultural Infrastructure Fund (AIF) - Detailed,Ministry of Agriculture and Farmers Welfare,Agricultural Infrastructure Fund provides medium to long-term debt financing facility for investment in viable projects for post-harvest management infrastructure and community farming assets through interest subvention and credit guarantee support.,Agriculture,Loan,Central,"[""Interest subvention of 3% per annum for up to 7 years"",""Credit guarantee coverage under CGTMSE for eligible loans"",""Support for warehouses, cold storages, sorting/grading units, e-marketing platforms and other post-harvest infrastructure"",""Assistance for community farming assets"",""Encourages private and cooperative investment in agri-infrastructure""]","[""Primary Agricultural Credit Societies, FPOs, agri-entrepreneurs, startups, state agencies and other eligible entities"",""Projects for post-harvest management and community farming assets"",""Who is NOT eligible: Purely agricultural production activities without infrastructure component""]","[""Project report"",""Aadhaar / entity registration documents"",""Land / site related documents"",""Bank Account and financials""]",200000000,Interest Subvention + Credit Guarantee for Agri Infrastructure Projects,9.0,84,false,12,3.0,"[""Scheduled Commercial Banks"",""RRBs"",""Cooperative Banks"",""NBFCs""]",,,,,All,18,,,"[""General"",""OBC"",""SC"",""ST""]",Both,Ongoing,Active,https://agriinfra.dac.gov.in/,"[""aif"",""agricultural infrastructure fund"",""post harvest"",""warehouse"",""interest subvention""]",0,,2026-08-17T06:42:56.068842,2026-08-17T06:42:56.068904
7bb92d51-b266-4970-a81d-9b0781808ee3,"Formation and Promotion of 10,000 Farmer Producer Organisations (FPOs) - Detailed",Ministry of Agriculture and Farmers Welfare,"The scheme aims to form and promote 10,000 FPOs to enhance farmers' bargaining power, improve market access, provide better price realisation and support aggregation, value addition and collective farming activities.",Agriculture,Scheme,Central,"[""Financial support for FPO formation and incubation"",""Equity grant and credit guarantee support"",""Capacity building and professional management support"",""Market linkage and value chain development"",""Improved income and bargaining power for member farmers""]","[""Groups of farmers willing to form FPOs, especially small and marginal farmers"",""Implementing agencies and Cluster Based Business Organisations"",""Who is NOT eligible: Individual farmers applying outside the FPO framework""]","[""Farmer identity documents"",""Group / FPO registration related papers"",""Aadhaar and bank details of members""]",1800000,"Support for Formation, Incubation & Credit of Farmer Producer Organisations",,,,,,,,,,,All,18,,,"[""General"",""OBC"",""SC"",""ST""]",Rural,Ongoing,Active,https://www.nabard.org/ or state agriculture / SFAC portals,"[""fpo"",""farmer producer organisation"",""aggregation"",""market linkage"",""nabard""]",0,,2026-08-17T06:42:56.068992,2026-08-17T06:42:56.068994
a7c82119-de02-4fe5-9119-cd3e89c94bbc,National Horticulture Mission / Mission for Integrated Development of Horticulture (MIDH) - Comprehensive,Ministry of Agriculture and Farmers Welfare,"MIDH is a centrally sponsored scheme for the holistic growth of the horticulture sector covering fruits, vegetables, root and tuber crops, mushrooms, spices, flowers, aromatic plants, coconut, cashew, cocoa and bamboo through area expansion, productivity improvement, post-harvest management and market development.",Agriculture,Subsidy,Central,"[""Assistance for area expansion and protected cultivation"",""Support for nurseries, planting material and rejuvenation of old orchards"",""Post-harvest management, cold chain and market infrastructure"",""Capacity building and technology dissemination"",""Higher income potential from high-value horticulture crops""]","[""Farmers, FPOs, cooperatives, self-help groups and entrepreneurs in horticulture"",""As per component-specific guidelines of MIDH"",""Who is NOT eligible: Activities outside the approved horticulture components""]","[""Aadhaar Card"",""Land records"",""Bank Account details"",""Project / component specific documents""]",500000,Subsidy Support for Horticulture Area Expansion & Infrastructure,,,,,,,50.0,500000,true,false,All,18,,,"[""General"",""OBC"",""SC"",""ST""]",Both,Ongoing,Active,https://midh.gov.in/ or state horticulture departments,"[""midh"",""horticulture"",""national horticulture mission"",""fruits"",""vegetables"",""protected cultivation""]",0,,2026-08-17T06:42:56.069040,2026-08-17T06:42:56.069042
e19c2d5b-7c35-4122-ad34-670247dd695e,National Dairy Plan / Dairy Infrastructure Related Support - Detailed,"Ministry of Fisheries, Animal Husbandry and Dairying / NDDB","National Dairy Plan and related dairy development programmes focus on increasing milk production through productivity enhancement, strengthening village-based milk procurement systems and expanding milk processing and marketing infrastructure.",Agriculture,Scheme,Central,"[""Support for genetic improvement and animal nutrition"",""Strengthening of village milk procurement and cooperative structures"",""Dairy processing and cold chain infrastructure"",""Capacity building of dairy farmers and cooperatives"",""Improved milk productivity and farmer incomes""]","[""Dairy cooperatives, producer companies, farmers and state implementing agencies"",""Who is NOT eligible: Activities outside the dairy development framework""]","[""As per implementing agency guidelines"",""Aadhaar and bank details for individual farmer benefits""]",,"Dairy Productivity, Procurement & Processing Infrastructure Support",,,,,,,,,,,All,18,,,"[""General"",""OBC"",""SC"",""ST""]",Both,Ongoing,Active,https://www.nddb.coop/ or state dairy development departments,"[""national dairy plan"",""dairy"",""milk"",""cooperative"",""nddb""]",0,,2026-08-17T06:42:56.069063,2026-08-17T06:42:56.069064
526e0085-7d8f-4b33-bf4d-e33925c70542,Pradhan Mantri Bhartiya Janaushadhi Pariyojana (PMBJP) - Detailed,Department of Pharmaceuticals / Ministry of Chemicals and Fertilizers,PMBJP aims to provide quality generic medicines at affordable prices to all through dedicated Janaushadhi Kendras. It reduces out-of-pocket expenditure on medicines and promotes the use of generic drugs.,Healthcare,Scheme,Central,"[""Quality generic medicines at significantly lower prices than branded equivalents"",""Wide network of Janaushadhi Kendras across the country"",""Reduced healthcare expenditure for citizens"",""Support for entrepreneurs to open Janaushadhi Kendras"",""Coverage of a large number of essential medicines and surgicals""]","[""All citizens can purchase medicines from Janaushadhi Kendras"",""Individuals/organisations can apply to open a Kendra as per guidelines"",""Who is NOT eligible: None for purchasing medicines""]","[""For opening Kendra: application form, identity and space related documents"",""For purchase: none mandatory""]",,Affordable Quality Generic Medicines through Janaushadhi Kendras,,,,,,,,,,,All,,,,"[""General"",""OBC"",""SC"",""ST""]",Both,Ongoing,Active,https://janaushadhi.gov.in/,"[""janaushadhi"",""pmbjp"",""generic medicines"",""affordable medicines"",""pharmacy""]",0,,2026-08-17T06:42:56.069108,2026-08-17T06:42:56.069110
fbbe1261-1527-48e5-8ec4-ebd8d26eb9d9,Ayushman Bharat Digital Mission (ABDM) / ABHA - Detailed,National Health Authority / Ministry of Health and Family Welfare,"Ayushman Bharat Digital Mission creates a digital health ecosystem with unique ABHA (Ayushman Bharat Health Account) IDs, health records interoperability, telemedicine and other digital health services to improve access, efficiency and continuity of care.",Healthcare,Scheme,Central,"[""Unique ABHA number for digital health identity"",""Creation and linking of digital health records"",""Improved continuity of care across providers"",""Support for telemedicine and digital health services"",""Privacy and consent-based data sharing framework""]","[""All residents of India can create an ABHA number"",""Who is NOT eligible: None for creating ABHA""]","[""Aadhaar or other approved identity documents for ABHA creation""]",,Digital Health ID (ABHA) & Interoperable Health Records,,,,,,,,,,,All,,,,"[""General"",""OBC"",""SC"",""ST""]",Both,Ongoing,Active,https://abdm.gov.in/ or https://healthid.ndhm.gov.in/,"[""abdm"",""abha"",""digital health"",""health id"",""telemedicine""]",0,,2026-08-17T06:42:56.069127,2026-08-17T06:42:56.069129
b4cd4c05-d7e9-4331-902b-e0f3ae9e63f0,Anemia Mukt Bharat - Detailed,Ministry of Health and Family Welfare,"Anemia Mukt Bharat is a intensified strategy to reduce anemia prevalence among children, adolescents, women of reproductive age and pregnant women through prophylactic iron and folic acid supplementation, deworming, testing and treatment, and behaviour change communication.",Healthcare,Scheme,Central,"[""Prophylactic Iron and Folic Acid (IFA) supplementation"",""Periodic deworming"",""Anemia testing and treatment"",""Behaviour change communication on nutrition and hygiene"",""Focus on high-burden groups including children, adolescents and women""]","[""Children, adolescents, women of reproductive age and pregnant women as per age and physiological group guidelines"",""Who is NOT eligible: None for the core public health interventions""]","[""Usually none for receiving services at health facilities / Anganwadi / schools""]",,"IFA Supplementation, Deworming & Anemia Testing for Vulnerable Groups",,,,,,,,,,,All,0,49,,"[""General"",""OBC"",""SC"",""ST""]",Both,Ongoing,Active,https://anemiamuktbharat.info/ or health facilities / Anganwadi,"[""anemia mukt bharat"",""ifa"",""iron folic acid"",""nutrition"",""public health""]",0,,2026-08-17T06:42:56.069166,2026-08-17T06:42:56.069168
324fc011-a345-428d-a409-ed2838ef8c74,Universal Immunization Programme (UIP) - Detailed,Ministry of Health and Family Welfare,"Universal Immunization Programme provides free vaccines against vaccine-preventable diseases to infants, children and pregnant women. It is one of the largest public health programmes and includes Mission Indradhanush for intensified drives.",Healthcare,Scheme,Central,"[""Free vaccines against multiple vaccine-preventable diseases"",""Protection for infants, children and pregnant women"",""Intensified drives under Mission Indradhanush in low coverage areas"",""Cold chain and logistics support for vaccine delivery"",""Contribution to reduction in under-five mortality and morbidity""]","[""Infants, children and pregnant women as per the national immunization schedule"",""Who is NOT eligible: None for age-eligible beneficiaries under the public programme""]","[""Mother and Child Protection Card / immunization card preferred"",""Aadhaar in many states for tracking""]",,"Free Vaccines for Infants, Children & Pregnant Women",,,,,,,,,,,All,0,16,,"[""General"",""OBC"",""SC"",""ST""]",Both,Ongoing,Active,https://nhm.gov.in/ or local health facilities / Anganwadi,"[""uip"",""immunization"",""vaccine"",""mission indradhanush"",""public health""]",0,,2026-08-17T06:42:56.069186,2026-08-17T06:42:56.069187
972100cd-709c-4d49-b975-65c43c55e59d,National AIDS Control Programme (NACP) - Detailed,Ministry of Health and Family Welfare / NACO,"National AIDS Control Programme aims to prevent new HIV infections, provide comprehensive care, support and treatment to people living with HIV, and reduce the impact of the epidemic through a multi-sectoral response.",Healthcare,Scheme,Central,"[""Free HIV testing and counselling services"",""Free antiretroviral therapy (ART) for eligible people living with HIV"",""Prevention services including condom promotion and targeted interventions"",""Care, support and treatment centres network"",""Stigma reduction and community support programmes""]","[""All individuals for testing and prevention services"",""People living with HIV for treatment and care as per clinical guidelines"",""Who is NOT eligible: None for basic testing and prevention services""]","[""Identity proof preferred for treatment enrolment"",""Clinical records for ART""]",,"Free HIV Testing, ART & Prevention Services",,,,,,,,,,,All,,,,"[""General"",""OBC"",""SC"",""ST""]",Both,Ongoing,Active,https://naco.gov.in/ or local ICTC / ART centres,"[""nacp"",""hiv"",""aids"",""art"",""prevention"",""naco""]",0,,2026-08-17T06:42:56.069225,2026-08-17T06:42:56.069227
690cb833-4623-4a6e-98f2-a7e5ef80a027,National Programme for Control of Blindness and Visual Impairment (NPCBVI) - Detailed,Ministry of Health and Family Welfare,"NPCBVI aims to reduce the prevalence of blindness and visual impairment through cataract surgery, refractive error correction, treatment of other eye diseases, eye banking and capacity building of eye care services.",Healthcare,Scheme,Central,"[""Free or subsidised cataract surgery"",""Support for refractive error correction and spectacles in many components"",""Treatment of other avoidable causes of blindness"",""Eye banking and corneal transplantation support"",""Strengthening of eye care infrastructure and human resources""]","[""Individuals with cataract, refractive errors and other specified eye conditions"",""Priority for economically weaker sections in many service delivery points"",""Who is NOT eligible: None for screening; treatment prioritised as per clinical and scheme guidelines""]","[""Identity proof"",""Clinical diagnosis / referral from eye camps or facilities""]",,Free / Subsidised Cataract Surgery & Eye Care Services,,,,,,,,,,,All,,,,"[""General"",""OBC"",""SC"",""ST""]",Both,Ongoing,Active,https://npcbvi.gov.in/ or district hospitals / eye camps,"[""npcbvi"",""blindness"",""cataract"",""eye care"",""visual impairment""]",0,,2026-08-17T06:42:56.069268,2026-08-17T06:42:56.069270
396e6ccd-b45e-43c6-a15f-501a8d908908,Pradhan Mantri National Dialysis Programme - Detailed,Ministry of Health and Family Welfare,"Pradhan Mantri National Dialysis Programme provides free dialysis services to patients with end-stage kidney disease, particularly the poor, at district hospitals and other public health facilities to reduce out-of-pocket expenditure and improve access to life-saving treatment.",Healthcare,Scheme,Central,"[""Free haemodialysis services for eligible patients"",""Support for dialysis infrastructure at district hospitals"",""Reduced financial burden on poor patients with kidney failure"",""Improved access to life-saving dialysis treatment"",""Convergence with Ayushman Bharat and state health schemes in many places""]","[""Patients with end-stage renal disease requiring dialysis"",""Priority for BPL and economically weaker sections in many states"",""Who is NOT eligible: Patients not clinically indicated for dialysis""]","[""Aadhaar Card"",""Medical diagnosis / prescription for dialysis"",""Income / BPL proof where prioritisation is applied"",""Hospital registration""]",,Free Dialysis Services for Kidney Failure Patients,,,,,,,,,,,All,,,,"[""General"",""OBC"",""SC"",""ST""]",Both,Ongoing,Active,https://nhm.gov.in/ or district hospitals / state health portals,"[""dialysis"",""pm national dialysis"",""kidney"",""esrd"",""free treatment""]",0,,2026-08-17T06:44:28.327508,2026-08-17T06:44:28.327538
9a3d1f29-4af4-4771-b3f3-578309a14b65,National Programme for Health Care of the Elderly (NPHCE) - Detailed,Ministry of Health and Family Welfare,"NPHCE provides dedicated healthcare services to the elderly population through dedicated clinics, geriatric units, home-based care and rehabilitation support to address the growing needs of senior citizens.",Healthcare,Scheme,Central,"[""Dedicated geriatric clinics and OPD services"",""In-patient geriatric care units at district and regional levels"",""Home-based care and physiotherapy support in many components"",""Focus on chronic disease management and disability care for elderly"",""Training of health workers in geriatric care""]","[""Senior citizens (generally 60 years and above)"",""Open access at public health facilities with geriatric services"",""Who is NOT eligible: None for age-eligible citizens seeking care""]","[""Aadhaar Card / age proof"",""Medical records preferred""]",,Dedicated Geriatric Healthcare Services for Senior Citizens,,,,,,,,,,,All,60,,,"[""General"",""OBC"",""SC"",""ST""]",Both,Ongoing,Active,https://nhm.gov.in/ or district hospitals with geriatric clinics,"[""nphce"",""elderly"",""geriatric"",""senior citizen"",""healthcare""]",0,,2026-08-17T06:44:28.327610,2026-08-17T06:44:28.327612
3ddd740d-bec3-47e7-bd89-ef985524c839,"National Programme for Prevention and Control of Cancer, Diabetes, Cardiovascular Diseases and Stroke (NPCDCS) - Detailed",Ministry of Health and Family Welfare,"NPCDCS aims to prevent and control major non-communicable diseases through health promotion, early diagnosis, management and referral. It focuses on cancer, diabetes, cardiovascular diseases and stroke at various levels of the health system.",Healthcare,Scheme,Central,"[""Screening for common NCDs including diabetes, hypertension and common cancers"",""Health promotion and lifestyle counselling"",""Early diagnosis and management at primary and secondary levels"",""Referral linkages for advanced care"",""Support for NCD clinics and infrastructure""]","[""Adults in the target age groups for screening (commonly 30+ or as per state protocols)"",""All citizens for health promotion activities"",""Who is NOT eligible: None for screening and basic services""]","[""Aadhaar preferred for registration and continuum of care"",""ABHA ID in many facilities""]",,"NCD Screening, Prevention & Management (Cancer, Diabetes, CVD, Stroke)",,,,,,,,,,,All,30,,,"[""General"",""OBC"",""SC"",""ST""]",Both,Ongoing,Active,https://nhm.gov.in/ or Health & Wellness Centres / NCD clinics,"[""npcdcs"",""ncd"",""diabetes"",""cancer"",""hypertension"",""stroke""]",0,,2026-08-17T06:44:28.327636,2026-08-17T06:44:28.327638
3c304233-88a1-47b6-a26e-ab21b62130a0,LaQshya (Labour Room Quality Improvement Initiative) - Detailed,Ministry of Health and Family Welfare,"LaQshya aims to improve the quality of care in labour rooms and maternity operation theatres to reduce maternal and newborn morbidity and mortality. It focuses on infrastructure, protocols, respectful maternity care and certification of facilities.",Healthcare,Scheme,Central,"[""Quality improvement in labour rooms and maternity OTs"",""Reduced maternal and newborn complications"",""Respectful maternity care practices"",""Training and capacity building of staff"",""Certification of facilities meeting quality standards""]","[""Public health facilities with labour rooms and maternity services"",""Pregnant women delivering at these facilities benefit from improved quality"",""Who is NOT eligible: Not an individual application scheme""]","[""N/A for beneficiaries; facilities follow NHM quality guidelines""]",,Quality Improvement of Labour Rooms & Maternity Care,,,,,,,,,,,Female,15,49,,"[""General"",""OBC"",""SC"",""ST""]",Both,Ongoing,Active,https://nhm.gov.in/ or state NHM portals,"[""laqshya"",""labour room"",""maternity"",""quality"",""maternal health""]",0,,2026-08-17T06:44:28.327654,2026-08-17T06:44:28.327655
28b63a5a-f428-47dc-a41f-58375ed37ee0,Kayakalp Award Scheme - Detailed,Ministry of Health and Family Welfare,"Kayakalp is an award scheme to promote cleanliness, hygiene and infection control practices in public health facilities. It incentivises facilities that maintain high standards of sanitation, biomedical waste management and patient safety.",Healthcare,Scheme,Central,"[""Awards and recognition for clean public health facilities"",""Improved infection control and patient safety"",""Better patient experience and dignity"",""Motivation for continuous quality improvement in sanitation"",""Support for WASH (Water, Sanitation and Hygiene) practices""]","[""Public health facilities (PHCs, CHCs, District Hospitals etc.) assessed under Kayakalp criteria"",""Patients benefit indirectly through cleaner facilities"",""Who is NOT eligible: Private facilities for the core Kayakalp awards""]","[""Facility assessment as per Kayakalp checklist""]",,Awards & Support for Cleanliness in Public Health Facilities,,,,,,,,,,,All,,,,"[""General"",""OBC"",""SC"",""ST""]",Both,Ongoing (annual assessment cycles),Active,https://nhm.gov.in/ or state NHM quality cells,"[""kayakalp"",""cleanliness"",""infection control"",""hospital hygiene"",""wash""]",0,,2026-08-17T06:44:28.327670,2026-08-17T06:44:28.327671
9bd60314-ca62-455e-a0e0-c6655bc73f17,Integrated Disease Surveillance Programme (IDSP) - Detailed,Ministry of Health and Family Welfare,"IDSP is a surveillance programme for timely detection, monitoring and response to disease outbreaks. It strengthens the system for reporting, laboratory confirmation and rapid response to communicable disease threats.",Healthcare,Scheme,Central,"[""Early detection and reporting of disease outbreaks"",""Laboratory support for confirmation of pathogens"",""Rapid response teams for outbreak investigation and control"",""Data-driven public health decision making"",""Strengthened surveillance capacity at district and state levels""]","[""Public health system programme; benefits the entire population through outbreak control"",""Who is NOT eligible: Not an individual beneficiary scheme""]","[""N/A for citizens; health facilities report as per IDSP protocols""]",,Disease Outbreak Surveillance & Rapid Response System,,,,,,,,,,,All,,,,"[""General"",""OBC"",""SC"",""ST""]",Both,Ongoing,Active,https://idsp.nic.in/ or state health surveillance units,"[""idsp"",""disease surveillance"",""outbreak"",""public health"",""epidemiology""]",0,,2026-08-17T06:44:28.327709,2026-08-17T06:44:28.327711
7a60090a-4d8a-456c-85db-5f97701aeb68,National Programme for Prevention and Control of Deafness (NPPCD) - Detailed,Ministry of Health and Family Welfare,"NPPCD aims to prevent avoidable hearing loss, early identification and treatment of hearing impairment, and rehabilitation of persons with hearing disability through a continuum of care from primary to tertiary levels.",Healthcare,Scheme,Central,"[""Screening for hearing impairment especially in children and high-risk groups"",""Early treatment and management of ear diseases"",""Support for hearing aids and rehabilitation services"",""Capacity building of health workers in ear and hearing care"",""Awareness on prevention of hearing loss""]","[""Children, adults and elderly with or at risk of hearing impairment"",""Services available at public health facilities under the programme"",""Who is NOT eligible: None for screening; treatment as per clinical guidelines""]","[""Identity proof"",""Clinical assessment records""]",,"Hearing Screening, Treatment & Rehabilitation Services",,,,,,,,,,,All,,,,"[""General"",""OBC"",""SC"",""ST""]",Both,Ongoing,Active,https://nhm.gov.in/ or district hospitals / ENT departments,"[""nppcd"",""deafness"",""hearing"",""ear care"",""rehabilitation""]",0,,2026-08-17T06:44:28.327730,2026-08-17T06:44:28.327731
b8dc5e92-f275-4803-ae04-cd5b9b14f16b,Livestock Insurance Scheme under National Livestock Mission - Detailed,"Ministry of Fisheries, Animal Husbandry and Dairying","The Livestock Insurance component provides insurance cover for cattle, buffalo and other livestock against death due to disease or accident, protecting farmers from financial loss and encouraging better animal husbandry practices.",Agriculture,Scheme,Central,"[""Insurance cover for livestock against death due to disease or accident"",""Premium subsidy support for farmers in many implementations"",""Protection against financial loss from animal mortality"",""Encouragement for improved animal husbandry and productivity"",""Coverage for cattle, buffalo and other notified animals""]","[""Livestock owners / farmers owning eligible animals"",""Animals meeting age and health criteria as per insurance guidelines"",""Who is NOT eligible: Animals not meeting the scheme or insurer criteria""]","[""Aadhaar Card"",""Animal identification / tag details"",""Proof of ownership"",""Bank Account details""]",,Insurance Cover for Cattle & Livestock against Death / Accident,,,,,,,,,,,All,18,,,"[""General"",""OBC"",""SC"",""ST""]",Both,Ongoing,Active,https://dahd.nic.in/ or state animal husbandry departments / insurance partners,"[""livestock insurance"",""cattle insurance"",""national livestock mission"",""animal husbandry""]",0,,2026-08-17T06:44:28.327747,2026-08-17T06:44:28.327748
98dfdd42-cfcd-4346-af50-e7e1d03fd11b,Interest Subvention Scheme for Farmers (Short-term Crop Loans) - Detailed,Ministry of Agriculture and Farmers Welfare / Ministry of Finance,The Interest Subvention Scheme provides interest subvention on short-term crop loans to farmers so that they can access credit at affordable rates. Prompt repayment incentives further reduce the effective interest rate.,Agriculture,Subsidy,Central,"[""Interest subvention on short-term crop loans (typically bringing effective rate to around 4-7% with prompt repayment incentive)"",""Affordable institutional credit for farmers"",""Encouragement for timely repayment"",""Support through Kisan Credit Card and other short-term loan products"",""Reduced cost of credit for crop production""]","[""Farmers availing short-term crop loans from banks and cooperative institutions up to the notified limit"",""Prompt repayment required for additional incentive in many years"",""Who is NOT eligible: Non-agricultural loans and loans beyond the subvention ceiling""]","[""Kisan Credit Card / loan documents"",""Aadhaar Card"",""Land / cultivation related documents"",""Bank Account details""]",300000,Interest Subvention on Short-term Crop Loans for Farmers,,,,,,,,,true,false,All,18,,,"[""General"",""OBC"",""SC"",""ST""]",Rural,Ongoing,Active,Through banks / cooperative societies / https://www.nabard.org/,"[""interest subvention"",""crop loan"",""kisan credit card"",""farmer credit"",""affordable credit""]",0,,2026-08-17T06:44:28.327763,2026-08-17T06:44:28.327764
ffe8bed9-f7e5-4648-b33d-50f798df4d03,National Nutrition Mission / Poshan Abhiyaan Strengthening Components - Detailed,Ministry of Women and Child Development,"National Nutrition Mission (Poshan Abhiyaan) aims to reduce stunting, undernutrition, anemia and low birth weight through a convergent approach involving multiple ministries, technology, behaviour change and community-based interventions.",Healthcare,Scheme,Central,"[""Targeted reduction in stunting, undernutrition and anemia"",""Growth monitoring and counselling through Anganwadi network"",""Behaviour change communication on nutrition and hygiene"",""Convergence with health, sanitation and food schemes"",""Use of technology (Poshan Tracker) for real-time monitoring""]","[""Children under 6 years, pregnant women, lactating mothers and adolescent girls as primary target groups"",""Services delivered through Anganwadi centres and health systems"",""Who is NOT eligible: None for the core public nutrition services""]","[""Aadhaar preferred for registration in Poshan Tracker"",""Anganwadi registration""]",,Multi-sectoral Mission to Reduce Malnutrition & Anemia,,,,,,,,,,,All,0,19,,"[""General"",""OBC"",""SC"",""ST""]",Both,Ongoing,Active,https://www.poshanabhiyaan.gov.in/ or Anganwadi centres,"[""poshan abhiyaan"",""national nutrition mission"",""malnutrition"",""stunting"",""anemia""]",0,,2026-08-17T06:44:28.327778,2026-08-17T06:44:28.327779
888a7764-cfb7-419b-970d-388553e59e5e,Deendayal Antyodaya Yojana - National Urban Livelihoods Mission (DAY-NULM) - Comprehensive,Ministry of Housing and Urban Affairs,"DAY-NULM aims to reduce poverty and vulnerability of the urban poor households by enabling them to access gainful self-employment and skilled wage employment opportunities, resulting in an appreciable improvement in their livelihoods on a sustainable basis through building strong grassroots level institutions of the poor.",Social Welfare,Scheme,Central,"[""Social mobilisation and institution development of urban poor"",""Employment through skill training and placement"",""Self-employment programme with interest subsidy on loans"",""Support to urban street vendors"",""Shelter for urban homeless and other vulnerable groups""]","[""Urban poor households, street vendors, homeless and other vulnerable groups in urban areas"",""Who is NOT eligible: Rural households for the core urban mission components""]","[""Aadhaar Card"",""Proof of urban residence / urban poor identification"",""Bank Account details"",""As applicable for skill or self-employment components""]",,"Skill, Self-Employment & Livelihood Support for Urban Poor",,,,,,,,,,,All,18,,,"[""General"",""OBC"",""SC"",""ST""]",Urban,Ongoing,Active,https://nulm.gov.in/ or state urban livelihood missions,"[""day-nulm"",""nulm"",""urban livelihood"",""street vendor"",""skill"",""self employment""]",0,,2026-08-17T06:46:25.036837,2026-08-17T06:46:25.036894
7f94769c-e3e1-4976-980c-e8e2369ff94a,PM SVANidhi (PM Street Vendor's AtmaNirbhar Nidhi) - Comprehensive,Ministry of Housing and Urban Affairs,PM SVANidhi provides affordable working capital loans to street vendors to resume their livelihoods that were adversely affected by COVID-19 and beyond. It also encourages digital transactions and provides incentives for timely repayment and digital payments.,Business,Loan,Central,"[""Working capital loan of up to Rs 10,000 (1st tranche), Rs 20,000 (2nd) and Rs 50,000 (3rd) in successive tranches"",""Interest subsidy of 7% on timely repayment"",""Cashback incentives for digital transactions"",""No collateral required"",""Support for formalisation and digital empowerment of street vendors""]","[""Street vendors engaged in vending in urban areas as on or before a notified date / with Certificate of Vending or Letter of Recommendation"",""Who is NOT eligible: Vendors not identified or not engaged in urban street vending""]","[""Aadhaar Card"",""Certificate of Vending / Letter of Recommendation / vendor ID"",""Bank Account details"",""Mobile number""]",50000,"Collateral-Free Working Capital Loan up to Rs 50,000 for Street Vendors",12.0,12,false,0,7.0,"[""Scheduled Commercial Banks"",""RRBs"",""Cooperative Banks"",""NBFCs"",""MFIs""]",,,,,All,18,,,"[""General"",""OBC"",""SC"",""ST""]",Urban,Ongoing,Active,https://pmsvanidhi.mohua.gov.in/,"[""pm svanidhi"",""street vendor"",""working capital"",""loan"",""digital transactions""]",0,,2026-08-17T06:46:25.036930,2026-08-17T06:46:25.036931
8eceb31c-01cb-4b2a-8d75-c0db9bce5df5,SMILE (Support for Marginalised Individuals for Livelihood and Enterprise) - Detailed,Ministry of Social Justice and Empowerment,"SMILE is a comprehensive scheme for the welfare of transgender persons and persons engaged in the act of begging. It includes rehabilitation, medical facilities, counselling, education, skill development and economic linkages.",Social Welfare,Scheme,Central,"[""Rehabilitation and protection support for transgender persons and persons engaged in begging"",""Medical care, counselling and mental health support"",""Skill development and livelihood opportunities"",""Education and scholarship support components"",""Shelter and community-based rehabilitation""]","[""Transgender persons and persons engaged in the act of begging"",""Who is NOT eligible: Persons outside the identified target groups of the scheme""]","[""Aadhaar Card"",""Transgender identity certificate where applicable"",""As required by implementing agencies""]",,"Rehabilitation, Skill & Livelihood Support for Transgender Persons & Beggars",,,,,,,,,,,All,,,,"[""General"",""OBC"",""SC"",""ST""]",Both,Ongoing,Active,https://socialjustice.gov.in/ or state social welfare departments,"[""smile"",""transgender"",""begging"",""rehabilitation"",""livelihood"",""social justice""]",0,,2026-08-17T06:46:25.036950,2026-08-17T06:46:25.036951
c6c1a103-948e-444c-b6a0-3e36c6f7ddcc,Garima Greh (Shelter Home for Transgender Persons) - Detailed,Ministry of Social Justice and Empowerment,"Garima Greh provides temporary shelter, food, clothing, medical care, counselling, skill development and recreational facilities to transgender persons who are abandoned, orphaned or without family support.",Social Welfare,Scheme,Central,"[""Safe temporary shelter for transgender persons"",""Food, clothing and basic amenities"",""Medical care and counselling support"",""Skill development and livelihood linkages"",""Support for reintegration and dignity""]","[""Transgender persons in need of shelter and support"",""Who is NOT eligible: Persons not identifying as transgender for the core Garima Greh facilities""]","[""Aadhaar Card"",""Transgender identity certificate preferred"",""As required by the shelter home""]",,"Shelter, Care & Skill Support for Transgender Persons",,,,,,,,,,,Transgender,18,,,"[""General"",""OBC"",""SC"",""ST""]",Both,Ongoing,Active,https://socialjustice.gov.in/ or state social welfare / transgender welfare boards,"[""garima greh"",""transgender"",""shelter home"",""rehabilitation"",""skill""]",0,,2026-08-17T06:46:25.036966,2026-08-17T06:46:25.036967
3167a969-de3c-481a-904d-f60b005b8511,Annapurna Scheme - Detailed,Ministry of Rural Development,Annapurna Scheme provides food security to senior citizens who remain uncovered under the National Old Age Pension Scheme. Eligible beneficiaries receive 10 kg of foodgrains per month free of cost.,Social Welfare,Scheme,Central,"[""10 kg of foodgrains per month free of cost"",""Food security support for destitute senior citizens"",""Coverage for those not receiving old age pension in many implementations"",""Support through the public distribution system network""]","[""Senior citizens 65 years or above who are destitute and not covered under IGNOAPS / NSAP pension in many states"",""Who is NOT eligible: Senior citizens already receiving old age pension under NSAP in standard implementation""]","[""Aadhaar Card"",""Age proof"",""Proof of not receiving pension where required"",""Ration card related documents""]",,10 kg Free Foodgrains per Month for Destitute Senior Citizens,,,,,,,,,,,All,65,,,"[""General"",""OBC"",""SC"",""ST""]",Both,Ongoing,Active,https://nsap.nic.in/ or state social welfare / food departments,"[""annapurna"",""food security"",""senior citizen"",""foodgrains"",""nsap""]",0,,2026-08-17T06:46:25.036981,2026-08-17T06:46:25.036983
80410db2-8552-4196-840b-e18aebd55b25,Sansad Adarsh Gram Yojana (SAGY) - Detailed,Ministry of Rural Development,"Sansad Adarsh Gram Yojana encourages Members of Parliament to identify and develop one village of their choice into a model village through convergence of existing schemes and community participation, focusing on holistic development.",Social Welfare,Scheme,Central,"[""Holistic development of selected villages as Adarsh Grams"",""Convergence of multiple government schemes for infrastructure, livelihoods and social development"",""Improved quality of life, education, health and sanitation in selected villages"",""Community participation and leadership by Members of Parliament"",""Demonstration effect for other villages""]","[""Villages selected by Members of Parliament under SAGY guidelines"",""Residents of the selected Adarsh Gram benefit through converged development"",""Who is NOT eligible: Villages not adopted under SAGY""]","[""N/A for individual citizens; village development plans prepared as per guidelines""]",,MP-led Model Village Development through Scheme Convergence,,,,,,,,,,,All,,,,"[""General"",""OBC"",""SC"",""ST""]",Rural,Ongoing,Active,https://saanjhi.gov.in/,"[""sagy"",""sansad adarsh gram"",""model village"",""mp"",""rural development""]",0,,2026-08-17T06:46:25.037003,2026-08-17T06:46:25.037005
9f3c1889-194c-45e4-902a-4789655a931f,National Rurban Mission (Shyama Prasad Mukherji Rurban Mission) - Detailed,Ministry of Rural Development,"National Rurban Mission aims to develop a cluster of villages that preserve and nurture the essence of rural community life with focus on equity and inclusiveness without compromising the facilities perceived to be essentially urban in nature, thus creating a cluster of Rurban villages.",Social Welfare,Scheme,Central,"[""Development of rural clusters with urban amenities"",""Improved infrastructure including roads, water, sanitation, electricity and digital connectivity"",""Economic activities and skill development in clusters"",""Reduction of rural-urban divide"",""Integrated cluster development plans""]","[""Selected Rurban clusters notified under the Mission"",""Residents of the clusters benefit from infrastructure and economic interventions"",""Who is NOT eligible: Areas outside notified Rurban clusters""]","[""N/A for individual citizens; cluster development as per Mission guidelines""]",,Cluster Development of Villages with Urban Amenities (Rurban),,,,,,,,,,,All,,,,"[""General"",""OBC"",""SC"",""ST""]",Rural,Ongoing,Active,https://rurban.gov.in/,"[""rurban"",""shyama prasad mukherji"",""cluster development"",""rural urban"",""amenities""]",0,,2026-08-17T06:46:25.037022,2026-08-17T06:46:25.037023
23001418-a950-4fab-b886-15d0626dd67e,SANKALP (Skills Acquisition and Knowledge Awareness for Livelihood Promotion) - Detailed,Ministry of Skill Development and Entrepreneurship,"SANKALP is a programme focused on strengthening institutional mechanisms for skill development, improving quality and market relevance of skill development programmes, and improving access to skill training for disadvantaged sections.",Education,Scheme,Central,"[""Strengthening of skill development institutions and systems"",""Improved quality and market relevance of training"",""Better access to skill training for women, SC/ST and other disadvantaged groups"",""Support for result-based skill development initiatives"",""Convergence with other skill and livelihood programmes""]","[""Skill development institutions, training providers and state skill missions"",""Trainees from target groups benefit through improved training quality and access"",""Who is NOT eligible: Not a direct individual cash transfer scheme""]","[""As applicable for training providers and state implementing agencies""]",,System Strengthening & Inclusive Skill Development Support,,,,,,,,,,,All,15,45,,"[""General"",""OBC"",""SC"",""ST""]",Both,Ongoing,Active,https://www.msde.gov.in/ or state skill development missions,"[""sankalp"",""skill development"",""livelihood"",""training quality"",""inclusive""]",0,,2026-08-17T06:46:25.037041,2026-08-17T06:46:25.037042
1fa4b986-66b2-411c-8be6-c2c2fe7fb5aa,STRIVE (Skills Strengthening for Industrial Value Enhancement) - Detailed,Ministry of Skill Development and Entrepreneurship,"STRIVE aims to improve the quality and relevance of vocational training in Industrial Training Institutes (ITIs) and apprenticeship training by incentivising reforms, industry linkage and result-based funding.",Education,Scheme,Central,"[""Upgradation and strengthening of ITIs"",""Improved industry linkage and apprenticeship opportunities"",""Result-based funding and performance incentives"",""Better quality of vocational training and employability"",""Support for dual training and modern trades""]","[""Government and selected private ITIs, state directorates and industry partners"",""Trainees at supported ITIs benefit from improved training quality"",""Who is NOT eligible: Institutions not covered under STRIVE project guidelines""]","[""As applicable for ITIs and implementing agencies""]",,ITI Upgradation & Industry-Linked Vocational Training Quality Improvement,,,,,,,,,,,All,14,40,,"[""General"",""OBC"",""SC"",""ST""]",Both,Ongoing,Active,https://www.msde.gov.in/ or state skill / ITI directorates,"[""strive"",""iti"",""vocational training"",""apprenticeship"",""industry linkage""]",0,,2026-08-17T06:46:25.037060,2026-08-17T06:46:25.037062
d2af2d84-3f1e-4b65-a4f6-e88101e73792,Pradhan Mantri Kaushal Vikas Yojana (PMKVY) 4.0 - Detailed,Ministry of Skill Development and Entrepreneurship,"PMKVY 4.0 is the latest phase of the flagship skill development scheme that provides free short-term skill training and certification to youth to improve employability and entrepreneurial capabilities, with greater focus on industry demand, new-age skills and recognition of prior learning.",Education,Scheme,Central,"[""Free short-term skill training and certification"",""Focus on industry-relevant and new-age skills"",""Recognition of Prior Learning (RPL) support"",""Placement and entrepreneurship facilitation"",""Digital and on-job training components in many courses""]","[""Indian youth generally in the age group 15-45 years (as per specific guidelines)"",""School/college dropouts and unemployed youth prioritised in many components"",""Who is NOT eligible: Candidates not meeting age or other eligibility criteria of the specific training programme""]","[""Aadhaar Card"",""Educational certificates if required for the course"",""Bank Account details"",""Passport size photographs""]",,Free Skill Training & Certification for Youth (PMKVY 4.0),,,,,,,,,,,All,15,45,,"[""General"",""OBC"",""SC"",""ST""]",Both,Ongoing,Active,https://www.pmkvyofficial.org/ or Skill India Digital Hub,"[""pmkvy"",""pmkvy 4.0"",""skill training"",""certification"",""youth"",""employability""]",0,,2026-08-17T06:46:25.037080,2026-08-17T06:46:25.037081
65e780f2-7719-414c-86dc-087e064f9dff,Employees' State Insurance Scheme (ESI) - Comprehensive,Ministry of Labour and Employment / ESIC,"Employees' State Insurance Scheme provides comprehensive social security benefits including medical care, sickness benefit, maternity benefit, disablement benefit, dependants' benefit and other benefits to employees in the organised sector and their families.",Healthcare,Scheme,Central,"[""Full medical care for employee and family"",""Sickness benefit (cash compensation during certified sickness)"",""Maternity benefit for insured women"",""Disablement benefit (temporary and permanent)"",""Dependants' benefit in case of death due to employment injury"",""Funeral expenses and other related benefits""]","[""Employees in covered factories and establishments drawing wages up to the prescribed limit"",""Family members of insured persons for medical care"",""Who is NOT eligible: Employees above the wage ceiling and establishments not covered under ESI Act""]","[""Aadhaar Card"",""ESI registration / Pehchan card"",""Employer records"",""Medical certificates for cash benefits""]",,"Medical Care + Cash Benefits (Sickness, Maternity, Disablement) for Organised Sector",,,,,,,,,,,All,18,,,"[""General"",""OBC"",""SC"",""ST""]",Both,Ongoing,Active,https://www.esic.gov.in/,"[""esi"",""esic"",""social security"",""medical care"",""sickness benefit"",""maternity""]",0,,2026-08-17T06:48:10.992558,2026-08-17T06:48:10.992609
c13c497a-d94a-4329-89ad-a63dc2534c0f,Employees' Provident Fund (EPF) / EPFO - Comprehensive,Ministry of Labour and Employment / EPFO,"Employees' Provident Fund is a mandatory savings and social security scheme for organised sector employees providing provident fund, pension and deposit-linked insurance benefits. EPFO manages the accounts and provides Universal Account Number (UAN) for portability.",Finance,Scheme,Central,"[""Provident Fund accumulation with employer and employee contributions"",""Employees' Pension Scheme benefits"",""Employees' Deposit Linked Insurance cover"",""Universal Account Number (UAN) for portability across jobs"",""Partial withdrawals and advances for specific purposes"",""Tax benefits under applicable sections""]","[""Employees of covered establishments under EPF & MP Act"",""Wage ceiling applicable for mandatory membership in many cases"",""Who is NOT eligible: Employees of non-covered establishments and those above certain thresholds for mandatory contribution""]","[""Aadhaar Card"",""UAN / PF account details"",""Bank Account details"",""KYC documents""]",,Provident Fund + Pension + Insurance for Organised Sector Employees,,,,,,,,,,,All,18,,,"[""General"",""OBC"",""SC"",""ST""]",Both,Ongoing,Active,https://www.epfindia.gov.in/,"[""epf"",""epfo"",""provident fund"",""uan"",""pension"",""social security""]",0,,2026-08-17T06:48:10.992682,2026-08-17T06:48:10.992685
bfee060f-5349-41fa-89c8-651aa3982989,Varishtha Pension Bima Yojana - Detailed,Ministry of Finance / LIC,"Varishtha Pension Bima Yojana is a pension scheme for senior citizens that provides a guaranteed pension at a fixed rate for a specified period, offering financial security in old age through LIC.",Finance,Scheme,Central,"[""Guaranteed pension at a fixed rate for senior citizens"",""Lump sum investment option with regular pension payouts"",""Financial security in old age"",""Implemented through LIC"",""Tax benefits as applicable under the Income Tax Act""]","[""Senior citizens aged 60 years and above"",""As per the specific terms of the notified tranche"",""Who is NOT eligible: Persons below 60 years""]","[""Aadhaar Card"",""Age proof"",""Bank Account details"",""KYC documents for LIC policy""]",,Guaranteed Pension Scheme for Senior Citizens (via LIC),,,,,,,,,,,All,60,,,"[""General"",""OBC"",""SC"",""ST""]",Both,As per notified tranches,Active,https://licindia.in/ or LIC branches,"[""varishtha pension"",""senior citizen"",""pension"",""lic"",""guaranteed pension""]",0,,2026-08-17T06:48:10.992709,2026-08-17T06:48:10.992710
5353d260-9466-4ef9-9725-949d4199bf8c,National Career Service (NCS) Project / Model Career Centres - Detailed,Ministry of Labour and Employment,"National Career Service is a digital platform that provides a wide range of employment and career-related services including job matching, career counselling, information on skill development and access to Model Career Centres across the country.",Education,Scheme,Central,"[""Online job matching and vacancy information"",""Career counselling and guidance services"",""Information on skill development and training opportunities"",""Access to Model Career Centres for counselling and placement support"",""Registration for job seekers, employers and training providers""]","[""Job seekers, employers, training providers and counsellors"",""Open registration on the NCS portal"",""Who is NOT eligible: None for basic registration and information services""]","[""Aadhaar Card for registration"",""Educational and experience details for job matching""]",,"Digital Job Matching, Career Counselling & Model Career Centres",,,,,,,,,,,All,18,,,"[""General"",""OBC"",""SC"",""ST""]",Both,Ongoing,Active,https://www.ncs.gov.in/,"[""ncs"",""national career service"",""job matching"",""career counselling"",""employment""]",0,,2026-08-17T06:48:10.992784,2026-08-17T06:48:10.992787
dd766bf2-d397-45a1-b6c3-d99d5901057d,Pradhan Mantri Rojgar Protsahan Yojana (PMRPY) - Detailed,Ministry of Labour and Employment,"PMRPY incentivises employers to generate new employment by providing the employer's contribution to EPF for new employees for a specified period, thereby promoting formalisation of the workforce and job creation.",Business,Subsidy,Central,"[""Government pays employer's EPF contribution for new employees for a defined period"",""Encourages employers to hire more workers on formal rolls"",""Promotes formalisation of employment"",""Support for new job creation in the organised sector"",""Benefit linked to UAN and EPFO records""]","[""Establishments registered with EPFO hiring new employees meeting the scheme criteria"",""New employees with UAN and below the prescribed wage threshold in many phases"",""Who is NOT eligible: Existing employees and establishments not meeting the scheme conditions""]","[""EPFO registration"",""UAN of new employees"",""Wage and employment records""]",,EPF Employer Contribution Support for New Employment Generation,,,,,,,100.0,,true,false,All,18,,,"[""General"",""OBC"",""SC"",""ST""]",Both,As per scheme phase / notification,Active,https://www.epfindia.gov.in/ or PMRPY related EPFO portal,"[""pmrpy"",""employment generation"",""epf subsidy"",""formalisation"",""job creation""]",0,,2026-08-17T06:48:10.992831,2026-08-17T06:48:10.992833
3abd80fc-379d-4061-8d3a-4e235814ba53,Atal Beemit Vyakti Kalyan Yojana - Detailed,Ministry of Labour and Employment / ESIC,"Atal Beemit Vyakti Kalyan Yojana provides unemployment allowance to insured persons under ESI who have become unemployed, offering temporary financial support during the period of unemployment.",Social Welfare,Scheme,Central,"[""Unemployment allowance for a limited period to ESI insured persons who lose employment"",""Financial support during job search"",""Linked to ESI contribution history"",""Encourages formal sector participation by providing a safety net""]","[""ESI insured persons who have become unemployed and meet contribution and other conditions"",""Who is NOT eligible: Persons not covered under ESI or not meeting the unemployment and contribution criteria""]","[""ESI Pehchan card / insurance number"",""Aadhaar Card"",""Proof of unemployment / relief from employment"",""Bank Account details""]",,Unemployment Allowance for ESI Insured Persons,,,,,,,,,,,All,18,,,"[""General"",""OBC"",""SC"",""ST""]",Both,Ongoing,Active,https://www.esic.gov.in/,"[""atal beemit vyakti kalyan"",""unemployment allowance"",""esi"",""social security""]",0,,2026-08-17T06:48:10.992853,2026-08-17T06:48:10.992855
79b8520c-2ac5-43e6-8dae-24a59884d7cf,Production Linked Incentive Scheme for Food Processing Industry (PLISFPI) - Detailed,Ministry of Food Processing Industries,"PLISFPI provides financial incentives to food processing companies based on incremental sales and investment to boost domestic manufacturing, increase processing capacity, create employment and enhance exports in the food processing sector.",Business,Subsidy,Central,"[""Incentive on incremental sales in eligible food processing segments"",""Support for large-scale food processing capacity creation"",""Employment generation and value addition in agriculture"",""Boost to exports of processed food products"",""Coverage of specific product segments as notified""]","[""Companies and partnerships meeting investment, sales and other eligibility criteria under PLISFPI"",""Who is NOT eligible: Entities not meeting the notified thresholds and conditions""]","[""Company incorporation documents"",""Investment and sales related proofs"",""Application as per MoFPI PLI guidelines""]",,Incentives on Incremental Sales for Food Processing Companies,,,,,,,,,true,false,All,,,,"[""General"",""OBC"",""SC"",""ST""]",Both,As per scheme window,Active,https://www.mofpi.gov.in/ or Invest India PLI portals,"[""pli"",""food processing"",""plisfpi"",""manufacturing"",""exports""]",0,,2026-08-17T06:48:10.992870,2026-08-17T06:48:10.992871
97b9566c-fac3-4ba1-b536-597480acbaec,Operation Greens - Detailed,Ministry of Food Processing Industries,"Operation Greens aims to stabilise the supply and prices of tomato, onion and potato (TOP) and later expanded to other perishable crops by supporting integrated value chains, storage, processing and market interventions.",Agriculture,Scheme,Central,"[""Support for integrated value chain development for TOP and other perishables"",""Assistance for storage, processing and logistics infrastructure"",""Price stabilisation interventions"",""Reduction of post-harvest losses"",""Better price realisation for farmers and availability for consumers""]","[""FPOs, cooperatives, companies and other eligible entities in the TOP and notified crop value chains"",""Who is NOT eligible: Activities outside the notified crop and component guidelines""]","[""Project report"",""Entity registration documents"",""Bank Account and financials""]",,"Value Chain & Price Stabilisation Support for Tomato, Onion, Potato & Perishables",,,,,,,,,,,All,18,,,"[""General"",""OBC"",""SC"",""ST""]",Both,Ongoing,Active,https://www.mofpi.gov.in/,"[""operation greens"",""top"",""tomato onion potato"",""value chain"",""price stabilisation""]",0,,2026-08-17T06:48:10.992885,2026-08-17T06:48:10.992886
431336db-dc8f-483f-b00f-ba9dad755a78,National Tuberculosis Elimination Programme (NTEP) - Detailed,Ministry of Health and Family Welfare,"National Tuberculosis Elimination Programme (formerly RNTCP) aims to eliminate tuberculosis in India through early diagnosis, free treatment with high-quality drugs, patient support, and active case finding. It provides free diagnostics and medicines under the National TB Elimination framework.",Healthcare,Scheme,Central,"[""Free diagnosis of TB including molecular tests"",""Free anti-TB drugs under Directly Observed Treatment"",""Nutritional support (Nikshay Poshan Yojana) for TB patients"",""Active case finding and contact tracing"",""Patient support and counselling services""]","[""Any person with symptoms or diagnosis of tuberculosis"",""No income restriction for free diagnosis and treatment"",""Who is NOT eligible: None for core public TB services""]","[""Aadhaar preferred for Nikshay registration"",""Medical records / prescription""]",,"Free TB Diagnosis, Treatment & Nutritional Support",,,,,,,,,,,All,,,,"[""General"",""OBC"",""SC"",""ST""]",Both,Ongoing,Active,https://tbcindia.gov.in/ or nearest TB unit / health facility,"[""ntep"",""tuberculosis"",""tb"",""nikshay"",""free treatment"",""public health""]",0,,2026-08-17T06:48:36.289430,2026-08-17T06:48:36.289444
b27037a6-9433-44ff-9c03-0b95c33db7d5,National Vector Borne Disease Control Programme (NVBDCP) - Detailed,Ministry of Health and Family Welfare,"NVBDCP is the umbrella programme for prevention and control of vector-borne diseases including malaria, dengue, chikungunya, Japanese encephalitis, kala-azar and lymphatic filariasis through surveillance, vector control, diagnosis and treatment.",Healthcare,Scheme,Central,"[""Free diagnosis and treatment of malaria and other vector-borne diseases"",""Vector control measures including insecticide-treated nets and indoor residual spray in endemic areas"",""Surveillance and outbreak response"",""Prevention of Japanese encephalitis, dengue, chikungunya and kala-azar"",""Community awareness and capacity building""]","[""All residents in endemic and non-endemic areas for prevention and treatment services"",""Who is NOT eligible: None for core public health services""]","[""Usually none for diagnosis and treatment at public facilities""]",,"Prevention & Free Treatment of Malaria, Dengue, JE & Other Vector-Borne Diseases",,,,,,,,,,,All,,,,"[""General"",""OBC"",""SC"",""ST""]",Both,Ongoing,Active,https://nvbdcp.gov.in/ or local health facilities,"[""nvbdcp"",""malaria"",""dengue"",""vector borne"",""japanese encephalitis"",""kala azar""]",0,,2026-08-17T06:48:36.289469,2026-08-17T06:48:36.289471
a59414ec-8666-4071-87ba-3e2db17dc891,Pradhan Mantri Kisan Samman Nidhi (PM-KISAN) - Comprehensive,Ministry of Agriculture and Farmers Welfare,"PM-KISAN provides income support of Rs 6,000 per year to all landholding farmer families across the country in three equal instalments of Rs 2,000 each, transferred directly into the bank accounts of beneficiaries through Direct Benefit Transfer.",Agriculture,Scheme,Central,"[""Income support of Rs 6,000 per year per eligible farmer family"",""Three equal instalments of Rs 2,000 each"",""Direct Benefit Transfer to bank accounts"",""Support for input needs and household expenses of farmers"",""Coverage of all landholding farmer families subject to exclusion criteria""]","[""All landholding farmer families with cultivable land"",""Exclusions apply for institutional landholders, higher-income professionals and certain categories as notified"",""Who is NOT eligible: Non-landholding farmers, institutional holders and excluded high-income categories""]","[""Aadhaar Card"",""Land records"",""Bank Account details (Aadhaar seeded preferred)"",""Citizenship and other declaration as required""]",6000,"Rs 6,000 per Year Income Support for Landholding Farmer Families",,,,,,,,,,,All,18,,,"[""General"",""OBC"",""SC"",""ST""]",Rural,Ongoing,Active,https://pmkisan.gov.in/,"[""pm-kisan"",""pm kisan"",""income support"",""farmer"",""dbt"",""6000""]",0,,2026-08-17T06:50:31.643042,2026-08-17T06:50:31.643063
f338c693-8990-4542-a9f0-759dcd7fee62,Pradhan Mantri Fasal Bima Yojana (PMFBY) - Comprehensive,Ministry of Agriculture and Farmers Welfare,PMFBY provides comprehensive crop insurance coverage against non-preventable natural risks from pre-sowing to post-harvest for notified crops in notified areas. It aims to provide financial support to farmers suffering crop loss and encourage adoption of modern agricultural practices.,Agriculture,Scheme,Central,"[""Insurance cover for crop loss due to natural calamities, pests and diseases"",""Low farmer premium rates (typically 1.5% to 5% depending on crop)"",""Coverage from pre-sowing to post-harvest for notified crops"",""Timely claim settlement support"",""Encourages use of technology and modern farming practices""]","[""Farmers growing notified crops in notified areas (loanee farmers compulsory in many states; non-loanee optional)"",""Who is NOT eligible: Crops and areas not notified under the scheme for the season""]","[""Aadhaar Card"",""Land records / sowing certificate"",""Bank Account details"",""Loan documents if loanee farmer""]",,Crop Insurance against Natural Risks at Low Premium,,,,,,,,,,,All,18,,,"[""General"",""OBC"",""SC"",""ST""]",Rural,As per seasonal cut-off dates,Active,https://pmfby.gov.in/ or through banks / CSCs / insurance intermediaries,"[""pmfby"",""crop insurance"",""fasal bima"",""farmer"",""risk cover""]",0,,2026-08-17T06:50:31.643123,2026-08-17T06:50:31.643126
ea0c429b-23f0-4bec-8fe6-51bba596420d,Kisan Credit Card (KCC) Scheme - Comprehensive,Ministry of Agriculture and Farmers Welfare / Ministry of Finance,"Kisan Credit Card provides farmers with timely and adequate credit for crop production, post-harvest expenses, working capital for animal husbandry and fisheries, and consumption needs through a flexible revolving credit facility.",Agriculture,Loan,Central,"[""Revolving credit facility for crop production and allied activities"",""Interest subvention benefits on short-term crop loans in many cases"",""Flexible withdrawal and repayment linked to crop cycle"",""Coverage for crop production, post-harvest, animal husbandry and fisheries working capital"",""Personal accident insurance cover linked in many implementations""]","[""Farmers (individual/joint), tenant farmers, oral lessees, sharecroppers, SHGs and JLGs of farmers"",""Who is NOT eligible: Non-farmers for the core KCC crop loan product""]","[""Aadhaar Card"",""Land records / cultivation proof"",""Identity and address proof"",""Bank Account details""]",300000,Flexible Credit Card for Crop Production & Allied Activities,7.0,12,false,0,3.0,"[""Commercial Banks"",""RRBs"",""Cooperative Banks""]",,,,,All,18,,,"[""General"",""OBC"",""SC"",""ST""]",Rural,Ongoing,Active,Through banks / cooperative societies or https://www.nabard.org/,"[""kcc"",""kisan credit card"",""crop loan"",""farmer credit"",""interest subvention""]",0,,2026-08-17T06:50:31.643175,2026-08-17T06:50:31.643177
2c2d4a63-cbab-4fa4-b0b5-b1a36dc0a46a,National Ayush Mission (NAM) - Comprehensive,Ministry of Ayush,"National Ayush Mission promotes the AYUSH systems of medicine (Ayurveda, Yoga & Naturopathy, Unani, Siddha and Homoeopathy) through strengthening of educational institutions, quality control of drugs, medicinal plants cultivation and delivery of AYUSH services.",Healthcare,Scheme,Central,"[""Strengthening of AYUSH educational and healthcare institutions"",""Support for quality control of AYUSH drugs"",""Promotion of medicinal plants cultivation"",""Integration of AYUSH services in public health facilities"",""Increased access to AYUSH treatment options""]","[""State AYUSH departments, educational institutions, drug testing laboratories and medicinal plant stakeholders"",""Citizens benefit through expanded AYUSH services"",""Who is NOT eligible: Not a direct individual cash transfer scheme""]","[""As applicable for implementing institutions and state proposals""]",,"Promotion & Strengthening of Ayurveda, Yoga, Unani, Siddha & Homoeopathy",,,,,,,,,,,All,,,,"[""General"",""OBC"",""SC"",""ST""]",Both,Ongoing,Active,https://namayush.gov.in/ or state AYUSH departments,"[""national ayush mission"",""ayush"",""ayurveda"",""yoga"",""homoeopathy"",""medicinal plants""]",0,,2026-08-17T06:50:31.643250,2026-08-17T06:50:31.643252
f2b79edd-e792-4600-a186-16222a625430,Janani Suraksha Yojana (JSY) - Comprehensive,Ministry of Health and Family Welfare,"Janani Suraksha Yojana is a safe motherhood intervention under NHM that promotes institutional delivery among pregnant women, especially from poor families, by providing cash assistance and support for delivery and post-delivery care.",Healthcare,Scheme,Central,"[""Cash assistance for institutional delivery to eligible pregnant women"",""Support for transport and delivery related expenses in many states"",""Higher assistance in low-performing states and for rural / BPL / SC-ST women"",""Promotion of antenatal care and institutional delivery"",""Reduction in maternal and neonatal mortality""]","[""Pregnant women belonging to BPL / SC / ST categories and as per state-specific guidelines (especially in LPS and HPS states)"",""Who is NOT eligible: Women not meeting the economic or category criteria in high-performing states for full cash benefit""]","[""Aadhaar Card"",""BPL / ration card or category certificate where required"",""MCP card / antenatal records"",""Bank Account details""]",2000,Cash Assistance for Institutional Delivery for Eligible Pregnant Women,,,,,,,,,,,Female,15,49,,"[""General"",""OBC"",""SC"",""ST""]",Both,Ongoing,Active,https://nhm.gov.in/ or local health facilities / ASHA,"[""jsy"",""janani suraksha"",""institutional delivery"",""maternal health"",""cash assistance""]",0,,2026-08-17T06:50:31.643280,2026-08-17T06:50:31.643282
b38ac54c-d421-47c5-b4cc-0ff072ec5386,Mission Indradhanush / Intensified Mission Indradhanush - Comprehensive,Ministry of Health and Family Welfare,"Mission Indradhanush is an intensified immunization drive to cover all children and pregnant women who are partially vaccinated or unvaccinated against vaccine-preventable diseases under the Universal Immunization Programme, with special focus on low coverage areas and left-out populations.",Healthcare,Scheme,Central,"[""Catch-up vaccination for left-out and drop-out children and pregnant women"",""Focus on hard-to-reach and low coverage areas"",""Protection against multiple vaccine-preventable diseases"",""Strengthening of routine immunization systems"",""Contribution to reduction in child mortality and morbidity""]","[""Children up to 2 years (and beyond in some drives) and pregnant women who are unvaccinated or partially vaccinated"",""Who is NOT eligible: Fully vaccinated individuals for the catch-up doses""]","[""MCP card / immunization card preferred"",""Aadhaar in many states for tracking""]",,Intensified Catch-up Immunization for Children & Pregnant Women,,,,,,,,,,,All,0,5,,"[""General"",""OBC"",""SC"",""ST""]",Both,Ongoing (periodic intensified drives),Active,https://nhm.gov.in/ or local health facilities / Anganwadi / ASHA,"[""mission indradhanush"",""immunization"",""vaccination"",""uie"",""child health""]",0,,2026-08-17T06:50:31.643302,2026-08-17T06:50:31.643303
a1242f28-1487-40bb-ba52-0fb63e415107,Maternity Benefit Programme / Pradhan Mantri Matru Vandana Yojana Linked Support - Detailed,Ministry of Women and Child Development,"Maternity Benefit related programmes including PMMVY provide cash incentives to pregnant and lactating women for the first living child to partially compensate wage loss and encourage health-seeking behaviour, institutional delivery and immunisation.",Healthcare,Scheme,Central,"[""Cash incentive for pregnant and lactating women (typically Rs 5,000 under PMMVY in instalments)"",""Partial wage loss compensation"",""Promotion of antenatal care, institutional delivery and immunisation"",""Improved health and nutrition outcomes for mother and child"",""Direct Benefit Transfer to bank accounts""]","[""Pregnant and lactating women for the first living child (as per PMMVY guidelines)"",""Age and other conditions as notified"",""Who is NOT eligible: Women for second or subsequent living child under the core PMMVY window in standard rules""]","[""Aadhaar Card"",""MCP card / pregnancy registration"",""Bank Account details"",""Identity and address proof""]",5000,Cash Incentive for Pregnant & Lactating Women (First Living Child),,,,,,,,,,,Female,18,50,,"[""General"",""OBC"",""SC"",""ST""]",Both,Ongoing,Active,https://pmmvy.nic.in/ or Anganwadi / health facilities,"[""pmmvy"",""maternity benefit"",""pregnant women"",""lactating"",""cash incentive""]",0,,2026-08-17T06:50:31.643392,2026-08-17T06:50:31.643395
e0cf00de-319d-4dcd-b936-f62e3c415433,National Creche Scheme - Detailed,Ministry of Women and Child Development,"National Creche Scheme provides day-care facilities for children (6 months to 6 years) of working mothers, including nutrition, sleeping facilities, health checks, immunisation and early stimulation / preschool education support.",Social Welfare,Scheme,Central,"[""Day-care facilities for children of working mothers"",""Nutrition, health check-ups and immunisation support"",""Early childhood care and preschool education components"",""Safe environment enabling women to work"",""Support for both organised and unorganised sector working mothers in many implementations""]","[""Children aged 6 months to 6 years of working mothers"",""Creches run by implementing agencies as per scheme guidelines"",""Who is NOT eligible: Children outside the age group or not of working mothers for the core service""]","[""Aadhaar of mother and child preferred"",""Proof of employment of mother in many cases"",""Age proof of child""]",,"Day-Care, Nutrition & Early Childhood Support for Children of Working Mothers",,,,,,,,,,,All,0,6,,"[""General"",""OBC"",""SC"",""ST""]",Both,Ongoing,Active,https://wcd.nic.in/ or state women & child development departments / local creches,"[""national creche"",""day care"",""working mothers"",""early childhood"",""nutrition""]",0,,2026-08-17T06:50:31.643428,2026-08-17T06:50:31.643533
a108a0d9-4506-4d8a-abf0-f30f7c717283,Paramparagat Krishi Vikas Yojana (PKVY) - Comprehensive,Ministry of Agriculture and Farmers Welfare,"Paramparagat Krishi Vikas Yojana promotes organic farming through a cluster approach. It supports farmers in adopting organic practices, certification and marketing of organic produce to improve soil health, reduce chemical use and enhance farmer incomes.",Agriculture,Scheme,Central,"[""Support for organic farming in clusters"",""Assistance for organic inputs, certification and marketing"",""Improved soil health and reduced chemical dependence"",""Premium price potential for certified organic produce"",""Capacity building of farmers in organic practices""]","[""Farmers organised in clusters willing to adopt organic farming"",""Who is NOT eligible: Individual farmers outside the cluster approach for core PKVY benefits""]","[""Aadhaar Card"",""Land records"",""Cluster / group documents"",""Bank Account details""]",,Cluster-based Organic Farming Support & Certification,,,,,,,,,,,All,18,,,"[""General"",""OBC"",""SC"",""ST""]",Rural,Ongoing,Active,https://pgsindia-ncof.gov.in/ or state agriculture departments,"[""pkvy"",""organic farming"",""paramparagat"",""cluster"",""certification""]",0,,2026-08-17T06:50:49.845277,2026-08-17T06:50:49.845294
5a920bb0-4bdc-41c2-ba65-bc233130ebeb,Rashtriya Krishi Vikas Yojana (RKVY) - Comprehensive,Ministry of Agriculture and Farmers Welfare,Rashtriya Krishi Vikas Yojana is a flagship scheme that provides flexibility and autonomy to states to plan and implement agriculture and allied sector projects based on district and state agricultural plans to achieve higher growth and farmer incomes.,Agriculture,Scheme,Central,"[""Flexible funding for state-specific agriculture and allied sector projects"",""Support for infrastructure, production, marketing and value addition"",""Incentives for states to increase public investment in agriculture"",""Holistic development of agriculture and allied sectors"",""Focus on farmer income enhancement""]","[""State governments and implementing agencies preparing projects under RKVY guidelines"",""Farmers benefit through state-implemented interventions"",""Who is NOT eligible: Direct individual applications outside state project framework""]","[""As applicable for state project proposals""]",,Flexible State-led Agriculture & Allied Sector Development Funding,,,,,,,,,,,All,,,,"[""General"",""OBC"",""SC"",""ST""]",Rural,Ongoing,Active,https://rkvy.nic.in/ or state agriculture departments,"[""rkvy"",""rashtriya krishi vikas"",""agriculture development"",""state plans"",""farmer income""]",0,,2026-08-17T06:50:49.845323,2026-08-17T06:50:49.845324
d411f1f0-33b2-4cf4-9b46-8e8e3993cd05,Jal Jeevan Mission (Har Ghar Jal) - Comprehensive,Ministry of Jal Shakti,"Jal Jeevan Mission aims to provide Functional Household Tap Connection (FHTC) to every rural household with adequate quantity of quality water on a regular and long-term basis. It focuses on source sustainability, water quality monitoring and community participation.",Social Welfare,Scheme,Central,"[""Functional household tap connection with adequate quality water in rural areas"",""Improved health and reduction in water-borne diseases"",""Reduced drudgery for women and girls in fetching water"",""Source sustainability and grey water management support"",""Community ownership through Village Water & Sanitation Committees""]","[""All rural households as per Mission saturation approach"",""Who is NOT eligible: Urban households for the core JJM rural programme""]","[""Aadhaar preferred for household registration in many states"",""As required by local implementing agency / Gram Panchayat""]",,Functional Tap Water Connection to Every Rural Household,,,,,,,,,,,All,,,,"[""General"",""OBC"",""SC"",""ST""]",Rural,Ongoing (saturation targeted),Active,https://jaljeevanmission.gov.in/ or state JJM / PHED portals,"[""jal jeevan mission"",""har ghar jal"",""tap water"",""rural water supply"",""fhtc""]",0,,2026-08-17T06:52:22.793161,2026-08-17T06:52:22.793175
2b5416f1-3c32-4640-b8f1-6d32ae94ee45,Pradhan Mantri Gram Sadak Yojana (PMGSY) - Comprehensive,Ministry of Rural Development,"PMGSY aims to provide all-weather road connectivity to unconnected habitations in rural areas. It focuses on new connectivity and upgradation of existing rural roads to improve access to markets, education, health and economic opportunities.",Social Welfare,Scheme,Central,"[""All-weather road connectivity to eligible unconnected rural habitations"",""Upgradation of existing rural roads in many phases"",""Improved access to markets, schools, health facilities and employment"",""Support for rural economic growth and social inclusion"",""Quality construction and maintenance focus""]","[""Unconnected habitations meeting population and other criteria as per PMGSY guidelines (varying by area and phase)"",""Who is NOT eligible: Already connected habitations for new connectivity component""]","[""N/A for individual citizens; habitations selected as per programme guidelines""]",,All-Weather Rural Road Connectivity for Unconnected Habitations,,,,,,,,,,,All,,,,"[""General"",""OBC"",""SC"",""ST""]",Rural,Ongoing,Active,https://pmgsy.nic.in/ or state rural roads / PWD agencies,"[""pmgsy"",""rural roads"",""all weather connectivity"",""habitation"",""rural development""]",0,,2026-08-17T06:52:22.793239,2026-08-17T06:52:22.793242
424d5359-465d-4ff8-9a3e-352e3d364b63,Atal Mission for Rejuvenation and Urban Transformation (AMRUT) - Comprehensive,Ministry of Housing and Urban Affairs,"AMRUT focuses on providing basic civic amenities in cities including water supply, sewerage, urban transport and green spaces to improve quality of life, especially for the poor and disadvantaged, and to make cities more livable.",Housing,Scheme,Central,"[""Universal water supply coverage in mission cities"",""Sewerage and septage management improvements"",""Storm water drainage and green spaces / parks"",""Urban transport and non-motorised transport support"",""Improved livability and service levels in cities""]","[""Selected mission cities and urban local bodies"",""Citizens of these cities benefit through improved services"",""Who is NOT eligible: Cities not covered under AMRUT for the core mission components""]","[""N/A for individual citizens; ULB project proposals as per guidelines""]",,"Basic Urban Services - Water, Sewerage, Drainage & Green Spaces",,,,,,,,,,,All,,,,"[""General"",""OBC"",""SC"",""ST""]",Urban,Ongoing (AMRUT 2.0 phase),Active,https://mohua.gov.in/ or state urban development / AMRUT portals,"[""amrut"",""urban water supply"",""sewerage"",""urban transformation"",""livability""]",0,,2026-08-17T06:52:22.793264,2026-08-17T06:52:22.793265
baa6ac62-6b71-452c-b817-4b305d782f84,Smart Cities Mission - Comprehensive,Ministry of Housing and Urban Affairs,"Smart Cities Mission aims to promote cities that provide core infrastructure, clean and sustainable environment and give a decent quality of life to their citizens through the application of smart solutions. It focuses on area-based development and pan-city initiatives.",Housing,Scheme,Central,"[""Area-based development (retrofitting, redevelopment, greenfield) in selected cities"",""Pan-city smart solutions for governance, mobility, energy and services"",""Improved infrastructure, mobility, safety and quality of life"",""Citizen engagement and use of technology for urban management"",""Economic growth and investment attraction in smart cities""]","[""100 selected smart cities (and related SPVs)"",""Citizens of these cities benefit from projects"",""Who is NOT eligible: Cities not selected under the Mission for core funding""]","[""N/A for individual citizens; SPV and project-level documentation""]",,Area-based & Pan-city Smart Solutions for Selected Cities,,,,,,,,,,,All,,,,"[""General"",""OBC"",""SC"",""ST""]",Urban,Ongoing,Active,https://smartcities.gov.in/,"[""smart cities"",""smart solutions"",""urban development"",""area based development"",""technology""]",0,,2026-08-17T06:52:22.793281,2026-08-17T06:52:22.793282
1bf03a31-50b5-45bb-8e11-f3ccedbbcc60,Namami Gange / National Mission for Clean Ganga - Comprehensive,Ministry of Jal Shakti,"Namami Gange is an integrated conservation mission to accomplish effective abatement of pollution, conservation and rejuvenation of the National River Ganga through sewage treatment, riverfront development, biodiversity conservation, afforestation and public awareness.",Social Welfare,Scheme,Central,"[""Sewage treatment infrastructure and interception of drains"",""Riverfront development and ghat improvements"",""Biodiversity conservation and afforestation along Ganga"",""Industrial pollution control and monitoring"",""Public awareness and community participation for river rejuvenation""]","[""Projects in Ganga basin states implemented through NMCG and state agencies"",""Citizens benefit through cleaner river and improved environment"",""Who is NOT eligible: Not a direct individual beneficiary cash scheme""]","[""As applicable for project implementing agencies""]",,Integrated Conservation & Pollution Abatement of River Ganga,,,,,,,,,,,All,,,,"[""General"",""OBC"",""SC"",""ST""]",Both,Ongoing,Active,https://nmcg.nic.in/,"[""namami gange"",""clean ganga"",""river rejuvenation"",""sewage treatment"",""nmcg""]",0,,2026-08-17T06:52:22.793296,2026-08-17T06:52:22.793297
9f3d3d7c-76d8-493a-a637-a73db29b23c0,Accelerated Irrigation Benefits Programme (AIBP) - Detailed,Ministry of Jal Shakti,AIBP provides central assistance to states for early completion of incomplete major and medium irrigation projects and for surface minor irrigation schemes so that benefits of irrigation potential created can be realised faster.,Agriculture,Scheme,Central,"[""Central assistance for completion of incomplete irrigation projects"",""Faster creation and utilisation of irrigation potential"",""Support for major, medium and surface minor irrigation schemes"",""Improved agricultural productivity in command areas"",""Focus on prioritised and delayed projects""]","[""State governments implementing eligible irrigation projects as per AIBP guidelines"",""Farmers in command areas benefit from completed projects"",""Who is NOT eligible: Projects not approved under AIBP""]","[""State project proposals and progress reports as per guidelines""]",,Central Assistance for Early Completion of Irrigation Projects,,,,,,,,,,,All,,,,"[""General"",""OBC"",""SC"",""ST""]",Rural,Ongoing,Active,https://jalshakti-dowr.gov.in/ or state irrigation departments,"[""aibp"",""irrigation projects"",""accelerated benefits"",""command area"",""water resources""]",0,,2026-08-17T06:52:22.793312,2026-08-17T06:52:22.793313
4c6ad230-630b-449c-b9f8-b0b45d6756c3,National Hydrogen Mission / Green Hydrogen Initiatives - Detailed,Ministry of New and Renewable Energy,"National Green Hydrogen Mission aims to make India a global hub for production, use and export of green hydrogen and its derivatives. It supports domestic manufacturing, demand creation, pilot projects and infrastructure for green hydrogen.",Energy,Scheme,Central,"[""Support for green hydrogen production and ecosystem development"",""Incentives for manufacturing of electrolysers and related equipment"",""Demand creation in industry, transport and other sectors"",""Pilot projects and infrastructure development"",""Contribution to energy transition and emission reduction""]","[""Companies, manufacturers and project developers meeting Mission guidelines"",""Who is NOT eligible: Entities not aligned with green hydrogen production or use criteria""]","[""As per specific incentive and project guidelines of the Mission""]",,"Green Hydrogen Production, Manufacturing & Demand Creation Support",,,,,,,,,,,All,,,,"[""General"",""OBC"",""SC"",""ST""]",Both,Ongoing,Active,https://mnre.gov.in/ or National Green Hydrogen Mission portal,"[""green hydrogen"",""national hydrogen mission"",""electrolyser"",""energy transition"",""renewable""]",0,,2026-08-17T06:52:22.793326,2026-08-17T06:52:22.793327
d9e9eec7-c1b0-4b18-a215-f27b0be662d7,Revamped Distribution Sector Scheme (RDSS) - Detailed,Ministry of Power,"RDSS aims to improve the operational efficiencies and financial sustainability of Distribution Companies (DISCOMs) by providing financial assistance for strengthening of supply infrastructure, prepaid smart metering and upgradation of distribution systems.",Energy,Scheme,Central,"[""Financial support for DISCOM infrastructure strengthening"",""Prepaid smart metering for consumers and system metering"",""Reduction in AT&C losses and improvement in reliability"",""Better consumer services and billing efficiency"",""Support for financial turnaround of distribution utilities""]","[""State-owned Distribution Companies meeting scheme conditions"",""Consumers benefit through improved supply quality and metering"",""Who is NOT eligible: Private DISCOMs in pure form for certain central assistance components""]","[""As applicable for DISCOM project proposals under RDSS""]",,"DISCOM Infrastructure, Smart Metering & Loss Reduction Support",,,,,,,,,,,All,,,,"[""General"",""OBC"",""SC"",""ST""]",Both,Ongoing,Active,https://powermin.gov.in/ or state power / DISCOM portals,"[""rdss"",""discom"",""smart metering"",""at&c losses"",""power distribution""]",0,,2026-08-17T06:52:22.793341,2026-08-17T06:52:22.793342
02d559fa-869d-49b4-b3e8-f39607e4da14,National Bioenergy Programme - Detailed,Ministry of New and Renewable Energy,"National Bioenergy Programme supports the development of bioenergy including biogas, biomass and waste-to-energy projects to promote clean energy, waste management and rural energy access while reducing dependence on fossil fuels.",Energy,Scheme,Central,"[""Support for biogas, biomass and waste-to-energy projects"",""Clean energy generation from organic waste and agricultural residue"",""Rural energy access and livelihood opportunities"",""Contribution to waste management and emission reduction"",""Central financial assistance for eligible projects""]","[""Project developers, industries, urban local bodies, entrepreneurs and community organisations for eligible bioenergy projects"",""Who is NOT eligible: Projects not meeting technical and guideline criteria""]","[""Project report"",""Land / site documents"",""Technical and financial details as per MNRE guidelines""]",,"Support for Biogas, Biomass & Waste-to-Energy Projects",,,,,,,,,,,All,,,,"[""General"",""OBC"",""SC"",""ST""]",Both,Ongoing,Active,https://mnre.gov.in/ or bioenergy related MNRE portals,"[""bioenergy"",""biogas"",""biomass"",""waste to energy"",""renewable""]",0,,2026-08-17T06:52:22.793355,2026-08-17T06:52:22.793356
04e1d849-0f86-43b9-ac73-e1f44164461e,Command Area Development and Water Management (CADWM) - Detailed,Ministry of Jal Shakti,"CADWM programme aims to bridge the gap between irrigation potential created and irrigation potential utilised by constructing field channels, land levelling, introducing rotational water supply and promoting participatory irrigation management in the command areas of major and medium irrigation projects.",Agriculture,Scheme,Central,"[""On-farm development works including field channels and land levelling"",""Improved utilisation of created irrigation potential"",""Participatory irrigation management through Water User Associations"",""Higher water use efficiency and agricultural productivity in command areas"",""Support for micro-irrigation in command areas in many components""]","[""Command areas of major and medium irrigation projects covered under CADWM"",""Farmers and Water User Associations in these command areas"",""Who is NOT eligible: Areas outside approved CADWM project commands""]","[""As applicable for Water User Associations and state implementing agencies""]",,On-Farm Development & Participatory Irrigation in Command Areas,,,,,,,,,,,All,18,,,"[""General"",""OBC"",""SC"",""ST""]",Rural,Ongoing,Active,https://jalshakti-dowr.gov.in/ or state irrigation / CAD departments,"[""cadwm"",""command area"",""irrigation utilisation"",""water user association"",""field channels""]",0,,2026-08-17T06:52:37.249204,2026-08-17T06:52:37.249215
27d2394b-cf40-4c4d-ad1b-851827e390a8,Pre-Matric Scholarship for SC/ST/OBC Students - Comprehensive,Ministry of Social Justice and Empowerment / Ministry of Tribal Affairs / Ministry of Education,"Pre-Matric Scholarships provide financial assistance to SC, ST and OBC students studying in classes IX and X (and in some cases lower classes for certain categories) to reduce drop-out rates and support education of students from weaker sections.",Education,Scheme,Central,"[""Financial assistance for day scholars and hostellers"",""Support for books, stationery, uniforms and other expenses in many components"",""Encouragement for continuation of school education"",""Reduction in drop-out rates among SC/ST/OBC students"",""Implemented through National Scholarship Portal in most cases""]","[""SC/ST/OBC students studying in notified classes with parental income within prescribed limits"",""Who is NOT eligible: Students whose parental income exceeds the scheme limit or who are not from the notified categories""]","[""Aadhaar Card"",""Caste Certificate"",""Income Certificate"",""School enrolment and mark sheets"",""Bank Account details""]",3500,Financial Assistance for SC/ST/OBC Students in Classes IX-X,,,,,,,,,,,All,10,18,250000,"[""OBC"",""SC"",""ST""]",Both,As per NSP annual schedule,Active,https://scholarships.gov.in/,"[""pre matric"",""scholarship"",""sc st obc"",""school education"",""nsp""]",0,,2026-08-17T06:54:22.901786,2026-08-17T06:54:22.901847
74936286-5e01-4e71-a133-8db3f5f35ef8,Post-Matric Scholarship for SC/ST/OBC Students - Comprehensive,Ministry of Social Justice and Empowerment / Ministry of Tribal Affairs,"Post-Matric Scholarships provide financial assistance to SC, ST and OBC students pursuing studies beyond class X (including intermediate, ITI, diploma, undergraduate, postgraduate and professional courses) to enable them to complete their education.",Education,Scheme,Central,"[""Maintenance allowance for day scholars and hostellers"",""Reimbursement of compulsory non-refundable fees"",""Study tour and thesis typing charges in eligible cases"",""Support for continuing higher education of SC/ST/OBC students"",""Online application and disbursement through NSP / DBT""]","[""SC/ST/OBC students pursuing post-matriculation courses with parental income within prescribed limits"",""Who is NOT eligible: Students exceeding income limit or pursuing courses not covered""]","[""Aadhaar Card"",""Caste Certificate"",""Income Certificate"",""Previous year mark sheets and admission proof"",""Bank Account details""]",12000,Financial Assistance for SC/ST/OBC Students in Post-Matric Courses,,,,,,,,,,,All,15,35,250000,"[""OBC"",""SC"",""ST""]",Both,As per NSP annual schedule,Active,https://scholarships.gov.in/,"[""post matric"",""scholarship"",""sc st obc"",""higher education"",""nsp""]",0,,2026-08-17T06:54:22.901882,2026-08-17T06:54:22.901884
b3f08961-a307-464a-80d3-7d440e8e64db,INSPIRE Scholarship (SHE) / DST INSPIRE - Detailed,Department of Science and Technology,INSPIRE Scholarship for Higher Education (SHE) under the INSPIRE programme provides scholarships to top performers in class XII board examinations who pursue courses in natural and basic sciences at the B.Sc. / integrated M.Sc. level to attract talent to science research.,Education,Scheme,Central,"[""Scholarship of Rs 80,000 per year including mentorship grant components in many cycles"",""Support for pursuing higher education in basic and natural sciences"",""Mentorship and exposure to research environment"",""Encouragement for careers in science and research""]","[""Top 1% performers in class XII board examinations or equivalent who pursue eligible science courses"",""Age and other conditions as per DST INSPIRE guidelines"",""Who is NOT eligible: Students not in the top percentile or not pursuing notified science subjects""]","[""Class XII mark sheet"",""Aadhaar Card"",""Admission proof in eligible course"",""Bank Account details""]",80000,"Rs 80,000/year Scholarship for Top Science Students (INSPIRE SHE)",,,,,,,,,,,All,17,27,,"[""General"",""OBC"",""SC"",""ST""]",Both,As per DST INSPIRE notification,Active,https://www.online-inspire.gov.in/,"[""inspire"",""dst"",""science scholarship"",""she"",""basic sciences""]",0,,2026-08-17T06:54:22.901905,2026-08-17T06:54:22.901906
b983d5a9-51e5-4542-8318-7f62d372e295,National Fellowship for SC Students (NFSC) - Detailed,Ministry of Social Justice and Empowerment,National Fellowship for SC Students provides fellowships to Scheduled Caste students for pursuing M.Phil. and Ph.D. research in universities and institutions recognised by UGC to increase the representation of SC scholars in higher education and research.,Education,Scheme,Central,"[""Fellowship for M.Phil. and Ph.D. scholars belonging to SC category"",""Contingency grant and other allowances as per UGC norms"",""Support for research scholars from Scheduled Castes"",""Encouragement for higher education and research among SC communities""]","[""SC students admitted to M.Phil. or Ph.D. programmes in recognised institutions"",""Who is NOT eligible: Students not belonging to SC category or not pursuing research degrees""]","[""Aadhaar Card"",""SC Caste Certificate"",""Admission proof"",""Research proposal details"",""Bank Account details""]",31000,Fellowship for SC Scholars in M.Phil. / Ph.D. Programmes,,,,,,,,,,,All,22,40,,"[""SC""]",Both,As per UGC / NSP notification,Active,https://www.ugc.ac.in/ or https://scholarships.gov.in/,"[""nfsc"",""sc fellowship"",""mphil"",""phd"",""research"",""ugc""]",0,,2026-08-17T06:54:22.901923,2026-08-17T06:54:22.901924
56d13258-1843-490f-bb1b-07a6bd7c2566,National Fellowship for ST Students (NFST) - Detailed,Ministry of Tribal Affairs,National Fellowship for ST Students provides fellowships to Scheduled Tribe students for pursuing M.Phil. and Ph.D. research to increase the number of ST research scholars and promote higher education among tribal communities.,Education,Scheme,Central,"[""Fellowship for M.Phil. and Ph.D. scholars belonging to ST category"",""Contingency grant and other allowances"",""Support for research scholars from Scheduled Tribes"",""Encouragement for higher education and research among ST communities""]","[""ST students admitted to M.Phil. or Ph.D. programmes in recognised institutions"",""Who is NOT eligible: Students not belonging to ST category""]","[""Aadhaar Card"",""ST Caste Certificate"",""Admission proof"",""Research proposal details"",""Bank Account details""]",31000,Fellowship for ST Scholars in M.Phil. / Ph.D. Programmes,,,,,,,,,,,All,22,40,,"[""ST""]",Both,As per Ministry / UGC notification,Active,https://tribal.nic.in/ or https://scholarships.gov.in/,"[""nfst"",""st fellowship"",""mphil"",""phd"",""tribal"",""research""]",0,,2026-08-17T06:54:22.901938,2026-08-17T06:54:22.901939
7a265540-d7c3-4dad-86bb-2e2f1d78e49a,Top Class Education Scheme for SC Students - Comprehensive,Ministry of Social Justice and Empowerment,"The scheme provides full financial support including tuition fee, living expenses and other allowances to SC students for pursuing studies in notified institutions of excellence such as IITs, IIMs, AIIMS, NITs and other premier institutions.",Education,Scheme,Central,"[""Full tuition fee support"",""Living expenses and other allowances"",""Support for studying in premier institutions"",""Covers undergraduate and postgraduate courses in notified institutions of excellence""]","[""SC students securing admission in notified institutions of excellence"",""Family income within the prescribed limit"",""Who is NOT eligible: Students not admitted to the notified list of institutions""]","[""Aadhaar Card"",""SC Caste Certificate"",""Income Certificate"",""Admission letter from notified institution"",""Bank Account details""]",200000,Full Financial Support for SC Students in Premier Institutions,,,,,,,,,,,All,17,35,800000,"[""SC""]",Both,As per NSP / scheme notification,Active,https://scholarships.gov.in/,"[""top class education"",""sc students"",""iit iim"",""premier institutions"",""scholarship""]",0,,2026-08-17T06:54:22.901955,2026-08-17T06:54:22.901956
e8603f5d-c215-441d-8fdf-85e86ea3bda6,Free Coaching for SC and OBC Students - Detailed,Ministry of Social Justice and Empowerment,"The Free Coaching scheme provides quality coaching to students belonging to SC and OBC categories for competitive examinations for government jobs and professional courses, including civil services, engineering, medical and other entrance examinations.",Education,Scheme,Central,"[""Free coaching for competitive examinations and entrance tests"",""Stipend support in many components"",""Focus on civil services, engineering, medical and other professional courses"",""Improved representation of SC and OBC candidates in government jobs and professional education""]","[""SC and OBC students meeting income and educational criteria"",""Selection through the process prescribed by the scheme / implementing agencies"",""Who is NOT eligible: Students not belonging to SC/OBC or exceeding income limits""]","[""Aadhaar Card"",""Caste Certificate"",""Income Certificate"",""Educational certificates"",""Bank Account details""]",,Free Coaching for Competitive Exams for SC & OBC Students,,,,,,,,,,,All,17,35,800000,"[""OBC"",""SC""]",Both,As per scheme notification,Active,https://socialjustice.gov.in/ or state social justice departments,"[""free coaching"",""sc obc"",""competitive exam"",""civil services"",""entrance""]",0,,2026-08-17T06:54:22.901973,2026-08-17T06:54:22.901974
d9629040-e808-4b29-8879-35aaa5c801c1,Samagra Shiksha Abhiyan - Comprehensive,Ministry of Education,"Samagra Shiksha is an integrated scheme for school education extending from pre-school to class XII. It aims to ensure inclusive and equitable quality education, bridge social and gender gaps, and improve learning outcomes through a continuum of interventions.",Education,Scheme,Central,"[""Support for infrastructure, teachers and quality interventions from pre-school to senior secondary"",""Inclusive education for children with special needs"",""Focus on learning outcomes, digital education and vocational exposure"",""Bridging gender and social category gaps in school education"",""Integration of earlier schemes (SSA, RMSA, Teacher Education)""]","[""Government and government-aided schools and students from pre-school to class XII"",""Who is NOT eligible: Purely private unaided schools for core funding components""]","[""School and student level data as per UDISE+ and scheme guidelines""]",,Integrated School Education Support from Pre-School to Class XII,,,,,,,,,,,All,3,18,,"[""General"",""OBC"",""SC"",""ST""]",Both,Ongoing,Active,https://samagra.education.gov.in/ or state education departments,"[""samagra shiksha"",""school education"",""inclusive education"",""learning outcomes"",""ssa rmsa""]",0,,2026-08-17T06:54:22.901988,2026-08-17T06:54:22.901989
e2c0f9df-c9d1-47c7-9739-cdcf783af9a8,National Overseas Scholarship for SC/ST Students - Detailed,Ministry of Social Justice and Empowerment / Ministry of Tribal Affairs,National Overseas Scholarship provides financial assistance to selected SC and ST students for pursuing Masters and Ph.D. programmes abroad in specified fields of study to enhance their qualifications and contribute to national development.,Education,Scheme,Central,"[""Financial assistance for tuition fees, maintenance, contingency and travel for overseas Masters and Ph.D. programmes"",""Support for SC and ST students to study in reputed foreign universities"",""Coverage of specified fields of study as notified"",""Enhancement of skills and qualifications of SC/ST scholars""]","[""SC/ST students selected through the prescribed process with admission in eligible foreign institutions and income within limits"",""Who is NOT eligible: Students not belonging to SC/ST or not selected under the scheme""]","[""Aadhaar Card"",""Caste Certificate"",""Income Certificate"",""Admission offer from foreign university"",""Academic records""]",,Financial Support for SC/ST Students for Masters/Ph.D. Abroad,,,,,,,,,,,All,21,35,800000,"[""SC"",""ST""]",Both,As per annual notification,Active,https://socialjustice.gov.in/ or https://tribal.nic.in/,"[""national overseas scholarship"",""sc st"",""abroad"",""masters"",""phd""]",0,,2026-08-17T06:54:43.730370,2026-08-17T06:54:43.730396
e0d93932-5cb2-4d2e-afa0-52c8ed086ec7,Begum Hazrat Mahal National Scholarship - Detailed,Ministry of Minority Affairs,Begum Hazrat Mahal National Scholarship provides financial assistance to meritorious girl students from minority communities for higher secondary education (classes XI and XII) to encourage education of girls from minority communities and reduce drop-outs.,Education,Scheme,Central,"[""Scholarship for minority girl students in classes XI and XII"",""Support for educational expenses"",""Encouragement for continuation of education of minority girls"",""Focus on meritorious students from economically weaker sections of minority communities""]","[""Girl students from notified minority communities studying in classes XI-XII with parental income within prescribed limit and meeting merit criteria"",""Who is NOT eligible: Boys, non-minority students and those exceeding income/merit limits""]","[""Aadhaar Card"",""Minority community declaration / certificate"",""Income Certificate"",""Mark sheets"",""Bank Account details""]",5000,Scholarship for Minority Girl Students in Classes XI-XII,,,,,,,,,,,Female,15,19,200000,"[""General"",""OBC"",""SC"",""ST""]",Both,As per scheme / NSP schedule,Active,https://www.minorityaffairs.gov.in/ or https://scholarships.gov.in/,"[""begum hazrat mahal"",""minority scholarship"",""girl students"",""higher secondary""]",0,,2026-08-17T06:54:57.116714,2026-08-17T06:54:57.116727
31f6991b-9178-43cc-a60a-1c5229749711,Merit-cum-Means Scholarship for Minority Students - Detailed,Ministry of Minority Affairs,Merit-cum-Means Scholarship provides financial assistance to meritorious students from minority communities belonging to economically weaker sections to pursue professional and technical undergraduate and postgraduate courses.,Education,Scheme,Central,"[""Scholarship covering course fee and maintenance allowance"",""Support for professional and technical courses"",""Encouragement for higher education among minority communities"",""Online application and DBT through National Scholarship Portal""]","[""Students from notified minority communities with parental income not exceeding the prescribed limit and meeting merit criteria"",""Pursuing professional/technical UG or PG courses"",""Who is NOT eligible: Students exceeding income limit or not from minority communities""]","[""Aadhaar Card"",""Minority community certificate / declaration"",""Income Certificate"",""Mark sheets and admission proof"",""Bank Account details""]",30000,Scholarship for Minority Students in Professional & Technical Courses,,,,,,,,,,,All,17,32,250000,"[""General"",""OBC"",""SC"",""ST""]",Both,As per NSP schedule,Active,https://scholarships.gov.in/,"[""merit cum means"",""minority scholarship"",""professional courses"",""nsp""]",0,,2026-08-17T06:56:34.170592,2026-08-17T06:56:34.170629
10f134a1-17e5-4c08-bb25-ca2ec0c878ca,Maulana Azad National Fellowship (MANF) - Detailed,Ministry of Minority Affairs,Maulana Azad National Fellowship provides fellowships to students from minority communities for pursuing M.Phil. and Ph.D. research to increase the representation of minority scholars in higher education and research.,Education,Scheme,Central,"[""Fellowship for M.Phil. and Ph.D. scholars from minority communities"",""Contingency grant and other allowances as per UGC norms"",""Support for research scholars belonging to minority communities"",""Encouragement for higher education and research among minorities""]","[""Students from notified minority communities admitted to M.Phil. or Ph.D. programmes"",""Who is NOT eligible: Students not belonging to minority communities""]","[""Aadhaar Card"",""Minority community certificate"",""Admission proof"",""Research proposal details"",""Bank Account details""]",31000,Fellowship for Minority Scholars in M.Phil. / Ph.D. Programmes,,,,,,,,,,,All,22,40,,"[""General"",""OBC"",""SC"",""ST""]",Both,As per UGC / scheme notification,Active,https://www.ugc.ac.in/ or https://scholarships.gov.in/,"[""manf"",""maulana azad fellowship"",""minority"",""mphil"",""phd""]",0,,2026-08-17T06:56:34.170682,2026-08-17T06:56:34.170684
fbfa8406-9087-4a72-a0da-d6f7d074234b,Padho Pardesh (Interest Subsidy on Educational Loans for Overseas Studies) - Detailed,Ministry of Minority Affairs,"Padho Pardesh provides interest subsidy on educational loans taken by students from minority communities for overseas studies at Masters, M.Phil. and Ph.D. levels to promote higher education abroad among minorities.",Education,Subsidy,Central,"[""Interest subsidy on education loans for overseas studies"",""Support during the moratorium period of the loan"",""Encouragement for minority students to pursue higher education abroad"",""Coverage for Masters, M.Phil. and Ph.D. programmes""]","[""Students from notified minority communities with parental income within limits who have availed education loan from scheduled banks for overseas studies"",""Who is NOT eligible: Students not from minority communities or exceeding income limits""]","[""Aadhaar Card"",""Minority certificate"",""Income Certificate"",""Loan sanction letter"",""Admission proof from foreign institution""]",,Interest Subsidy on Overseas Education Loans for Minority Students,,,,,,,100.0,,true,false,All,18,35,600000,"[""General"",""OBC"",""SC"",""ST""]",Both,Ongoing,Active,https://www.minorityaffairs.gov.in/ or through banks,"[""padho pardesh"",""interest subsidy"",""overseas education"",""minority"",""education loan""]",0,,2026-08-17T06:56:34.170712,2026-08-17T06:56:34.170713
e70f09b0-3345-4fe7-80d2-597037aa39e8,Naya Savera (Free Coaching and Allied Scheme for Minorities) - Detailed,Ministry of Minority Affairs,"Naya Savera provides free coaching to students from minority communities for competitive examinations for government jobs and professional courses including civil services, banking, engineering, medical and other entrance examinations.",Education,Scheme,Central,"[""Free coaching for competitive examinations and entrance tests"",""Stipend support in many components"",""Focus on civil services, banking, engineering, medical and other professional courses"",""Improved representation of minority candidates in government jobs and professional education""]","[""Students from notified minority communities meeting income and educational criteria"",""Selection through the process prescribed by the scheme"",""Who is NOT eligible: Students not belonging to minority communities or exceeding income limits""]","[""Aadhaar Card"",""Minority certificate"",""Income Certificate"",""Educational certificates"",""Bank Account details""]",,Free Coaching for Competitive Exams for Minority Students,,,,,,,,,,,All,17,35,600000,"[""General"",""OBC"",""SC"",""ST""]",Both,As per scheme notification,Active,https://www.minorityaffairs.gov.in/,"[""naya savera"",""free coaching"",""minority"",""competitive exam"",""civil services""]",0,,2026-08-17T06:56:34.170730,2026-08-17T06:56:34.170730
a797a1e8-5fca-4e22-b87b-d256a1bc0035,Seekho aur Kamao (Learn and Earn) - Detailed,Ministry of Minority Affairs,Seekho aur Kamao is a skill development scheme for minority youth that aims to upgrade their skills in various modern and traditional trades to enhance their employability and livelihood opportunities.,Education,Scheme,Central,"[""Skill training in modern and traditional trades"",""Placement and self-employment support"",""Stipend during training in many components"",""Improved employability of minority youth"",""Focus on both wage employment and entrepreneurship""]","[""Youth from notified minority communities in the eligible age group"",""Who is NOT eligible: Persons not belonging to minority communities""]","[""Aadhaar Card"",""Minority certificate"",""Age and educational certificates"",""Bank Account details""]",,Skill Training & Livelihood Support for Minority Youth,,,,,,,,,,,All,14,45,,"[""General"",""OBC"",""SC"",""ST""]",Both,Ongoing,Active,https://www.minorityaffairs.gov.in/ or state minority welfare departments,"[""seekho aur kamao"",""skill development"",""minority youth"",""learn and earn"",""livelihood""]",0,,2026-08-17T06:56:34.170768,2026-08-17T06:56:34.170770
5df4f973-85e6-4410-b903-4d3ca2bdabf2,Nai Roshni (Leadership Development of Minority Women) - Detailed,Ministry of Minority Affairs,"Nai Roshni aims to empower and instil confidence among minority women by providing knowledge, tools and techniques for interacting with government systems, banks and other institutions, and for leadership development.",Social Welfare,Scheme,Central,"[""Leadership development training for minority women"",""Awareness on government schemes, health, education and financial literacy"",""Empowerment to interact with institutions and access entitlements"",""Support for confidence building and community leadership"",""Training through empanelled organisations""]","[""Women from notified minority communities in the target age group"",""Who is NOT eligible: Men and non-minority women for the core programme""]","[""Aadhaar Card"",""Minority community certificate"",""As required by training organisation""]",,Leadership Development & Empowerment Training for Minority Women,,,,,,,,,,,Female,18,65,,"[""General"",""OBC"",""SC"",""ST""]",Both,Ongoing,Active,https://www.minorityaffairs.gov.in/,"[""nai roshni"",""minority women"",""leadership"",""empowerment"",""training""]",0,,2026-08-17T06:56:34.170812,2026-08-17T06:56:34.170814
8d00d45d-7bc7-4946-9ebc-68917acfc7f2,Pradhan Mantri Jan Vikas Karyakram (PMJVK) - Detailed,Ministry of Minority Affairs,"PMJVK (earlier Multi-sectoral Development Programme) aims to improve the socio-economic conditions of minorities in identified minority concentration areas through infrastructure development in education, health, skill and other critical sectors.",Social Welfare,Scheme,Central,"[""Infrastructure development in education, health, skill and civic amenities in minority concentration areas"",""Support for schools, hostels, health centres, ITIs and other community assets"",""Improved access to basic services for minority communities"",""Area development approach in identified blocks and towns""]","[""Projects in identified Minority Concentration Areas / Blocks / Towns"",""Residents of these areas benefit from infrastructure"",""Who is NOT eligible: Areas not notified under PMJVK""]","[""As applicable for state / implementing agency project proposals""]",,Infrastructure Development in Minority Concentration Areas,,,,,,,,,,,All,,,,"[""General"",""OBC"",""SC"",""ST""]",Both,Ongoing,Active,https://www.minorityaffairs.gov.in/,"[""pmjvk"",""minority concentration"",""infrastructure"",""area development"",""msdp""]",0,,2026-08-17T06:56:34.170830,2026-08-17T06:56:34.170831
33640654-0820-49cd-9b40-1a64939513a7,Eklavya Model Residential Schools (EMRS) - Detailed,Ministry of Tribal Affairs,"Eklavya Model Residential Schools provide quality education to Scheduled Tribe students from class VI to XII in residential schools located in tribal areas, with a focus on academic excellence, holistic development and preservation of tribal culture.",Education,Scheme,Central,"[""Quality residential education for ST students from class VI to XII"",""Free education, boarding and lodging"",""Focus on academic excellence, sports and cultural activities"",""Infrastructure and teaching standards comparable to quality residential schools"",""Promotion of higher education and career opportunities for tribal students""]","[""ST students in the eligible age and class groups, with preference for students from the local tribal area in many cases"",""Who is NOT eligible: Non-ST students for the core EMRS admission""]","[""Aadhaar Card"",""ST Caste Certificate"",""Age and educational certificates"",""As required by the EMRS admission process""]",,Quality Residential School Education for ST Students (Class VI-XII),,,,,,,,,,,All,10,18,,"[""ST""]",Rural,As per annual admission cycle,Active,https://emrs.tribal.gov.in/ or state tribal welfare departments,"[""emrs"",""eklavya"",""residential school"",""st students"",""tribal education""]",0,,2026-08-17T06:56:34.170867,2026-08-17T06:56:34.170869
4edf7715-c3ff-4b17-9f32-a61bb6d4659b,Development of Particularly Vulnerable Tribal Groups (PVTG) - Detailed,Ministry of Tribal Affairs,"The scheme for Development of Particularly Vulnerable Tribal Groups focuses on the conservation of culture, improvement of education, health, livelihood and infrastructure for the most vulnerable tribal communities identified as PVTGs.",Social Welfare,Scheme,Central,"[""Conservation of culture and traditional practices of PVTGs"",""Support for education, health and nutrition"",""Livelihood and skill development interventions"",""Infrastructure development in PVTG habitations"",""Holistic development with a focus on the most vulnerable tribal groups""]","[""Particularly Vulnerable Tribal Groups as notified by the Government of India"",""Implementing agencies in states with PVTG populations"",""Who is NOT eligible: Non-PVTG communities for the core PVTG-specific components""]","[""As applicable for state implementing agencies and community-level interventions""]",,Holistic Development Support for Particularly Vulnerable Tribal Groups,,,,,,,,,,,All,,,,"[""ST""]",Rural,Ongoing,Active,https://tribal.nic.in/ or state tribal welfare departments,"[""pvtg"",""particularly vulnerable tribal groups"",""tribal development"",""culture conservation""]",0,,2026-08-17T06:56:34.170909,2026-08-17T06:56:34.170912
ad98cb94-054a-4423-9c45-70a2032cfd8a,Special Central Assistance to Tribal Sub-Scheme (SCA to TSS) - Detailed,Ministry of Tribal Affairs,"Special Central Assistance to Tribal Sub-Scheme provides additive support to state Tribal Sub-Plans for family-oriented income generation activities, infrastructure development and skill development in tribal areas to bridge development gaps.",Social Welfare,Scheme,Central,"[""Support for family-oriented income generation activities for tribal families"",""Infrastructure development in tribal areas"",""Skill development and livelihood promotion"",""Additive funding to state Tribal Sub-Plans"",""Focus on gap filling in critical sectors""]","[""Tribal families and areas covered under state Tribal Sub-Plans"",""Projects approved under SCA to TSS guidelines"",""Who is NOT eligible: Non-tribal areas and activities outside the approved framework""]","[""As applicable for state project proposals and individual / group beneficiaries""]",,"Additive Support for Tribal Income Generation, Infrastructure & Skills",,,,,,,,,,,All,18,,,"[""ST""]",Rural,Ongoing,Active,https://tribal.nic.in/ or state tribal welfare departments,"[""sca to tss"",""tribal sub scheme"",""income generation"",""tribal infrastructure"",""skill""]",0,,2026-08-17T06:56:34.170932,2026-08-17T06:56:34.170933
